[2026-05-18 14:00:13] INFO - ingestion - i have some trouble with logger
[2026-05-18 14:56:35] INFO - ingestion - Processing via API: nghi_dinh-168-2024-nd-cp_0909155830.pdf
[2026-05-18 14:56:35] ERROR - ingestion - Unexpected error processing nghi_dinh-168-2024-nd-cp_0909155830.pdf: General.partition() takes 1 positional argument but 2 were given
[2026-05-18 14:58:19] INFO - ingestion - Processing via API: nghi_dinh-168-2024-nd-cp_0909155830.pdf
[2026-05-18 14:58:19] ERROR - ingestion - Unexpected error processing nghi_dinh-168-2024-nd-cp_0909155830.pdf: 'PartitionParameters' object has no attribute 'partition_parameters'
[2026-05-18 15:11:57] INFO - ingestion - Processing via API: nghi_dinh-168-2024-nd-cp_0909155830.pdf
[2026-05-18 15:11:58] ERROR - ingestion - Unexpected error processing nghi_dinh-168-2024-nd-cp_0909155830.pdf: 'PartitionParameters' object has no attribute 'partition_parameters'
[2026-05-18 15:14:17] INFO - ingestion - Processing via API: nghi_dinh-168-2024-nd-cp_0909155830.pdf
[2026-05-18 15:14:17] ERROR - ingestion - Unexpected error processing nghi_dinh-168-2024-nd-cp_0909155830.pdf: 'PartitionParameters' object has no attribute 'partition_parameters'
[2026-05-18 15:17:02] INFO - ingestion - Processing via API: nghi_dinh-168-2024-nd-cp_0909155830.pdf
[2026-05-18 15:17:06] ERROR - ingestion - SDK Error: API error occurred: Status 401. Body: {"detail":"API key is missing, please provide an API key in the header."}
[2026-05-18 15:18:07] INFO - ingestion - Processing via API: nghi_dinh-168-2024-nd-cp_0909155830.pdf
[2026-05-18 15:18:12] ERROR - ingestion - SDK Error: API error occurred: Status 401. Body: {"detail":"API key is missing, please provide an API key in the header."}
[2026-05-18 15:18:25] INFO - ingestion - Processing via API: nghi_dinh-168-2024-nd-cp_0909155830.pdf
[2026-05-18 15:18:29] ERROR - ingestion - SDK Error: API error occurred: Status 401. Body: {"detail":"API key is missing, please provide an API key in the header."}
[2026-05-18 15:18:48] INFO - ingestion - Processing via API: nghi_dinh-168-2024-nd-cp_0909155830.pdf
[2026-05-18 15:18:52] ERROR - ingestion - SDK Error: API error occurred: Status 401. Body: {"detail":"API key is missing, please provide an API key in the header."}
[2026-05-18 15:21:02] INFO - ingestion - Processing via API: nghi_dinh-168-2024-nd-cp_0909155830.pdf
[2026-05-18 15:21:06] ERROR - ingestion - SDK Error: API error occurred: Status 401. Body: {"detail":"API key is missing, please provide an API key in the header."}
[2026-05-18 15:23:04] INFO - ingestion - Processing via API: nghi_dinh-168-2024-nd-cp_0909155830.pdf
[2026-05-18 15:24:33] INFO - ingestion - Successfully saved JSON to data\processed\nghi_dinh-168-2024-nd-cp_0909155830.pdf.json
[2026-05-18 15:55:02] INFO - ingestion - Processing via API: 168_2024_ND-CP_619502.doc
[2026-05-18 15:55:22] INFO - ingestion - Successfully saved JSON to data\raw\168_2024_ND-CP_619502.json
[2026-05-18 18:53:38] WARNING - ingestion - article_title is empty
[2026-05-18 18:53:38] WARNING - ingestion - article_number is empty
[2026-05-18 18:53:38] WARNING - ingestion - clauses are empty
[2026-05-18 18:54:48] WARNING - ingestion - article_title is empty
[2026-05-18 18:54:48] WARNING - ingestion - article_number is empty
[2026-05-18 18:54:48] WARNING - ingestion - clauses are empty
[2026-05-18 18:58:36] WARNING - ingestion - article_title is empty
[2026-05-18 18:58:36] WARNING - ingestion - article_number is empty
[2026-05-18 18:58:36] WARNING - ingestion - clauses are empty
[2026-05-18 19:01:11] INFO - ingestion - clause_number is empty
[2026-05-18 19:01:11] INFO - ingestion - clause_number is empty
[2026-05-18 19:03:16] INFO - ingestion - clause_number is empty
[2026-05-18 19:03:16] INFO - ingestion - clause_number is empty
[2026-05-18 19:05:36] INFO - ingestion - clause_number is empty
[2026-05-18 19:05:36] INFO - ingestion - clause_number is empty
[2026-05-18 19:11:39] INFO - ingestion - clause_number is empty
[2026-05-18 19:11:39] INFO - ingestion - clause_number is empty
[2026-05-18 19:14:52] INFO - ingestion - clause_number is empty
[2026-05-18 19:14:52] INFO - ingestion - clause_number is empty
[2026-05-19 15:49:45] INFO - embedding - Loadding embeding model. intfloat/multilingual-e5-small
[2026-05-19 15:50:36] INFO - embedding - Completed embedding texts 335
[2026-05-19 15:50:36] INFO - embedding - Built 335 Qdrant points.
[2026-05-19 15:50:36] INFO - vector_database - Upserted 335 points into collection 'nmk_chatbot_collection'.
[2026-05-19 21:10:48] INFO - sparse_vector - Initialized BM25: 335 docs, 1120 terms.
[2026-05-19 21:10:48] ERROR - sparse_vector - Failed to save model: [Errno 13] Permission denied: '.\\vectorstore\\bm25store'
[2026-05-19 21:11:15] INFO - sparse_vector - Initialized BM25: 335 docs, 1120 terms.
[2026-05-19 21:11:15] ERROR - sparse_vector - Failed to save model: [Errno 2] No such file or directory: '/vectorstore/bm25store'
[2026-05-19 21:14:56] INFO - sparse_vector - Initialized BM25: 335 docs, 1120 terms.
[2026-05-19 21:14:56] INFO - sparse_vector - Model saved to vectorstore\bm25store\bm25store.pkl
[2026-05-19 21:40:04] INFO - embedding - Loadding embeding model. intfloat/multilingual-e5-small
[2026-05-19 21:40:16] INFO - embedding - Completed embedding texts 1
[2026-05-19 21:40:17] INFO - sparse_vector - Model loaded from vectorstore\bm25store\bm25store.pkl
[2026-05-19 21:40:17] INFO - retrieval - Success retrieval 7 items
[2026-05-19 21:59:45] INFO - embedding - Loadding embeding model. intfloat/multilingual-e5-small
[2026-05-19 21:59:57] INFO - embedding - Completed embedding texts 1
[2026-05-19 21:59:57] INFO - sparse_vector - Model loaded from vectorstore\bm25store\bm25store.pkl
[2026-05-19 21:59:59] INFO - retrieval - Success retrieval 5 items
[2026-05-19 22:22:39] INFO - httpx - HTTP Request: GET https://api.gradio.app/pkg-version "HTTP/1.1 200 OK"
[2026-05-19 22:22:40] INFO - httpx - HTTP Request: GET http://localhost:7860/gradio_api/startup-events "HTTP/1.1 200 OK"
[2026-05-19 22:22:42] INFO - httpx - HTTP Request: HEAD http://localhost:7860/ "HTTP/1.1 200 OK"
[2026-05-19 22:22:43] INFO - httpx - HTTP Request: HEAD https://huggingface.co/api/telemetry/https%3A/api.gradio.app/gradio-launched-telemetry "HTTP/1.1 200 OK"
[2026-05-19 22:24:22] INFO - embedding - Loadding embeding model. intfloat/multilingual-e5-small
[2026-05-19 22:24:22] INFO - sentence_transformers.base.model - No device provided, using cpu
[2026-05-19 22:24:23] INFO - httpx - HTTP Request: HEAD https://huggingface.co/intfloat/multilingual-e5-small/resolve/main/modules.json "HTTP/1.1 307 Temporary Redirect"
[2026-05-19 22:24:23] INFO - httpx - HTTP Request: HEAD https://huggingface.co/api/resolve-cache/models/intfloat/multilingual-e5-small/614241f622f53c4eeff9890bdc4f31cfecc418b3/modules.json "HTTP/1.1 200 OK"
[2026-05-19 22:24:23] INFO - httpx - HTTP Request: HEAD https://huggingface.co/intfloat/multilingual-e5-small/resolve/main/config_sentence_transformers.json "HTTP/1.1 404 Not Found"
[2026-05-19 22:24:23] INFO - sentence_transformers.base.model - Loading SentenceTransformer model from intfloat/multilingual-e5-small.
[2026-05-19 22:24:24] INFO - httpx - HTTP Request: HEAD https://huggingface.co/intfloat/multilingual-e5-small/resolve/main/config_sentence_transformers.json "HTTP/1.1 404 Not Found"
[2026-05-19 22:24:24] INFO - httpx - HTTP Request: HEAD https://huggingface.co/intfloat/multilingual-e5-small/resolve/main/README.md "HTTP/1.1 307 Temporary Redirect"
[2026-05-19 22:24:24] INFO - httpx - HTTP Request: HEAD https://huggingface.co/api/resolve-cache/models/intfloat/multilingual-e5-small/614241f622f53c4eeff9890bdc4f31cfecc418b3/README.md "HTTP/1.1 200 OK"
[2026-05-19 22:24:24] INFO - httpx - HTTP Request: HEAD https://huggingface.co/intfloat/multilingual-e5-small/resolve/main/modules.json "HTTP/1.1 307 Temporary Redirect"
[2026-05-19 22:24:25] INFO - httpx - HTTP Request: HEAD https://huggingface.co/api/resolve-cache/models/intfloat/multilingual-e5-small/614241f622f53c4eeff9890bdc4f31cfecc418b3/modules.json "HTTP/1.1 200 OK"
[2026-05-19 22:24:25] INFO - httpx - HTTP Request: HEAD https://huggingface.co/intfloat/multilingual-e5-small/resolve/main/sentence_bert_config.json "HTTP/1.1 307 Temporary Redirect"
[2026-05-19 22:24:25] INFO - httpx - HTTP Request: HEAD https://huggingface.co/api/resolve-cache/models/intfloat/multilingual-e5-small/614241f622f53c4eeff9890bdc4f31cfecc418b3/sentence_bert_config.json "HTTP/1.1 200 OK"
[2026-05-19 22:24:25] INFO - httpx - HTTP Request: HEAD https://huggingface.co/intfloat/multilingual-e5-small/resolve/main/adapter_config.json "HTTP/1.1 404 Not Found"
[2026-05-19 22:24:26] INFO - httpx - HTTP Request: HEAD https://huggingface.co/intfloat/multilingual-e5-small/resolve/main/config.json "HTTP/1.1 307 Temporary Redirect"
[2026-05-19 22:24:26] INFO - httpx - HTTP Request: HEAD https://huggingface.co/api/resolve-cache/models/intfloat/multilingual-e5-small/614241f622f53c4eeff9890bdc4f31cfecc418b3/config.json "HTTP/1.1 200 OK"
[2026-05-19 22:24:26] INFO - httpx - HTTP Request: HEAD https://huggingface.co/intfloat/multilingual-e5-small/resolve/main/config.json "HTTP/1.1 307 Temporary Redirect"
[2026-05-19 22:24:26] INFO - httpx - HTTP Request: HEAD https://huggingface.co/api/resolve-cache/models/intfloat/multilingual-e5-small/614241f622f53c4eeff9890bdc4f31cfecc418b3/config.json "HTTP/1.1 200 OK"
[2026-05-19 22:24:26] INFO - httpx - HTTP Request: HEAD https://huggingface.co/intfloat/multilingual-e5-small/resolve/main/processor_config.json "HTTP/1.1 404 Not Found"
[2026-05-19 22:24:27] INFO - httpx - HTTP Request: HEAD https://huggingface.co/intfloat/multilingual-e5-small/resolve/main/preprocessor_config.json "HTTP/1.1 404 Not Found"
[2026-05-19 22:24:27] INFO - httpx - HTTP Request: HEAD https://huggingface.co/intfloat/multilingual-e5-small/resolve/main/video_preprocessor_config.json "HTTP/1.1 404 Not Found"
[2026-05-19 22:24:28] INFO - httpx - HTTP Request: HEAD https://huggingface.co/intfloat/multilingual-e5-small/resolve/main/preprocessor_config.json "HTTP/1.1 404 Not Found"
[2026-05-19 22:24:28] INFO - httpx - HTTP Request: HEAD https://huggingface.co/intfloat/multilingual-e5-small/resolve/main/tokenizer_config.json "HTTP/1.1 307 Temporary Redirect"
[2026-05-19 22:24:28] INFO - httpx - HTTP Request: HEAD https://huggingface.co/api/resolve-cache/models/intfloat/multilingual-e5-small/614241f622f53c4eeff9890bdc4f31cfecc418b3/tokenizer_config.json "HTTP/1.1 200 OK"
[2026-05-19 22:24:28] INFO - httpx - HTTP Request: HEAD https://huggingface.co/intfloat/multilingual-e5-small/resolve/main/config.json "HTTP/1.1 307 Temporary Redirect"
[2026-05-19 22:24:28] INFO - httpx - HTTP Request: HEAD https://huggingface.co/api/resolve-cache/models/intfloat/multilingual-e5-small/614241f622f53c4eeff9890bdc4f31cfecc418b3/config.json "HTTP/1.1 200 OK"
[2026-05-19 22:24:29] INFO - httpx - HTTP Request: HEAD https://huggingface.co/intfloat/multilingual-e5-small/resolve/main/config.json "HTTP/1.1 307 Temporary Redirect"
[2026-05-19 22:24:29] INFO - httpx - HTTP Request: HEAD https://huggingface.co/api/resolve-cache/models/intfloat/multilingual-e5-small/614241f622f53c4eeff9890bdc4f31cfecc418b3/config.json "HTTP/1.1 200 OK"
[2026-05-19 22:24:29] INFO - httpx - HTTP Request: HEAD https://huggingface.co/intfloat/multilingual-e5-small/resolve/main/tokenizer_config.json "HTTP/1.1 307 Temporary Redirect"
[2026-05-19 22:24:29] INFO - httpx - HTTP Request: HEAD https://huggingface.co/api/resolve-cache/models/intfloat/multilingual-e5-small/614241f622f53c4eeff9890bdc4f31cfecc418b3/tokenizer_config.json "HTTP/1.1 200 OK"
[2026-05-19 22:24:29] INFO - httpx - HTTP Request: HEAD https://huggingface.co/intfloat/multilingual-e5-small/resolve/main/tokenizer_config.json "HTTP/1.1 307 Temporary Redirect"
[2026-05-19 22:24:30] INFO - httpx - HTTP Request: HEAD https://huggingface.co/api/resolve-cache/models/intfloat/multilingual-e5-small/614241f622f53c4eeff9890bdc4f31cfecc418b3/tokenizer_config.json "HTTP/1.1 200 OK"
[2026-05-19 22:24:30] INFO - httpx - HTTP Request: GET https://huggingface.co/api/models/intfloat/multilingual-e5-small/tree/main/additional_chat_templates?recursive=false&expand=false "HTTP/1.1 404 Not Found"
[2026-05-19 22:24:30] INFO - httpx - HTTP Request: GET https://huggingface.co/api/models/intfloat/multilingual-e5-small/tree/main?recursive=true&expand=false "HTTP/1.1 200 OK"
[2026-05-19 22:24:33] INFO - httpx - HTTP Request: GET https://huggingface.co/api/models/intfloat/multilingual-e5-small "HTTP/1.1 200 OK"
[2026-05-19 22:24:34] INFO - httpx - HTTP Request: HEAD https://huggingface.co/intfloat/multilingual-e5-small/resolve/main/1_Pooling/config.json "HTTP/1.1 307 Temporary Redirect"
[2026-05-19 22:24:34] INFO - httpx - HTTP Request: HEAD https://huggingface.co/api/resolve-cache/models/intfloat/multilingual-e5-small/614241f622f53c4eeff9890bdc4f31cfecc418b3/1_Pooling%2Fconfig.json "HTTP/1.1 200 OK"
[2026-05-19 22:24:34] INFO - httpx - HTTP Request: GET https://huggingface.co/api/models/intfloat/multilingual-e5-small "HTTP/1.1 200 OK"
[2026-05-19 22:24:35] INFO - embedding - Completed embedding texts 1
[2026-05-19 22:24:35] INFO - vector_datatbase - Connecting to Qdrant via URL
[2026-05-19 22:24:35] INFO - httpx - HTTP Request: GET http://localhost:6333/collections "HTTP/1.1 200 OK"
[2026-05-19 22:24:35] INFO - vector_datatbase - Successfully connected to Qdrant
[2026-05-19 22:24:35] INFO - sparse_vector - Model loaded from vectorstore\bm25store\bm25store.pkl
[2026-05-19 22:24:35] INFO - httpx - HTTP Request: GET http://localhost:6333/collections "HTTP/1.1 200 OK"
[2026-05-19 22:24:35] INFO - vector_datatbase - Collection 'nmk_chatbot_collection' already exists.
[2026-05-19 22:24:35] INFO - httpx - HTTP Request: POST http://localhost:6333/collections/nmk_chatbot_collection/points/query "HTTP/1.1 200 OK"
[2026-05-19 22:24:35] INFO - httpx - HTTP Request: GET http://localhost:6333 "HTTP/1.1 200 OK"
[2026-05-19 22:24:37] INFO - retrieval - Success retrieval 5 items
[2026-05-19 22:25:48] INFO - embedding - Completed embedding texts 1
[2026-05-19 22:25:48] INFO - sparse_vector - Model loaded from vectorstore\bm25store\bm25store.pkl
[2026-05-19 22:25:48] INFO - httpx - HTTP Request: GET http://localhost:6333/collections "HTTP/1.1 200 OK"
[2026-05-19 22:25:48] INFO - vector_datatbase - Collection 'nmk_chatbot_collection' already exists.
[2026-05-19 22:25:48] INFO - httpx - HTTP Request: POST http://localhost:6333/collections/nmk_chatbot_collection/points/query "HTTP/1.1 200 OK"
[2026-05-19 22:25:50] INFO - retrieval - Success retrieval 5 items
[2026-05-19 22:31:02] INFO - httpx - HTTP Request: GET https://api.gradio.app/pkg-version "HTTP/1.1 200 OK"
[2026-05-19 22:31:03] INFO - httpx - HTTP Request: GET http://localhost:7860/gradio_api/startup-events "HTTP/1.1 200 OK"
[2026-05-19 22:31:05] INFO - httpx - HTTP Request: HEAD http://localhost:7860/ "HTTP/1.1 200 OK"
[2026-05-19 22:31:06] INFO - httpx - HTTP Request: HEAD https://huggingface.co/api/telemetry/https%3A/api.gradio.app/gradio-launched-telemetry "HTTP/1.1 200 OK"
[2026-05-19 22:31:55] INFO - embedding - Loadding embeding model. intfloat/multilingual-e5-small
[2026-05-19 22:31:55] INFO - sentence_transformers.base.model - No device provided, using cpu
[2026-05-19 22:31:55] INFO - httpx - HTTP Request: HEAD https://huggingface.co/intfloat/multilingual-e5-small/resolve/main/modules.json "HTTP/1.1 307 Temporary Redirect"
[2026-05-19 22:31:55] INFO - httpx - HTTP Request: HEAD https://huggingface.co/api/resolve-cache/models/intfloat/multilingual-e5-small/614241f622f53c4eeff9890bdc4f31cfecc418b3/modules.json "HTTP/1.1 200 OK"
[2026-05-19 22:31:56] INFO - httpx - HTTP Request: HEAD https://huggingface.co/intfloat/multilingual-e5-small/resolve/main/config_sentence_transformers.json "HTTP/1.1 404 Not Found"
[2026-05-19 22:31:56] INFO - sentence_transformers.base.model - Loading SentenceTransformer model from intfloat/multilingual-e5-small.
[2026-05-19 22:31:56] INFO - httpx - HTTP Request: HEAD https://huggingface.co/intfloat/multilingual-e5-small/resolve/main/config_sentence_transformers.json "HTTP/1.1 404 Not Found"
[2026-05-19 22:31:56] INFO - httpx - HTTP Request: HEAD https://huggingface.co/intfloat/multilingual-e5-small/resolve/main/README.md "HTTP/1.1 307 Temporary Redirect"
[2026-05-19 22:31:56] INFO - httpx - HTTP Request: HEAD https://huggingface.co/api/resolve-cache/models/intfloat/multilingual-e5-small/614241f622f53c4eeff9890bdc4f31cfecc418b3/README.md "HTTP/1.1 200 OK"
[2026-05-19 22:31:57] INFO - httpx - HTTP Request: HEAD https://huggingface.co/intfloat/multilingual-e5-small/resolve/main/modules.json "HTTP/1.1 307 Temporary Redirect"
[2026-05-19 22:31:57] INFO - httpx - HTTP Request: HEAD https://huggingface.co/api/resolve-cache/models/intfloat/multilingual-e5-small/614241f622f53c4eeff9890bdc4f31cfecc418b3/modules.json "HTTP/1.1 200 OK"
[2026-05-19 22:31:57] INFO - httpx - HTTP Request: HEAD https://huggingface.co/intfloat/multilingual-e5-small/resolve/main/sentence_bert_config.json "HTTP/1.1 307 Temporary Redirect"
[2026-05-19 22:31:57] INFO - httpx - HTTP Request: HEAD https://huggingface.co/api/resolve-cache/models/intfloat/multilingual-e5-small/614241f622f53c4eeff9890bdc4f31cfecc418b3/sentence_bert_config.json "HTTP/1.1 200 OK"
[2026-05-19 22:31:57] INFO - httpx - HTTP Request: HEAD https://huggingface.co/intfloat/multilingual-e5-small/resolve/main/adapter_config.json "HTTP/1.1 404 Not Found"
[2026-05-19 22:31:58] INFO - httpx - HTTP Request: HEAD https://huggingface.co/intfloat/multilingual-e5-small/resolve/main/config.json "HTTP/1.1 307 Temporary Redirect"
[2026-05-19 22:31:58] INFO - httpx - HTTP Request: HEAD https://huggingface.co/api/resolve-cache/models/intfloat/multilingual-e5-small/614241f622f53c4eeff9890bdc4f31cfecc418b3/config.json "HTTP/1.1 200 OK"
[2026-05-19 22:31:58] INFO - httpx - HTTP Request: HEAD https://huggingface.co/intfloat/multilingual-e5-small/resolve/main/config.json "HTTP/1.1 307 Temporary Redirect"
[2026-05-19 22:31:58] INFO - httpx - HTTP Request: HEAD https://huggingface.co/api/resolve-cache/models/intfloat/multilingual-e5-small/614241f622f53c4eeff9890bdc4f31cfecc418b3/config.json "HTTP/1.1 200 OK"
[2026-05-19 22:31:59] INFO - httpx - HTTP Request: HEAD https://huggingface.co/intfloat/multilingual-e5-small/resolve/main/processor_config.json "HTTP/1.1 404 Not Found"
[2026-05-19 22:31:59] INFO - httpx - HTTP Request: HEAD https://huggingface.co/intfloat/multilingual-e5-small/resolve/main/preprocessor_config.json "HTTP/1.1 404 Not Found"
[2026-05-19 22:31:59] INFO - httpx - HTTP Request: HEAD https://huggingface.co/intfloat/multilingual-e5-small/resolve/main/video_preprocessor_config.json "HTTP/1.1 404 Not Found"
[2026-05-19 22:32:00] INFO - httpx - HTTP Request: HEAD https://huggingface.co/intfloat/multilingual-e5-small/resolve/main/preprocessor_config.json "HTTP/1.1 404 Not Found"
[2026-05-19 22:32:00] INFO - httpx - HTTP Request: HEAD https://huggingface.co/intfloat/multilingual-e5-small/resolve/main/tokenizer_config.json "HTTP/1.1 307 Temporary Redirect"
[2026-05-19 22:32:00] INFO - httpx - HTTP Request: HEAD https://huggingface.co/api/resolve-cache/models/intfloat/multilingual-e5-small/614241f622f53c4eeff9890bdc4f31cfecc418b3/tokenizer_config.json "HTTP/1.1 200 OK"
[2026-05-19 22:32:00] INFO - httpx - HTTP Request: HEAD https://huggingface.co/intfloat/multilingual-e5-small/resolve/main/config.json "HTTP/1.1 307 Temporary Redirect"
[2026-05-19 22:32:00] INFO - httpx - HTTP Request: HEAD https://huggingface.co/api/resolve-cache/models/intfloat/multilingual-e5-small/614241f622f53c4eeff9890bdc4f31cfecc418b3/config.json "HTTP/1.1 200 OK"
[2026-05-19 22:32:01] INFO - httpx - HTTP Request: HEAD https://huggingface.co/intfloat/multilingual-e5-small/resolve/main/config.json "HTTP/1.1 307 Temporary Redirect"
[2026-05-19 22:32:01] INFO - httpx - HTTP Request: HEAD https://huggingface.co/api/resolve-cache/models/intfloat/multilingual-e5-small/614241f622f53c4eeff9890bdc4f31cfecc418b3/config.json "HTTP/1.1 200 OK"
[2026-05-19 22:32:01] INFO - httpx - HTTP Request: HEAD https://huggingface.co/intfloat/multilingual-e5-small/resolve/main/tokenizer_config.json "HTTP/1.1 307 Temporary Redirect"
[2026-05-19 22:32:01] INFO - httpx - HTTP Request: HEAD https://huggingface.co/api/resolve-cache/models/intfloat/multilingual-e5-small/614241f622f53c4eeff9890bdc4f31cfecc418b3/tokenizer_config.json "HTTP/1.1 200 OK"
[2026-05-19 22:32:02] INFO - httpx - HTTP Request: HEAD https://huggingface.co/intfloat/multilingual-e5-small/resolve/main/tokenizer_config.json "HTTP/1.1 307 Temporary Redirect"
[2026-05-19 22:32:02] INFO - httpx - HTTP Request: HEAD https://huggingface.co/api/resolve-cache/models/intfloat/multilingual-e5-small/614241f622f53c4eeff9890bdc4f31cfecc418b3/tokenizer_config.json "HTTP/1.1 200 OK"
[2026-05-19 22:32:02] INFO - httpx - HTTP Request: GET https://huggingface.co/api/models/intfloat/multilingual-e5-small/tree/main/additional_chat_templates?recursive=false&expand=false "HTTP/1.1 404 Not Found"
[2026-05-19 22:32:02] INFO - httpx - HTTP Request: GET https://huggingface.co/api/models/intfloat/multilingual-e5-small/tree/main?recursive=true&expand=false "HTTP/1.1 200 OK"
[2026-05-19 22:32:05] INFO - httpx - HTTP Request: GET https://huggingface.co/api/models/intfloat/multilingual-e5-small "HTTP/1.1 200 OK"
[2026-05-19 22:32:06] INFO - httpx - HTTP Request: HEAD https://huggingface.co/intfloat/multilingual-e5-small/resolve/main/1_Pooling/config.json "HTTP/1.1 307 Temporary Redirect"
[2026-05-19 22:32:06] INFO - httpx - HTTP Request: HEAD https://huggingface.co/api/resolve-cache/models/intfloat/multilingual-e5-small/614241f622f53c4eeff9890bdc4f31cfecc418b3/1_Pooling%2Fconfig.json "HTTP/1.1 200 OK"
[2026-05-19 22:32:07] INFO - httpx - HTTP Request: GET https://huggingface.co/api/models/intfloat/multilingual-e5-small "HTTP/1.1 200 OK"
[2026-05-19 22:32:07] INFO - embedding - Completed embedding texts 1
[2026-05-19 22:32:07] INFO - vector_datatbase - Connecting to Qdrant via URL
[2026-05-19 22:32:08] INFO - httpx - HTTP Request: GET http://localhost:6333/collections "HTTP/1.1 200 OK"
[2026-05-19 22:32:08] INFO - vector_datatbase - Successfully connected to Qdrant
[2026-05-19 22:32:08] INFO - sparse_vector - Model loaded from vectorstore\bm25store\bm25store.pkl
[2026-05-19 22:32:08] INFO - httpx - HTTP Request: GET http://localhost:6333/collections "HTTP/1.1 200 OK"
[2026-05-19 22:32:08] INFO - vector_datatbase - Collection 'nmk_chatbot_collection' already exists.
[2026-05-19 22:32:08] INFO - httpx - HTTP Request: POST http://localhost:6333/collections/nmk_chatbot_collection/points/query "HTTP/1.1 200 OK"
[2026-05-19 22:32:08] INFO - httpx - HTTP Request: GET http://localhost:6333 "HTTP/1.1 200 OK"
[2026-05-19 22:32:09] INFO - retrieval - Success retrieval 5 items
[2026-05-20 08:56:29] INFO - httpx - HTTP Request: GET https://api.gradio.app/pkg-version "HTTP/1.1 200 OK"
[2026-05-20 08:56:30] INFO - httpx - HTTP Request: GET http://localhost:7860/gradio_api/startup-events "HTTP/1.1 200 OK"
[2026-05-20 08:56:32] INFO - httpx - HTTP Request: HEAD http://localhost:7860/ "HTTP/1.1 200 OK"
[2026-05-20 08:56:33] INFO - httpx - HTTP Request: HEAD https://huggingface.co/api/telemetry/https%3A/api.gradio.app/gradio-launched-telemetry "HTTP/1.1 200 OK"
[2026-05-20 08:56:59] INFO - embedding - Loadding embeding model. intfloat/multilingual-e5-small
[2026-05-20 08:56:59] INFO - sentence_transformers.base.model - No device provided, using cpu
[2026-05-20 08:56:59] INFO - httpx - HTTP Request: HEAD https://huggingface.co/intfloat/multilingual-e5-small/resolve/main/modules.json "HTTP/1.1 307 Temporary Redirect"
[2026-05-20 08:56:59] INFO - httpx - HTTP Request: HEAD https://huggingface.co/api/resolve-cache/models/intfloat/multilingual-e5-small/614241f622f53c4eeff9890bdc4f31cfecc418b3/modules.json "HTTP/1.1 200 OK"
[2026-05-20 08:56:59] INFO - httpx - HTTP Request: HEAD https://huggingface.co/intfloat/multilingual-e5-small/resolve/main/config_sentence_transformers.json "HTTP/1.1 404 Not Found"
[2026-05-20 08:56:59] INFO - sentence_transformers.base.model - Loading SentenceTransformer model from intfloat/multilingual-e5-small.
[2026-05-20 08:57:00] INFO - httpx - HTTP Request: HEAD https://huggingface.co/intfloat/multilingual-e5-small/resolve/main/config_sentence_transformers.json "HTTP/1.1 404 Not Found"
[2026-05-20 08:57:00] INFO - httpx - HTTP Request: HEAD https://huggingface.co/intfloat/multilingual-e5-small/resolve/main/README.md "HTTP/1.1 307 Temporary Redirect"
[2026-05-20 08:57:00] INFO - httpx - HTTP Request: HEAD https://huggingface.co/api/resolve-cache/models/intfloat/multilingual-e5-small/614241f622f53c4eeff9890bdc4f31cfecc418b3/README.md "HTTP/1.1 200 OK"
[2026-05-20 08:57:00] INFO - httpx - HTTP Request: HEAD https://huggingface.co/intfloat/multilingual-e5-small/resolve/main/modules.json "HTTP/1.1 307 Temporary Redirect"
[2026-05-20 08:57:00] INFO - httpx - HTTP Request: HEAD https://huggingface.co/api/resolve-cache/models/intfloat/multilingual-e5-small/614241f622f53c4eeff9890bdc4f31cfecc418b3/modules.json "HTTP/1.1 200 OK"
[2026-05-20 08:57:01] INFO - httpx - HTTP Request: HEAD https://huggingface.co/intfloat/multilingual-e5-small/resolve/main/sentence_bert_config.json "HTTP/1.1 307 Temporary Redirect"
[2026-05-20 08:57:01] INFO - httpx - HTTP Request: HEAD https://huggingface.co/api/resolve-cache/models/intfloat/multilingual-e5-small/614241f622f53c4eeff9890bdc4f31cfecc418b3/sentence_bert_config.json "HTTP/1.1 200 OK"
[2026-05-20 08:57:01] INFO - httpx - HTTP Request: HEAD https://huggingface.co/intfloat/multilingual-e5-small/resolve/main/adapter_config.json "HTTP/1.1 404 Not Found"
[2026-05-20 08:57:01] INFO - httpx - HTTP Request: HEAD https://huggingface.co/intfloat/multilingual-e5-small/resolve/main/config.json "HTTP/1.1 307 Temporary Redirect"
[2026-05-20 08:57:01] INFO - httpx - HTTP Request: HEAD https://huggingface.co/api/resolve-cache/models/intfloat/multilingual-e5-small/614241f622f53c4eeff9890bdc4f31cfecc418b3/config.json "HTTP/1.1 200 OK"
[2026-05-20 08:57:01] INFO - httpx - HTTP Request: HEAD https://huggingface.co/intfloat/multilingual-e5-small/resolve/main/config.json "HTTP/1.1 307 Temporary Redirect"
[2026-05-20 08:57:01] INFO - httpx - HTTP Request: HEAD https://huggingface.co/api/resolve-cache/models/intfloat/multilingual-e5-small/614241f622f53c4eeff9890bdc4f31cfecc418b3/config.json "HTTP/1.1 200 OK"
[2026-05-20 08:57:02] INFO - httpx - HTTP Request: HEAD https://huggingface.co/intfloat/multilingual-e5-small/resolve/main/processor_config.json "HTTP/1.1 404 Not Found"
[2026-05-20 08:57:02] INFO - httpx - HTTP Request: HEAD https://huggingface.co/intfloat/multilingual-e5-small/resolve/main/preprocessor_config.json "HTTP/1.1 404 Not Found"
[2026-05-20 08:57:03] INFO - httpx - HTTP Request: HEAD https://huggingface.co/intfloat/multilingual-e5-small/resolve/main/video_preprocessor_config.json "HTTP/1.1 404 Not Found"
[2026-05-20 08:57:03] INFO - httpx - HTTP Request: HEAD https://huggingface.co/intfloat/multilingual-e5-small/resolve/main/preprocessor_config.json "HTTP/1.1 404 Not Found"
[2026-05-20 08:57:03] INFO - httpx - HTTP Request: HEAD https://huggingface.co/intfloat/multilingual-e5-small/resolve/main/tokenizer_config.json "HTTP/1.1 307 Temporary Redirect"
[2026-05-20 08:57:03] INFO - httpx - HTTP Request: HEAD https://huggingface.co/api/resolve-cache/models/intfloat/multilingual-e5-small/614241f622f53c4eeff9890bdc4f31cfecc418b3/tokenizer_config.json "HTTP/1.1 200 OK"
[2026-05-20 08:57:04] INFO - httpx - HTTP Request: HEAD https://huggingface.co/intfloat/multilingual-e5-small/resolve/main/config.json "HTTP/1.1 307 Temporary Redirect"
[2026-05-20 08:57:04] INFO - httpx - HTTP Request: HEAD https://huggingface.co/api/resolve-cache/models/intfloat/multilingual-e5-small/614241f622f53c4eeff9890bdc4f31cfecc418b3/config.json "HTTP/1.1 200 OK"
[2026-05-20 08:57:04] INFO - httpx - HTTP Request: HEAD https://huggingface.co/intfloat/multilingual-e5-small/resolve/main/config.json "HTTP/1.1 307 Temporary Redirect"
[2026-05-20 08:57:04] INFO - httpx - HTTP Request: HEAD https://huggingface.co/api/resolve-cache/models/intfloat/multilingual-e5-small/614241f622f53c4eeff9890bdc4f31cfecc418b3/config.json "HTTP/1.1 200 OK"
[2026-05-20 08:57:04] INFO - httpx - HTTP Request: HEAD https://huggingface.co/intfloat/multilingual-e5-small/resolve/main/tokenizer_config.json "HTTP/1.1 307 Temporary Redirect"
[2026-05-20 08:57:04] INFO - httpx - HTTP Request: HEAD https://huggingface.co/api/resolve-cache/models/intfloat/multilingual-e5-small/614241f622f53c4eeff9890bdc4f31cfecc418b3/tokenizer_config.json "HTTP/1.1 200 OK"
[2026-05-20 08:57:05] INFO - httpx - HTTP Request: HEAD https://huggingface.co/intfloat/multilingual-e5-small/resolve/main/tokenizer_config.json "HTTP/1.1 307 Temporary Redirect"
[2026-05-20 08:57:05] INFO - httpx - HTTP Request: HEAD https://huggingface.co/api/resolve-cache/models/intfloat/multilingual-e5-small/614241f622f53c4eeff9890bdc4f31cfecc418b3/tokenizer_config.json "HTTP/1.1 200 OK"
[2026-05-20 08:57:05] INFO - httpx - HTTP Request: GET https://huggingface.co/api/models/intfloat/multilingual-e5-small/tree/main/additional_chat_templates?recursive=false&expand=false "HTTP/1.1 404 Not Found"
[2026-05-20 08:57:06] INFO - httpx - HTTP Request: GET https://huggingface.co/api/models/intfloat/multilingual-e5-small/tree/main?recursive=true&expand=false "HTTP/1.1 200 OK"
[2026-05-20 08:57:09] INFO - httpx - HTTP Request: GET https://huggingface.co/api/models/intfloat/multilingual-e5-small "HTTP/1.1 200 OK"
[2026-05-20 08:57:09] INFO - httpx - HTTP Request: HEAD https://huggingface.co/intfloat/multilingual-e5-small/resolve/main/1_Pooling/config.json "HTTP/1.1 307 Temporary Redirect"
[2026-05-20 08:57:09] INFO - httpx - HTTP Request: HEAD https://huggingface.co/api/resolve-cache/models/intfloat/multilingual-e5-small/614241f622f53c4eeff9890bdc4f31cfecc418b3/1_Pooling%2Fconfig.json "HTTP/1.1 200 OK"
[2026-05-20 08:57:10] INFO - httpx - HTTP Request: GET https://huggingface.co/api/models/intfloat/multilingual-e5-small "HTTP/1.1 200 OK"
[2026-05-20 08:57:10] INFO - embedding - Completed embedding texts 1
[2026-05-20 08:57:10] INFO - vector_datatbase - Connecting to Qdrant via URL
[2026-05-20 08:57:15] ERROR - vector_datatbase - Failed to connect to Qdrant: [WinError 10061] No connection could be made because the target machine actively refused it
[2026-05-20 09:03:22] INFO - httpx - HTTP Request: GET https://api.gradio.app/pkg-version "HTTP/1.1 200 OK"
[2026-05-20 09:03:23] INFO - httpx - HTTP Request: GET http://localhost:7860/gradio_api/startup-events "HTTP/1.1 200 OK"
[2026-05-20 09:03:25] INFO - httpx - HTTP Request: HEAD http://localhost:7860/ "HTTP/1.1 200 OK"
[2026-05-20 09:03:26] INFO - httpx - HTTP Request: HEAD https://huggingface.co/api/telemetry/https%3A/api.gradio.app/gradio-launched-telemetry "HTTP/1.1 200 OK"
[2026-05-20 09:03:55] INFO - embedding - Loadding embeding model. intfloat/multilingual-e5-small
[2026-05-20 09:03:55] INFO - sentence_transformers.base.model - No device provided, using cpu
[2026-05-20 09:03:56] INFO - httpx - HTTP Request: HEAD https://huggingface.co/intfloat/multilingual-e5-small/resolve/main/modules.json "HTTP/1.1 307 Temporary Redirect"
[2026-05-20 09:03:56] INFO - httpx - HTTP Request: HEAD https://huggingface.co/api/resolve-cache/models/intfloat/multilingual-e5-small/614241f622f53c4eeff9890bdc4f31cfecc418b3/modules.json "HTTP/1.1 200 OK"
[2026-05-20 09:03:56] INFO - httpx - HTTP Request: HEAD https://huggingface.co/intfloat/multilingual-e5-small/resolve/main/config_sentence_transformers.json "HTTP/1.1 404 Not Found"
[2026-05-20 09:03:56] INFO - sentence_transformers.base.model - Loading SentenceTransformer model from intfloat/multilingual-e5-small.
[2026-05-20 09:03:56] INFO - httpx - HTTP Request: HEAD https://huggingface.co/intfloat/multilingual-e5-small/resolve/main/config_sentence_transformers.json "HTTP/1.1 404 Not Found"
[2026-05-20 09:03:57] INFO - httpx - HTTP Request: HEAD https://huggingface.co/intfloat/multilingual-e5-small/resolve/main/README.md "HTTP/1.1 307 Temporary Redirect"
[2026-05-20 09:03:57] INFO - httpx - HTTP Request: HEAD https://huggingface.co/api/resolve-cache/models/intfloat/multilingual-e5-small/614241f622f53c4eeff9890bdc4f31cfecc418b3/README.md "HTTP/1.1 200 OK"
[2026-05-20 09:03:57] INFO - httpx - HTTP Request: HEAD https://huggingface.co/intfloat/multilingual-e5-small/resolve/main/modules.json "HTTP/1.1 307 Temporary Redirect"
[2026-05-20 09:03:57] INFO - httpx - HTTP Request: HEAD https://huggingface.co/api/resolve-cache/models/intfloat/multilingual-e5-small/614241f622f53c4eeff9890bdc4f31cfecc418b3/modules.json "HTTP/1.1 200 OK"
[2026-05-20 09:03:57] INFO - httpx - HTTP Request: HEAD https://huggingface.co/intfloat/multilingual-e5-small/resolve/main/sentence_bert_config.json "HTTP/1.1 307 Temporary Redirect"
[2026-05-20 09:03:57] INFO - httpx - HTTP Request: HEAD https://huggingface.co/api/resolve-cache/models/intfloat/multilingual-e5-small/614241f622f53c4eeff9890bdc4f31cfecc418b3/sentence_bert_config.json "HTTP/1.1 200 OK"
[2026-05-20 09:03:58] INFO - httpx - HTTP Request: HEAD https://huggingface.co/intfloat/multilingual-e5-small/resolve/main/adapter_config.json "HTTP/1.1 404 Not Found"
[2026-05-20 09:03:58] INFO - httpx - HTTP Request: HEAD https://huggingface.co/intfloat/multilingual-e5-small/resolve/main/config.json "HTTP/1.1 307 Temporary Redirect"
[2026-05-20 09:03:58] INFO - httpx - HTTP Request: HEAD https://huggingface.co/api/resolve-cache/models/intfloat/multilingual-e5-small/614241f622f53c4eeff9890bdc4f31cfecc418b3/config.json "HTTP/1.1 200 OK"
[2026-05-20 09:03:58] INFO - httpx - HTTP Request: HEAD https://huggingface.co/intfloat/multilingual-e5-small/resolve/main/config.json "HTTP/1.1 307 Temporary Redirect"
[2026-05-20 09:03:58] INFO - httpx - HTTP Request: HEAD https://huggingface.co/api/resolve-cache/models/intfloat/multilingual-e5-small/614241f622f53c4eeff9890bdc4f31cfecc418b3/config.json "HTTP/1.1 200 OK"
[2026-05-20 09:03:59] INFO - httpx - HTTP Request: HEAD https://huggingface.co/intfloat/multilingual-e5-small/resolve/main/processor_config.json "HTTP/1.1 404 Not Found"
[2026-05-20 09:03:59] INFO - httpx - HTTP Request: HEAD https://huggingface.co/intfloat/multilingual-e5-small/resolve/main/preprocessor_config.json "HTTP/1.1 404 Not Found"
[2026-05-20 09:03:59] INFO - httpx - HTTP Request: HEAD https://huggingface.co/intfloat/multilingual-e5-small/resolve/main/video_preprocessor_config.json "HTTP/1.1 404 Not Found"
[2026-05-20 09:04:00] INFO - httpx - HTTP Request: HEAD https://huggingface.co/intfloat/multilingual-e5-small/resolve/main/preprocessor_config.json "HTTP/1.1 404 Not Found"
[2026-05-20 09:04:00] INFO - httpx - HTTP Request: HEAD https://huggingface.co/intfloat/multilingual-e5-small/resolve/main/tokenizer_config.json "HTTP/1.1 307 Temporary Redirect"
[2026-05-20 09:04:00] INFO - httpx - HTTP Request: HEAD https://huggingface.co/api/resolve-cache/models/intfloat/multilingual-e5-small/614241f622f53c4eeff9890bdc4f31cfecc418b3/tokenizer_config.json "HTTP/1.1 200 OK"
[2026-05-20 09:04:00] INFO - httpx - HTTP Request: HEAD https://huggingface.co/intfloat/multilingual-e5-small/resolve/main/config.json "HTTP/1.1 307 Temporary Redirect"
[2026-05-20 09:04:00] INFO - httpx - HTTP Request: HEAD https://huggingface.co/api/resolve-cache/models/intfloat/multilingual-e5-small/614241f622f53c4eeff9890bdc4f31cfecc418b3/config.json "HTTP/1.1 200 OK"
[2026-05-20 09:04:00] INFO - httpx - HTTP Request: HEAD https://huggingface.co/intfloat/multilingual-e5-small/resolve/main/config.json "HTTP/1.1 307 Temporary Redirect"
[2026-05-20 09:04:01] INFO - httpx - HTTP Request: HEAD https://huggingface.co/api/resolve-cache/models/intfloat/multilingual-e5-small/614241f622f53c4eeff9890bdc4f31cfecc418b3/config.json "HTTP/1.1 200 OK"
[2026-05-20 09:04:01] INFO - httpx - HTTP Request: HEAD https://huggingface.co/intfloat/multilingual-e5-small/resolve/main/tokenizer_config.json "HTTP/1.1 307 Temporary Redirect"
[2026-05-20 09:04:01] INFO - httpx - HTTP Request: HEAD https://huggingface.co/api/resolve-cache/models/intfloat/multilingual-e5-small/614241f622f53c4eeff9890bdc4f31cfecc418b3/tokenizer_config.json "HTTP/1.1 200 OK"
[2026-05-20 09:04:01] INFO - httpx - HTTP Request: HEAD https://huggingface.co/intfloat/multilingual-e5-small/resolve/main/tokenizer_config.json "HTTP/1.1 307 Temporary Redirect"
[2026-05-20 09:04:01] INFO - httpx - HTTP Request: HEAD https://huggingface.co/api/resolve-cache/models/intfloat/multilingual-e5-small/614241f622f53c4eeff9890bdc4f31cfecc418b3/tokenizer_config.json "HTTP/1.1 200 OK"
[2026-05-20 09:04:01] INFO - httpx - HTTP Request: GET https://huggingface.co/api/models/intfloat/multilingual-e5-small/tree/main/additional_chat_templates?recursive=false&expand=false "HTTP/1.1 404 Not Found"
[2026-05-20 09:04:02] INFO - httpx - HTTP Request: GET https://huggingface.co/api/models/intfloat/multilingual-e5-small/tree/main?recursive=true&expand=false "HTTP/1.1 200 OK"
[2026-05-20 09:04:05] INFO - httpx - HTTP Request: GET https://huggingface.co/api/models/intfloat/multilingual-e5-small "HTTP/1.1 200 OK"
[2026-05-20 09:04:05] INFO - httpx - HTTP Request: HEAD https://huggingface.co/intfloat/multilingual-e5-small/resolve/main/1_Pooling/config.json "HTTP/1.1 307 Temporary Redirect"
[2026-05-20 09:04:05] INFO - httpx - HTTP Request: HEAD https://huggingface.co/api/resolve-cache/models/intfloat/multilingual-e5-small/614241f622f53c4eeff9890bdc4f31cfecc418b3/1_Pooling%2Fconfig.json "HTTP/1.1 200 OK"
[2026-05-20 09:04:06] INFO - httpx - HTTP Request: GET https://huggingface.co/api/models/intfloat/multilingual-e5-small "HTTP/1.1 200 OK"
[2026-05-20 09:04:06] INFO - embedding - Completed embedding texts 1
[2026-05-20 09:04:06] INFO - vector_datatbase - Connecting to Qdrant via URL
[2026-05-20 09:04:11] ERROR - vector_datatbase - Failed to connect to Qdrant: [WinError 10061] No connection could be made because the target machine actively refused it
[2026-05-20 09:05:33] INFO - httpx - HTTP Request: GET https://api.gradio.app/pkg-version "HTTP/1.1 200 OK"
[2026-05-20 09:05:34] INFO - httpx - HTTP Request: GET http://localhost:7860/gradio_api/startup-events "HTTP/1.1 200 OK"
[2026-05-20 09:05:36] INFO - httpx - HTTP Request: HEAD http://localhost:7860/ "HTTP/1.1 200 OK"
[2026-05-20 09:05:37] INFO - httpx - HTTP Request: HEAD https://huggingface.co/api/telemetry/https%3A/api.gradio.app/gradio-launched-telemetry "HTTP/1.1 200 OK"
[2026-05-20 09:06:42] INFO - embedding - Loadding embeding model. intfloat/multilingual-e5-small
[2026-05-20 09:06:42] INFO - sentence_transformers.base.model - No device provided, using cpu
[2026-05-20 09:06:42] INFO - httpx - HTTP Request: HEAD https://huggingface.co/intfloat/multilingual-e5-small/resolve/main/modules.json "HTTP/1.1 307 Temporary Redirect"
[2026-05-20 09:06:42] INFO - httpx - HTTP Request: HEAD https://huggingface.co/api/resolve-cache/models/intfloat/multilingual-e5-small/614241f622f53c4eeff9890bdc4f31cfecc418b3/modules.json "HTTP/1.1 200 OK"
[2026-05-20 09:06:42] INFO - httpx - HTTP Request: HEAD https://huggingface.co/intfloat/multilingual-e5-small/resolve/main/config_sentence_transformers.json "HTTP/1.1 404 Not Found"
[2026-05-20 09:06:42] INFO - sentence_transformers.base.model - Loading SentenceTransformer model from intfloat/multilingual-e5-small.
[2026-05-20 09:06:43] INFO - httpx - HTTP Request: HEAD https://huggingface.co/intfloat/multilingual-e5-small/resolve/main/config_sentence_transformers.json "HTTP/1.1 404 Not Found"
[2026-05-20 09:06:43] INFO - httpx - HTTP Request: HEAD https://huggingface.co/intfloat/multilingual-e5-small/resolve/main/README.md "HTTP/1.1 307 Temporary Redirect"
[2026-05-20 09:06:43] INFO - httpx - HTTP Request: HEAD https://huggingface.co/api/resolve-cache/models/intfloat/multilingual-e5-small/614241f622f53c4eeff9890bdc4f31cfecc418b3/README.md "HTTP/1.1 200 OK"
[2026-05-20 09:06:43] INFO - httpx - HTTP Request: HEAD https://huggingface.co/intfloat/multilingual-e5-small/resolve/main/modules.json "HTTP/1.1 307 Temporary Redirect"
[2026-05-20 09:06:43] INFO - httpx - HTTP Request: HEAD https://huggingface.co/api/resolve-cache/models/intfloat/multilingual-e5-small/614241f622f53c4eeff9890bdc4f31cfecc418b3/modules.json "HTTP/1.1 200 OK"
[2026-05-20 09:06:44] INFO - httpx - HTTP Request: HEAD https://huggingface.co/intfloat/multilingual-e5-small/resolve/main/sentence_bert_config.json "HTTP/1.1 307 Temporary Redirect"
[2026-05-20 09:06:44] INFO - httpx - HTTP Request: HEAD https://huggingface.co/api/resolve-cache/models/intfloat/multilingual-e5-small/614241f622f53c4eeff9890bdc4f31cfecc418b3/sentence_bert_config.json "HTTP/1.1 200 OK"
[2026-05-20 09:06:44] INFO - httpx - HTTP Request: HEAD https://huggingface.co/intfloat/multilingual-e5-small/resolve/main/adapter_config.json "HTTP/1.1 404 Not Found"
[2026-05-20 09:06:44] INFO - httpx - HTTP Request: HEAD https://huggingface.co/intfloat/multilingual-e5-small/resolve/main/config.json "HTTP/1.1 307 Temporary Redirect"
[2026-05-20 09:06:44] INFO - httpx - HTTP Request: HEAD https://huggingface.co/api/resolve-cache/models/intfloat/multilingual-e5-small/614241f622f53c4eeff9890bdc4f31cfecc418b3/config.json "HTTP/1.1 200 OK"
[2026-05-20 09:06:45] INFO - httpx - HTTP Request: HEAD https://huggingface.co/intfloat/multilingual-e5-small/resolve/main/config.json "HTTP/1.1 307 Temporary Redirect"
[2026-05-20 09:06:45] INFO - httpx - HTTP Request: HEAD https://huggingface.co/api/resolve-cache/models/intfloat/multilingual-e5-small/614241f622f53c4eeff9890bdc4f31cfecc418b3/config.json "HTTP/1.1 200 OK"
[2026-05-20 09:06:45] INFO - httpx - HTTP Request: HEAD https://huggingface.co/intfloat/multilingual-e5-small/resolve/main/processor_config.json "HTTP/1.1 404 Not Found"
[2026-05-20 09:06:45] INFO - httpx - HTTP Request: HEAD https://huggingface.co/intfloat/multilingual-e5-small/resolve/main/preprocessor_config.json "HTTP/1.1 404 Not Found"
[2026-05-20 09:06:46] INFO - httpx - HTTP Request: HEAD https://huggingface.co/intfloat/multilingual-e5-small/resolve/main/video_preprocessor_config.json "HTTP/1.1 404 Not Found"
[2026-05-20 09:06:46] INFO - httpx - HTTP Request: HEAD https://huggingface.co/intfloat/multilingual-e5-small/resolve/main/preprocessor_config.json "HTTP/1.1 404 Not Found"
[2026-05-20 09:06:46] INFO - httpx - HTTP Request: HEAD https://huggingface.co/intfloat/multilingual-e5-small/resolve/main/tokenizer_config.json "HTTP/1.1 307 Temporary Redirect"
[2026-05-20 09:06:46] INFO - httpx - HTTP Request: HEAD https://huggingface.co/api/resolve-cache/models/intfloat/multilingual-e5-small/614241f622f53c4eeff9890bdc4f31cfecc418b3/tokenizer_config.json "HTTP/1.1 200 OK"
[2026-05-20 09:06:47] INFO - httpx - HTTP Request: HEAD https://huggingface.co/intfloat/multilingual-e5-small/resolve/main/config.json "HTTP/1.1 307 Temporary Redirect"
[2026-05-20 09:06:47] INFO - httpx - HTTP Request: HEAD https://huggingface.co/api/resolve-cache/models/intfloat/multilingual-e5-small/614241f622f53c4eeff9890bdc4f31cfecc418b3/config.json "HTTP/1.1 200 OK"
[2026-05-20 09:06:47] INFO - httpx - HTTP Request: HEAD https://huggingface.co/intfloat/multilingual-e5-small/resolve/main/config.json "HTTP/1.1 307 Temporary Redirect"
[2026-05-20 09:06:47] INFO - httpx - HTTP Request: HEAD https://huggingface.co/api/resolve-cache/models/intfloat/multilingual-e5-small/614241f622f53c4eeff9890bdc4f31cfecc418b3/config.json "HTTP/1.1 200 OK"
[2026-05-20 09:06:47] INFO - httpx - HTTP Request: HEAD https://huggingface.co/intfloat/multilingual-e5-small/resolve/main/tokenizer_config.json "HTTP/1.1 307 Temporary Redirect"
[2026-05-20 09:06:47] INFO - httpx - HTTP Request: HEAD https://huggingface.co/api/resolve-cache/models/intfloat/multilingual-e5-small/614241f622f53c4eeff9890bdc4f31cfecc418b3/tokenizer_config.json "HTTP/1.1 200 OK"
[2026-05-20 09:06:48] INFO - httpx - HTTP Request: HEAD https://huggingface.co/intfloat/multilingual-e5-small/resolve/main/tokenizer_config.json "HTTP/1.1 307 Temporary Redirect"
[2026-05-20 09:06:48] INFO - httpx - HTTP Request: HEAD https://huggingface.co/api/resolve-cache/models/intfloat/multilingual-e5-small/614241f622f53c4eeff9890bdc4f31cfecc418b3/tokenizer_config.json "HTTP/1.1 200 OK"
[2026-05-20 09:06:48] INFO - httpx - HTTP Request: GET https://huggingface.co/api/models/intfloat/multilingual-e5-small/tree/main/additional_chat_templates?recursive=false&expand=false "HTTP/1.1 404 Not Found"
[2026-05-20 09:06:48] INFO - httpx - HTTP Request: GET https://huggingface.co/api/models/intfloat/multilingual-e5-small/tree/main?recursive=true&expand=false "HTTP/1.1 200 OK"
[2026-05-20 09:06:51] INFO - httpx - HTTP Request: GET https://huggingface.co/api/models/intfloat/multilingual-e5-small "HTTP/1.1 200 OK"
[2026-05-20 09:06:52] INFO - httpx - HTTP Request: HEAD https://huggingface.co/intfloat/multilingual-e5-small/resolve/main/1_Pooling/config.json "HTTP/1.1 307 Temporary Redirect"
[2026-05-20 09:06:52] INFO - httpx - HTTP Request: HEAD https://huggingface.co/api/resolve-cache/models/intfloat/multilingual-e5-small/614241f622f53c4eeff9890bdc4f31cfecc418b3/1_Pooling%2Fconfig.json "HTTP/1.1 200 OK"
[2026-05-20 09:06:52] INFO - httpx - HTTP Request: GET https://huggingface.co/api/models/intfloat/multilingual-e5-small "HTTP/1.1 200 OK"
[2026-05-20 09:06:53] INFO - embedding - Completed embedding texts 1
[2026-05-20 09:06:53] INFO - vector_datatbase - Connecting to Qdrant via URL
[2026-05-20 09:06:53] INFO - httpx - HTTP Request: GET http://localhost:6333/collections "HTTP/1.1 200 OK"
[2026-05-20 09:06:53] INFO - vector_datatbase - Successfully connected to Qdrant
[2026-05-20 09:06:53] INFO - sparse_vector - Model loaded from vectorstore\bm25store\bm25store.pkl
[2026-05-20 09:06:53] INFO - httpx - HTTP Request: GET http://localhost:6333/collections "HTTP/1.1 200 OK"
[2026-05-20 09:06:53] INFO - vector_datatbase - Collection 'nmk_chatbot_collection' already exists.
[2026-05-20 09:06:53] INFO - httpx - HTTP Request: POST http://localhost:6333/collections/nmk_chatbot_collection/points/query "HTTP/1.1 200 OK"
[2026-05-20 09:06:54] INFO - httpx - HTTP Request: GET http://localhost:6333 "HTTP/1.1 200 OK"
[2026-05-20 09:06:55] INFO - retrieval - Success retrieval 5 items
[2026-05-20 09:26:18] INFO - embedding - Loadding embeding model. intfloat/multilingual-e5-small
[2026-05-20 09:26:30] INFO - embedding - Completed embedding texts 1
[2026-05-20 09:26:31] INFO - sparse_vector - Model loaded from vectorstore\bm25store\bm25store.pkl
[2026-05-20 09:26:32] INFO - retrieval - Success retrieval 5 items
[2026-05-20 09:35:20] INFO - embedding - Loadding embeding model. intfloat/multilingual-e5-small
[2026-05-20 09:35:33] INFO - embedding - Completed embedding texts 1
[2026-05-20 09:35:33] INFO - sparse_vector - Model loaded from vectorstore\bm25store\bm25store.pkl
[2026-05-20 09:35:34] INFO - retrieval - Success retrieval 5 items
[2026-05-20 09:48:01] INFO - embedding - Loadding embeding model. intfloat/multilingual-e5-small
[2026-05-20 09:48:13] INFO - embedding - Completed embedding texts 1
[2026-05-20 09:48:13] INFO - sparse_vector - Model loaded from vectorstore\bm25store\bm25store.pkl
[2026-05-20 09:48:14] INFO - retrieval - Success retrieval 5 items
[2026-05-20 09:53:29] INFO - embedding - Completed embedding texts 1
[2026-05-20 09:53:29] INFO - sparse_vector - Model loaded from vectorstore\bm25store\bm25store.pkl
[2026-05-20 09:53:29] INFO - retrieval - Success retrieval 5 items
[2026-05-20 22:07:01] INFO - httpx - HTTP Request: GET https://api.gradio.app/pkg-version "HTTP/1.1 200 OK"
[2026-05-20 22:07:02] INFO - httpx - HTTP Request: GET http://localhost:7860/gradio_api/startup-events "HTTP/1.1 200 OK"
[2026-05-20 22:07:04] INFO - httpx - HTTP Request: HEAD http://localhost:7860/ "HTTP/1.1 200 OK"
[2026-05-20 22:07:05] INFO - httpx - HTTP Request: HEAD https://huggingface.co/api/telemetry/https%3A/api.gradio.app/gradio-launched-telemetry "HTTP/1.1 200 OK"
[2026-05-20 22:08:24] INFO - embedding - Loadding embeding model. intfloat/multilingual-e5-small
[2026-05-20 22:08:24] INFO - sentence_transformers.base.model - No device provided, using cuda:0
[2026-05-20 22:08:26] INFO - httpx - HTTP Request: HEAD https://huggingface.co/intfloat/multilingual-e5-small/resolve/main/modules.json "HTTP/1.1 307 Temporary Redirect"
[2026-05-20 22:08:26] INFO - httpx - HTTP Request: HEAD https://huggingface.co/api/resolve-cache/models/intfloat/multilingual-e5-small/614241f622f53c4eeff9890bdc4f31cfecc418b3/modules.json "HTTP/1.1 200 OK"
[2026-05-20 22:08:26] INFO - httpx - HTTP Request: HEAD https://huggingface.co/intfloat/multilingual-e5-small/resolve/main/config_sentence_transformers.json "HTTP/1.1 404 Not Found"
[2026-05-20 22:08:26] INFO - sentence_transformers.base.model - Loading SentenceTransformer model from intfloat/multilingual-e5-small.
[2026-05-20 22:08:27] INFO - httpx - HTTP Request: HEAD https://huggingface.co/intfloat/multilingual-e5-small/resolve/main/config_sentence_transformers.json "HTTP/1.1 404 Not Found"
[2026-05-20 22:08:29] INFO - httpx - HTTP Request: HEAD https://huggingface.co/intfloat/multilingual-e5-small/resolve/main/README.md "HTTP/1.1 307 Temporary Redirect"
[2026-05-20 22:08:29] INFO - httpx - HTTP Request: HEAD https://huggingface.co/api/resolve-cache/models/intfloat/multilingual-e5-small/614241f622f53c4eeff9890bdc4f31cfecc418b3/README.md "HTTP/1.1 200 OK"
[2026-05-20 22:08:29] INFO - httpx - HTTP Request: HEAD https://huggingface.co/intfloat/multilingual-e5-small/resolve/main/modules.json "HTTP/1.1 307 Temporary Redirect"
[2026-05-20 22:08:29] INFO - httpx - HTTP Request: HEAD https://huggingface.co/api/resolve-cache/models/intfloat/multilingual-e5-small/614241f622f53c4eeff9890bdc4f31cfecc418b3/modules.json "HTTP/1.1 200 OK"
[2026-05-20 22:08:30] INFO - httpx - HTTP Request: HEAD https://huggingface.co/intfloat/multilingual-e5-small/resolve/main/sentence_bert_config.json "HTTP/1.1 307 Temporary Redirect"
[2026-05-20 22:08:30] INFO - httpx - HTTP Request: HEAD https://huggingface.co/api/resolve-cache/models/intfloat/multilingual-e5-small/614241f622f53c4eeff9890bdc4f31cfecc418b3/sentence_bert_config.json "HTTP/1.1 200 OK"
[2026-05-20 22:08:31] INFO - httpx - HTTP Request: HEAD https://huggingface.co/intfloat/multilingual-e5-small/resolve/main/adapter_config.json "HTTP/1.1 404 Not Found"
[2026-05-20 22:08:31] INFO - httpx - HTTP Request: HEAD https://huggingface.co/intfloat/multilingual-e5-small/resolve/main/config.json "HTTP/1.1 307 Temporary Redirect"
[2026-05-20 22:08:31] INFO - httpx - HTTP Request: HEAD https://huggingface.co/api/resolve-cache/models/intfloat/multilingual-e5-small/614241f622f53c4eeff9890bdc4f31cfecc418b3/config.json "HTTP/1.1 200 OK"
[2026-05-20 22:08:32] INFO - httpx - HTTP Request: HEAD https://huggingface.co/intfloat/multilingual-e5-small/resolve/main/config.json "HTTP/1.1 307 Temporary Redirect"
[2026-05-20 22:08:32] INFO - httpx - HTTP Request: HEAD https://huggingface.co/api/resolve-cache/models/intfloat/multilingual-e5-small/614241f622f53c4eeff9890bdc4f31cfecc418b3/config.json "HTTP/1.1 200 OK"
[2026-05-20 22:08:32] INFO - httpx - HTTP Request: HEAD https://huggingface.co/intfloat/multilingual-e5-small/resolve/main/processor_config.json "HTTP/1.1 404 Not Found"
[2026-05-20 22:08:33] INFO - httpx - HTTP Request: HEAD https://huggingface.co/intfloat/multilingual-e5-small/resolve/main/preprocessor_config.json "HTTP/1.1 404 Not Found"
[2026-05-20 22:08:33] INFO - httpx - HTTP Request: HEAD https://huggingface.co/intfloat/multilingual-e5-small/resolve/main/video_preprocessor_config.json "HTTP/1.1 404 Not Found"
[2026-05-20 22:08:34] INFO - httpx - HTTP Request: HEAD https://huggingface.co/intfloat/multilingual-e5-small/resolve/main/preprocessor_config.json "HTTP/1.1 404 Not Found"
[2026-05-20 22:08:35] INFO - httpx - HTTP Request: HEAD https://huggingface.co/intfloat/multilingual-e5-small/resolve/main/tokenizer_config.json "HTTP/1.1 307 Temporary Redirect"
[2026-05-20 22:08:35] INFO - httpx - HTTP Request: HEAD https://huggingface.co/api/resolve-cache/models/intfloat/multilingual-e5-small/614241f622f53c4eeff9890bdc4f31cfecc418b3/tokenizer_config.json "HTTP/1.1 200 OK"
[2026-05-20 22:08:35] INFO - httpx - HTTP Request: HEAD https://huggingface.co/intfloat/multilingual-e5-small/resolve/main/config.json "HTTP/1.1 307 Temporary Redirect"
[2026-05-20 22:08:35] INFO - httpx - HTTP Request: HEAD https://huggingface.co/api/resolve-cache/models/intfloat/multilingual-e5-small/614241f622f53c4eeff9890bdc4f31cfecc418b3/config.json "HTTP/1.1 200 OK"
[2026-05-20 22:08:35] INFO - httpx - HTTP Request: HEAD https://huggingface.co/intfloat/multilingual-e5-small/resolve/main/config.json "HTTP/1.1 307 Temporary Redirect"
[2026-05-20 22:08:35] INFO - httpx - HTTP Request: HEAD https://huggingface.co/api/resolve-cache/models/intfloat/multilingual-e5-small/614241f622f53c4eeff9890bdc4f31cfecc418b3/config.json "HTTP/1.1 200 OK"
[2026-05-20 22:08:36] INFO - httpx - HTTP Request: HEAD https://huggingface.co/intfloat/multilingual-e5-small/resolve/main/tokenizer_config.json "HTTP/1.1 307 Temporary Redirect"
[2026-05-20 22:08:36] INFO - httpx - HTTP Request: HEAD https://huggingface.co/api/resolve-cache/models/intfloat/multilingual-e5-small/614241f622f53c4eeff9890bdc4f31cfecc418b3/tokenizer_config.json "HTTP/1.1 200 OK"
[2026-05-20 22:08:36] INFO - httpx - HTTP Request: HEAD https://huggingface.co/intfloat/multilingual-e5-small/resolve/main/tokenizer_config.json "HTTP/1.1 307 Temporary Redirect"
[2026-05-20 22:08:36] INFO - httpx - HTTP Request: HEAD https://huggingface.co/api/resolve-cache/models/intfloat/multilingual-e5-small/614241f622f53c4eeff9890bdc4f31cfecc418b3/tokenizer_config.json "HTTP/1.1 200 OK"
[2026-05-20 22:08:36] INFO - httpx - HTTP Request: GET https://huggingface.co/api/models/intfloat/multilingual-e5-small/tree/main/additional_chat_templates?recursive=false&expand=false "HTTP/1.1 404 Not Found"
[2026-05-20 22:08:38] INFO - httpx - HTTP Request: GET https://huggingface.co/api/models/intfloat/multilingual-e5-small/tree/main?recursive=true&expand=false "HTTP/1.1 200 OK"
[2026-05-20 22:08:42] INFO - httpx - HTTP Request: GET https://huggingface.co/api/models/intfloat/multilingual-e5-small "HTTP/1.1 200 OK"
[2026-05-20 22:08:42] INFO - httpx - HTTP Request: HEAD https://huggingface.co/intfloat/multilingual-e5-small/resolve/main/1_Pooling/config.json "HTTP/1.1 307 Temporary Redirect"
[2026-05-20 22:08:42] INFO - httpx - HTTP Request: HEAD https://huggingface.co/api/resolve-cache/models/intfloat/multilingual-e5-small/614241f622f53c4eeff9890bdc4f31cfecc418b3/1_Pooling%2Fconfig.json "HTTP/1.1 200 OK"
[2026-05-20 22:08:42] INFO - httpx - HTTP Request: GET https://huggingface.co/api/models/intfloat/multilingual-e5-small "HTTP/1.1 200 OK"
[2026-05-20 22:08:44] INFO - embedding - Completed embedding texts 1
[2026-05-20 22:08:44] INFO - vector_datatbase - Connecting to Qdrant via URL
[2026-05-20 22:08:44] INFO - httpx - HTTP Request: GET http://localhost:6333/collections "HTTP/1.1 200 OK"
[2026-05-20 22:08:44] INFO - vector_datatbase - Successfully connected to Qdrant
[2026-05-20 22:08:44] INFO - sparse_vector - Model loaded from vectorstore\bm25store\bm25store.pkl
[2026-05-20 22:08:45] INFO - httpx - HTTP Request: GET http://localhost:6333/collections "HTTP/1.1 200 OK"
[2026-05-20 22:08:45] INFO - vector_datatbase - Collection 'nmk_chatbot_collection' already exists.
[2026-05-20 22:08:45] INFO - httpx - HTTP Request: GET http://localhost:6333 "HTTP/1.1 200 OK"
[2026-05-20 22:08:45] INFO - httpx - HTTP Request: POST http://localhost:6333/collections/nmk_chatbot_collection/points/query "HTTP/1.1 200 OK"
[2026-05-20 22:08:45] INFO - retrieval - Success retrieval 5 items
[2026-05-20 22:33:22] INFO - embedding - Loadding embeding model. intfloat/multilingual-e5-small
[2026-05-20 22:33:22] INFO - sentence_transformers.base.model - No device provided, using cuda:0
[2026-05-20 22:33:22] INFO - httpx - HTTP Request: HEAD https://huggingface.co/intfloat/multilingual-e5-small/resolve/main/modules.json "HTTP/1.1 307 Temporary Redirect"
[2026-05-20 22:33:22] INFO - httpx - HTTP Request: HEAD https://huggingface.co/api/resolve-cache/models/intfloat/multilingual-e5-small/614241f622f53c4eeff9890bdc4f31cfecc418b3/modules.json "HTTP/1.1 200 OK"
[2026-05-20 22:33:22] INFO - httpx - HTTP Request: HEAD https://huggingface.co/intfloat/multilingual-e5-small/resolve/main/config_sentence_transformers.json "HTTP/1.1 404 Not Found"
[2026-05-20 22:33:22] INFO - sentence_transformers.base.model - Loading SentenceTransformer model from intfloat/multilingual-e5-small.
[2026-05-20 22:33:23] INFO - httpx - HTTP Request: HEAD https://huggingface.co/intfloat/multilingual-e5-small/resolve/main/config_sentence_transformers.json "HTTP/1.1 404 Not Found"
[2026-05-20 22:33:23] INFO - httpx - HTTP Request: HEAD https://huggingface.co/intfloat/multilingual-e5-small/resolve/main/README.md "HTTP/1.1 307 Temporary Redirect"
[2026-05-20 22:33:23] INFO - httpx - HTTP Request: HEAD https://huggingface.co/api/resolve-cache/models/intfloat/multilingual-e5-small/614241f622f53c4eeff9890bdc4f31cfecc418b3/README.md "HTTP/1.1 200 OK"
[2026-05-20 22:33:23] INFO - httpx - HTTP Request: HEAD https://huggingface.co/intfloat/multilingual-e5-small/resolve/main/modules.json "HTTP/1.1 307 Temporary Redirect"
[2026-05-20 22:33:23] INFO - httpx - HTTP Request: HEAD https://huggingface.co/api/resolve-cache/models/intfloat/multilingual-e5-small/614241f622f53c4eeff9890bdc4f31cfecc418b3/modules.json "HTTP/1.1 200 OK"
[2026-05-20 22:33:23] INFO - httpx - HTTP Request: HEAD https://huggingface.co/intfloat/multilingual-e5-small/resolve/main/sentence_bert_config.json "HTTP/1.1 307 Temporary Redirect"
[2026-05-20 22:33:23] INFO - httpx - HTTP Request: HEAD https://huggingface.co/api/resolve-cache/models/intfloat/multilingual-e5-small/614241f622f53c4eeff9890bdc4f31cfecc418b3/sentence_bert_config.json "HTTP/1.1 200 OK"
[2026-05-20 22:33:24] INFO - httpx - HTTP Request: HEAD https://huggingface.co/intfloat/multilingual-e5-small/resolve/main/adapter_config.json "HTTP/1.1 404 Not Found"
[2026-05-20 22:33:24] INFO - httpx - HTTP Request: HEAD https://huggingface.co/intfloat/multilingual-e5-small/resolve/main/config.json "HTTP/1.1 307 Temporary Redirect"
[2026-05-20 22:33:24] INFO - httpx - HTTP Request: HEAD https://huggingface.co/api/resolve-cache/models/intfloat/multilingual-e5-small/614241f622f53c4eeff9890bdc4f31cfecc418b3/config.json "HTTP/1.1 200 OK"
[2026-05-20 22:33:24] INFO - httpx - HTTP Request: HEAD https://huggingface.co/intfloat/multilingual-e5-small/resolve/main/config.json "HTTP/1.1 307 Temporary Redirect"
[2026-05-20 22:33:24] INFO - httpx - HTTP Request: HEAD https://huggingface.co/api/resolve-cache/models/intfloat/multilingual-e5-small/614241f622f53c4eeff9890bdc4f31cfecc418b3/config.json "HTTP/1.1 200 OK"
[2026-05-20 22:33:25] INFO - httpx - HTTP Request: HEAD https://huggingface.co/intfloat/multilingual-e5-small/resolve/main/processor_config.json "HTTP/1.1 404 Not Found"
[2026-05-20 22:33:25] INFO - httpx - HTTP Request: HEAD https://huggingface.co/intfloat/multilingual-e5-small/resolve/main/preprocessor_config.json "HTTP/1.1 404 Not Found"
[2026-05-20 22:33:25] INFO - httpx - HTTP Request: HEAD https://huggingface.co/intfloat/multilingual-e5-small/resolve/main/video_preprocessor_config.json "HTTP/1.1 404 Not Found"
[2026-05-20 22:33:25] INFO - httpx - HTTP Request: HEAD https://huggingface.co/intfloat/multilingual-e5-small/resolve/main/preprocessor_config.json "HTTP/1.1 404 Not Found"
[2026-05-20 22:33:26] INFO - httpx - HTTP Request: HEAD https://huggingface.co/intfloat/multilingual-e5-small/resolve/main/tokenizer_config.json "HTTP/1.1 307 Temporary Redirect"
[2026-05-20 22:33:26] INFO - httpx - HTTP Request: HEAD https://huggingface.co/api/resolve-cache/models/intfloat/multilingual-e5-small/614241f622f53c4eeff9890bdc4f31cfecc418b3/tokenizer_config.json "HTTP/1.1 200 OK"
[2026-05-20 22:33:26] INFO - httpx - HTTP Request: HEAD https://huggingface.co/intfloat/multilingual-e5-small/resolve/main/config.json "HTTP/1.1 307 Temporary Redirect"
[2026-05-20 22:33:26] INFO - httpx - HTTP Request: HEAD https://huggingface.co/api/resolve-cache/models/intfloat/multilingual-e5-small/614241f622f53c4eeff9890bdc4f31cfecc418b3/config.json "HTTP/1.1 200 OK"
[2026-05-20 22:33:26] INFO - httpx - HTTP Request: HEAD https://huggingface.co/intfloat/multilingual-e5-small/resolve/main/config.json "HTTP/1.1 307 Temporary Redirect"
[2026-05-20 22:33:26] INFO - httpx - HTTP Request: HEAD https://huggingface.co/api/resolve-cache/models/intfloat/multilingual-e5-small/614241f622f53c4eeff9890bdc4f31cfecc418b3/config.json "HTTP/1.1 200 OK"
[2026-05-20 22:33:27] INFO - httpx - HTTP Request: HEAD https://huggingface.co/intfloat/multilingual-e5-small/resolve/main/tokenizer_config.json "HTTP/1.1 307 Temporary Redirect"
[2026-05-20 22:33:27] INFO - httpx - HTTP Request: HEAD https://huggingface.co/api/resolve-cache/models/intfloat/multilingual-e5-small/614241f622f53c4eeff9890bdc4f31cfecc418b3/tokenizer_config.json "HTTP/1.1 200 OK"
[2026-05-20 22:33:27] INFO - httpx - HTTP Request: HEAD https://huggingface.co/intfloat/multilingual-e5-small/resolve/main/tokenizer_config.json "HTTP/1.1 307 Temporary Redirect"
[2026-05-20 22:33:27] INFO - httpx - HTTP Request: HEAD https://huggingface.co/api/resolve-cache/models/intfloat/multilingual-e5-small/614241f622f53c4eeff9890bdc4f31cfecc418b3/tokenizer_config.json "HTTP/1.1 200 OK"
[2026-05-20 22:33:27] INFO - httpx - HTTP Request: GET https://huggingface.co/api/models/intfloat/multilingual-e5-small/tree/main/additional_chat_templates?recursive=false&expand=false "HTTP/1.1 404 Not Found"
[2026-05-20 22:33:27] INFO - httpx - HTTP Request: GET https://huggingface.co/api/models/intfloat/multilingual-e5-small/tree/main?recursive=true&expand=false "HTTP/1.1 200 OK"
[2026-05-20 22:33:30] INFO - httpx - HTTP Request: GET https://huggingface.co/api/models/intfloat/multilingual-e5-small "HTTP/1.1 200 OK"
[2026-05-20 22:33:31] INFO - httpx - HTTP Request: HEAD https://huggingface.co/intfloat/multilingual-e5-small/resolve/main/1_Pooling/config.json "HTTP/1.1 307 Temporary Redirect"
[2026-05-20 22:33:31] INFO - httpx - HTTP Request: HEAD https://huggingface.co/api/resolve-cache/models/intfloat/multilingual-e5-small/614241f622f53c4eeff9890bdc4f31cfecc418b3/1_Pooling%2Fconfig.json "HTTP/1.1 200 OK"
[2026-05-20 22:33:31] INFO - httpx - HTTP Request: GET https://huggingface.co/api/models/intfloat/multilingual-e5-small "HTTP/1.1 200 OK"
[2026-05-20 22:33:33] INFO - embedding - Completed embedding texts 1
[2026-05-20 22:33:33] INFO - vector_datatbase - Connecting to Qdrant via URL
[2026-05-20 22:33:33] INFO - httpx - HTTP Request: GET http://localhost:6333/collections "HTTP/1.1 200 OK"
[2026-05-20 22:33:33] INFO - vector_datatbase - Successfully connected to Qdrant
[2026-05-20 22:33:33] INFO - sparse_vector - Model loaded from vectorstore\bm25store\bm25store.pkl
[2026-05-20 22:33:33] INFO - httpx - HTTP Request: GET http://localhost:6333/collections "HTTP/1.1 200 OK"
[2026-05-20 22:33:33] INFO - vector_datatbase - Collection 'nmk_chatbot_collection' already exists.
[2026-05-20 22:33:33] INFO - httpx - HTTP Request: POST http://localhost:6333/collections/nmk_chatbot_collection/points/query "HTTP/1.1 200 OK"
[2026-05-20 22:33:33] INFO - httpx - HTTP Request: GET http://localhost:6333 "HTTP/1.1 200 OK"
[2026-05-20 22:33:34] INFO - retrieval - Success retrieval 5 items
[2026-05-20 22:36:01] INFO - embedding - Completed embedding texts 1
[2026-05-20 22:36:01] INFO - sparse_vector - Model loaded from vectorstore\bm25store\bm25store.pkl
[2026-05-20 22:36:01] INFO - httpx - HTTP Request: GET http://localhost:6333/collections "HTTP/1.1 200 OK"
[2026-05-20 22:36:01] INFO - vector_datatbase - Collection 'nmk_chatbot_collection' already exists.
[2026-05-20 22:36:01] INFO - httpx - HTTP Request: POST http://localhost:6333/collections/nmk_chatbot_collection/points/query "HTTP/1.1 200 OK"
[2026-05-20 22:36:02] INFO - retrieval - Success retrieval 5 items
[2026-05-21 10:04:54] INFO - embedding - Loadding embeding model. intfloat/multilingual-e5-small
[2026-05-21 10:04:54] INFO - sentence_transformers.base.model - No device provided, using cuda:0
[2026-05-21 10:04:57] INFO - httpx - HTTP Request: HEAD https://huggingface.co/intfloat/multilingual-e5-small/resolve/main/modules.json "HTTP/1.1 307 Temporary Redirect"
[2026-05-21 10:04:57] INFO - httpx - HTTP Request: HEAD https://huggingface.co/api/resolve-cache/models/intfloat/multilingual-e5-small/614241f622f53c4eeff9890bdc4f31cfecc418b3/modules.json "HTTP/1.1 200 OK"
[2026-05-21 10:05:00] INFO - httpx - HTTP Request: HEAD https://huggingface.co/intfloat/multilingual-e5-small/resolve/main/config_sentence_transformers.json "HTTP/1.1 404 Not Found"
[2026-05-21 10:05:00] INFO - sentence_transformers.base.model - Loading SentenceTransformer model from intfloat/multilingual-e5-small.
[2026-05-21 10:05:02] INFO - httpx - HTTP Request: HEAD https://huggingface.co/intfloat/multilingual-e5-small/resolve/main/config_sentence_transformers.json "HTTP/1.1 404 Not Found"
[2026-05-21 10:05:02] INFO - httpx - HTTP Request: HEAD https://huggingface.co/intfloat/multilingual-e5-small/resolve/main/README.md "HTTP/1.1 307 Temporary Redirect"
[2026-05-21 10:05:02] INFO - httpx - HTTP Request: HEAD https://huggingface.co/api/resolve-cache/models/intfloat/multilingual-e5-small/614241f622f53c4eeff9890bdc4f31cfecc418b3/README.md "HTTP/1.1 200 OK"
[2026-05-21 10:05:02] INFO - httpx - HTTP Request: HEAD https://huggingface.co/intfloat/multilingual-e5-small/resolve/main/modules.json "HTTP/1.1 307 Temporary Redirect"
[2026-05-21 10:05:02] INFO - httpx - HTTP Request: HEAD https://huggingface.co/api/resolve-cache/models/intfloat/multilingual-e5-small/614241f622f53c4eeff9890bdc4f31cfecc418b3/modules.json "HTTP/1.1 200 OK"
[2026-05-21 10:05:04] INFO - httpx - HTTP Request: HEAD https://huggingface.co/intfloat/multilingual-e5-small/resolve/main/sentence_bert_config.json "HTTP/1.1 307 Temporary Redirect"
[2026-05-21 10:05:04] INFO - httpx - HTTP Request: HEAD https://huggingface.co/api/resolve-cache/models/intfloat/multilingual-e5-small/614241f622f53c4eeff9890bdc4f31cfecc418b3/sentence_bert_config.json "HTTP/1.1 200 OK"
[2026-05-21 10:05:04] INFO - httpx - HTTP Request: HEAD https://huggingface.co/intfloat/multilingual-e5-small/resolve/main/adapter_config.json "HTTP/1.1 404 Not Found"
[2026-05-21 10:05:05] INFO - httpx - HTTP Request: HEAD https://huggingface.co/intfloat/multilingual-e5-small/resolve/main/config.json "HTTP/1.1 307 Temporary Redirect"
[2026-05-21 10:05:05] INFO - httpx - HTTP Request: HEAD https://huggingface.co/api/resolve-cache/models/intfloat/multilingual-e5-small/614241f622f53c4eeff9890bdc4f31cfecc418b3/config.json "HTTP/1.1 200 OK"
[2026-05-21 10:05:06] INFO - httpx - HTTP Request: HEAD https://huggingface.co/intfloat/multilingual-e5-small/resolve/main/config.json "HTTP/1.1 307 Temporary Redirect"
[2026-05-21 10:05:06] INFO - httpx - HTTP Request: HEAD https://huggingface.co/api/resolve-cache/models/intfloat/multilingual-e5-small/614241f622f53c4eeff9890bdc4f31cfecc418b3/config.json "HTTP/1.1 200 OK"
[2026-05-21 10:05:12] INFO - httpx - HTTP Request: HEAD https://huggingface.co/intfloat/multilingual-e5-small/resolve/main/processor_config.json "HTTP/1.1 404 Not Found"
[2026-05-21 10:05:13] INFO - httpx - HTTP Request: HEAD https://huggingface.co/intfloat/multilingual-e5-small/resolve/main/preprocessor_config.json "HTTP/1.1 404 Not Found"
[2026-05-21 10:05:14] INFO - httpx - HTTP Request: HEAD https://huggingface.co/intfloat/multilingual-e5-small/resolve/main/video_preprocessor_config.json "HTTP/1.1 404 Not Found"
[2026-05-21 10:05:15] INFO - httpx - HTTP Request: HEAD https://huggingface.co/intfloat/multilingual-e5-small/resolve/main/preprocessor_config.json "HTTP/1.1 404 Not Found"
[2026-05-21 10:05:16] INFO - httpx - HTTP Request: HEAD https://huggingface.co/intfloat/multilingual-e5-small/resolve/main/tokenizer_config.json "HTTP/1.1 307 Temporary Redirect"
[2026-05-21 10:05:16] INFO - httpx - HTTP Request: HEAD https://huggingface.co/api/resolve-cache/models/intfloat/multilingual-e5-small/614241f622f53c4eeff9890bdc4f31cfecc418b3/tokenizer_config.json "HTTP/1.1 200 OK"
[2026-05-21 10:05:16] INFO - httpx - HTTP Request: HEAD https://huggingface.co/intfloat/multilingual-e5-small/resolve/main/config.json "HTTP/1.1 307 Temporary Redirect"
[2026-05-21 10:05:16] INFO - httpx - HTTP Request: HEAD https://huggingface.co/api/resolve-cache/models/intfloat/multilingual-e5-small/614241f622f53c4eeff9890bdc4f31cfecc418b3/config.json "HTTP/1.1 200 OK"
[2026-05-21 10:05:17] INFO - httpx - HTTP Request: HEAD https://huggingface.co/intfloat/multilingual-e5-small/resolve/main/config.json "HTTP/1.1 307 Temporary Redirect"
[2026-05-21 10:05:17] INFO - httpx - HTTP Request: HEAD https://huggingface.co/api/resolve-cache/models/intfloat/multilingual-e5-small/614241f622f53c4eeff9890bdc4f31cfecc418b3/config.json "HTTP/1.1 200 OK"
[2026-05-21 10:05:19] INFO - httpx - HTTP Request: HEAD https://huggingface.co/intfloat/multilingual-e5-small/resolve/main/tokenizer_config.json "HTTP/1.1 307 Temporary Redirect"
[2026-05-21 10:05:19] INFO - httpx - HTTP Request: HEAD https://huggingface.co/api/resolve-cache/models/intfloat/multilingual-e5-small/614241f622f53c4eeff9890bdc4f31cfecc418b3/tokenizer_config.json "HTTP/1.1 200 OK"
[2026-05-21 10:05:20] INFO - httpx - HTTP Request: HEAD https://huggingface.co/intfloat/multilingual-e5-small/resolve/main/tokenizer_config.json "HTTP/1.1 307 Temporary Redirect"
[2026-05-21 10:05:20] INFO - httpx - HTTP Request: HEAD https://huggingface.co/api/resolve-cache/models/intfloat/multilingual-e5-small/614241f622f53c4eeff9890bdc4f31cfecc418b3/tokenizer_config.json "HTTP/1.1 200 OK"
[2026-05-21 10:05:21] INFO - httpx - HTTP Request: GET https://huggingface.co/api/models/intfloat/multilingual-e5-small/tree/main/additional_chat_templates?recursive=false&expand=false "HTTP/1.1 404 Not Found"
[2026-05-21 10:05:21] INFO - httpx - HTTP Request: GET https://huggingface.co/api/models/intfloat/multilingual-e5-small/tree/main?recursive=true&expand=false "HTTP/1.1 200 OK"
[2026-05-21 10:05:25] INFO - httpx - HTTP Request: GET https://huggingface.co/api/models/intfloat/multilingual-e5-small "HTTP/1.1 200 OK"
[2026-05-21 10:05:25] INFO - httpx - HTTP Request: HEAD https://huggingface.co/intfloat/multilingual-e5-small/resolve/main/1_Pooling/config.json "HTTP/1.1 307 Temporary Redirect"
[2026-05-21 10:05:25] INFO - httpx - HTTP Request: HEAD https://huggingface.co/api/resolve-cache/models/intfloat/multilingual-e5-small/614241f622f53c4eeff9890bdc4f31cfecc418b3/1_Pooling%2Fconfig.json "HTTP/1.1 200 OK"
[2026-05-21 10:05:26] INFO - httpx - HTTP Request: GET https://huggingface.co/api/models/intfloat/multilingual-e5-small "HTTP/1.1 200 OK"
[2026-05-21 10:05:27] INFO - embedding - Completed embedding texts 1
[2026-05-21 10:05:27] INFO - vector_datatbase - Connecting to Qdrant via URL
[2026-05-21 10:05:32] ERROR - vector_datatbase - Failed to connect to Qdrant: [WinError 10061] No connection could be made because the target machine actively refused it
[2026-05-21 10:05:54] INFO - embedding - Completed embedding texts 1
[2026-05-21 10:05:54] INFO - sparse_vector - Model loaded from vectorstore\bm25store\bm25store.pkl
[2026-05-21 10:05:54] INFO - httpx - HTTP Request: GET http://localhost:6333/collections "HTTP/1.1 200 OK"
[2026-05-21 10:05:54] INFO - vector_datatbase - Collection 'nmk_chatbot_collection' already exists.
[2026-05-21 10:05:54] INFO - httpx - HTTP Request: POST http://localhost:6333/collections/nmk_chatbot_collection/points/query "HTTP/1.1 200 OK"
[2026-05-21 10:05:55] INFO - retrieval - Success retrieval 5 items
[2026-05-21 10:07:45] INFO - embedding - Completed embedding texts 1
[2026-05-21 10:07:45] INFO - sparse_vector - Model loaded from vectorstore\bm25store\bm25store.pkl
[2026-05-21 10:07:45] INFO - httpx - HTTP Request: GET http://localhost:6333/collections "HTTP/1.1 200 OK"
[2026-05-21 10:07:45] INFO - vector_datatbase - Collection 'nmk_chatbot_collection' already exists.
[2026-05-21 10:07:45] INFO - httpx - HTTP Request: POST http://localhost:6333/collections/nmk_chatbot_collection/points/query "HTTP/1.1 200 OK"
[2026-05-21 10:07:46] INFO - retrieval - Success retrieval 5 items
[2026-05-21 10:11:45] INFO - embedding - Completed embedding texts 1
[2026-05-21 10:11:45] INFO - sparse_vector - Model loaded from vectorstore\bm25store\bm25store.pkl
[2026-05-21 10:11:45] INFO - httpx - HTTP Request: GET http://localhost:6333/collections "HTTP/1.1 200 OK"
[2026-05-21 10:11:45] INFO - vector_datatbase - Collection 'nmk_chatbot_collection' already exists.
[2026-05-21 10:11:45] INFO - httpx - HTTP Request: POST http://localhost:6333/collections/nmk_chatbot_collection/points/query "HTTP/1.1 200 OK"
[2026-05-21 10:11:46] INFO - retrieval - Success retrieval 5 items
[2026-05-21 10:13:07] INFO - embedding - Completed embedding texts 1
[2026-05-21 10:13:07] INFO - sparse_vector - Model loaded from vectorstore\bm25store\bm25store.pkl
[2026-05-21 10:13:07] INFO - httpx - HTTP Request: GET http://localhost:6333/collections "HTTP/1.1 200 OK"
[2026-05-21 10:13:07] INFO - vector_datatbase - Collection 'nmk_chatbot_collection' already exists.
[2026-05-21 10:13:08] INFO - httpx - HTTP Request: POST http://localhost:6333/collections/nmk_chatbot_collection/points/query "HTTP/1.1 200 OK"
[2026-05-21 10:13:08] INFO - retrieval - Success retrieval 5 items
[2026-05-21 11:00:33] INFO - ingestion - Starting chunking process for: data\processed\168_2024_ND-CP_619502.json
[2026-05-21 11:00:33] INFO - embedding - Loadding embeding model. intfloat/multilingual-e5-small
[2026-05-21 11:00:59] INFO - embedding - Completed embedding texts 1052
[2026-05-21 11:00:59] INFO - embedding - Built 1052 Qdrant points.
[2026-05-21 11:00:59] INFO - vector_database - Upserted 1052 points into collection 'nmk_chatbot_collection'.
[2026-05-21 11:00:59] INFO - sparse_vector - Initialized BM25: 1052 docs, 1088 terms.
[2026-05-21 11:00:59] INFO - sparse_vector - Model saved to vectorstore\bm25store\bm25store.pkl
[2026-05-21 11:02:48] INFO - ingestion - Starting chunking process for: data\processed\168_2024_ND-CP_619502.json
[2026-05-21 11:05:15] INFO - ingestion - Starting chunking process for: data\processed\168_2024_ND-CP_619502.json
[2026-05-21 11:05:15] INFO - ingestion - Chunking complete. Generated 1052 chunks from 'data\processed\168_2024_ND-CP_619502.json'.
[2026-05-21 11:05:52] INFO - ingestion - Starting chunking process for: data\processed\168_2024_ND-CP_619502.json
[2026-05-21 11:05:52] INFO - ingestion - Processing document: data\processed\168_2024_ND-CP_619502.json (4 chapters found)
[2026-05-21 11:05:52] INFO - ingestion - Chunking complete. Generated 1052 chunks from 'data\processed\168_2024_ND-CP_619502.json'.
[2026-05-21 11:06:53] INFO - ingestion - Starting chunking process for: data\processed\168_2024_ND-CP_619502.json
[2026-05-21 11:06:53] INFO - ingestion - Processing document file: data\processed\168_2024_ND-CP_619502.json (4 chapters found)
[2026-05-21 11:06:53] INFO - ingestion - Chunking complete. Generated 1052 chunks from file: 'data\processed\168_2024_ND-CP_619502.json'.
[2026-05-21 11:06:54] INFO - embedding - Loadding embeding model. intfloat/multilingual-e5-small
[2026-05-21 11:07:20] INFO - embedding - Completed embedding texts 1052
[2026-05-21 11:07:20] INFO - embedding - Built 1052 Qdrant points.
[2026-05-21 11:07:20] INFO - vector_database - Upserted 1052 points into collection 'nmk_chatbot_collection'.
[2026-05-21 11:07:20] INFO - sparse_vector - Initialized BM25: 1052 docs, 1088 terms.
[2026-05-21 11:07:20] INFO - sparse_vector - Model saved to vectorstore\bm25store\bm25store.pkl
[2026-05-21 11:13:10] INFO - ingestion - Starting chunking process for: data\processed\168_2024_ND-CP_619502.json
[2026-05-21 11:13:10] INFO - ingestion - Processing document file: data\processed\168_2024_ND-CP_619502.json (4 chapters found)
[2026-05-21 11:13:10] INFO - ingestion - Chunking complete. Generated 1052 chunks from file: 'data\processed\168_2024_ND-CP_619502.json'.
[2026-05-21 11:15:40] INFO - ingestion - Starting chunking process for: data\processed\168_2024_ND-CP_619502.json
[2026-05-21 11:15:40] INFO - ingestion - Processing document file: data\processed\168_2024_ND-CP_619502.json (4 chapters found)
[2026-05-21 11:15:40] INFO - ingestion - Chunking complete. Generated 1052 chunks from file: 'data\processed\168_2024_ND-CP_619502.json'.
[2026-05-21 11:17:22] INFO - ingestion - Starting chunking process for: data\processed\168_2024_ND-CP_619502.json
[2026-05-21 11:17:22] INFO - ingestion - Processing document file: data\processed\168_2024_ND-CP_619502.json (4 chapters found)
[2026-05-21 11:17:22] INFO - ingestion - Chunking complete. Generated 1052 chunks from file: 'data\processed\168_2024_ND-CP_619502.json'.
[2026-05-21 11:18:44] INFO - ingestion - Starting chunking process for: data\processed\168_2024_ND-CP_619502.json
[2026-05-21 11:18:44] INFO - ingestion - Processing document file: data\processed\168_2024_ND-CP_619502.json (4 chapters found)
[2026-05-21 11:18:44] INFO - ingestion - Chunking complete. Generated 1052 chunks from file: 'data\processed\168_2024_ND-CP_619502.json'.
[2026-05-21 11:19:47] INFO - ingestion - Starting chunking process for: data\processed\168_2024_ND-CP_619502.json
[2026-05-21 11:19:47] INFO - ingestion - Processing document file: data\processed\168_2024_ND-CP_619502.json (4 chapters found)
[2026-05-21 11:19:47] INFO - ingestion - Chunking complete. Generated 1052 chunks from file: 'data\processed\168_2024_ND-CP_619502.json'.
[2026-05-21 11:20:11] INFO - ingestion - Starting chunking process for: data\processed\168_2024_ND-CP_619502.json
[2026-05-21 11:20:11] INFO - ingestion - Processing document file: data\processed\168_2024_ND-CP_619502.json (4 chapters found)
[2026-05-21 11:20:11] INFO - ingestion - Chunking complete. Generated 1052 chunks from file: 'data\processed\168_2024_ND-CP_619502.json'.
[2026-05-21 11:26:43] INFO - embedding - Loadding embeding model. intfloat/multilingual-e5-small
[2026-05-21 11:26:43] INFO - sentence_transformers.base.model - No device provided, using cuda:0
[2026-05-21 11:26:50] INFO - httpx - HTTP Request: HEAD https://huggingface.co/intfloat/multilingual-e5-small/resolve/main/modules.json "HTTP/1.1 307 Temporary Redirect"
[2026-05-21 11:26:50] INFO - httpx - HTTP Request: HEAD https://huggingface.co/api/resolve-cache/models/intfloat/multilingual-e5-small/614241f622f53c4eeff9890bdc4f31cfecc418b3/modules.json "HTTP/1.1 200 OK"
[2026-05-21 11:26:50] INFO - httpx - HTTP Request: HEAD https://huggingface.co/intfloat/multilingual-e5-small/resolve/main/config_sentence_transformers.json "HTTP/1.1 404 Not Found"
[2026-05-21 11:26:50] INFO - sentence_transformers.base.model - Loading SentenceTransformer model from intfloat/multilingual-e5-small.
[2026-05-21 11:26:50] INFO - httpx - HTTP Request: HEAD https://huggingface.co/intfloat/multilingual-e5-small/resolve/main/config_sentence_transformers.json "HTTP/1.1 404 Not Found"
[2026-05-21 11:26:51] INFO - httpx - HTTP Request: HEAD https://huggingface.co/intfloat/multilingual-e5-small/resolve/main/README.md "HTTP/1.1 307 Temporary Redirect"
[2026-05-21 11:26:51] INFO - httpx - HTTP Request: HEAD https://huggingface.co/api/resolve-cache/models/intfloat/multilingual-e5-small/614241f622f53c4eeff9890bdc4f31cfecc418b3/README.md "HTTP/1.1 200 OK"
[2026-05-21 11:26:51] INFO - httpx - HTTP Request: HEAD https://huggingface.co/intfloat/multilingual-e5-small/resolve/main/modules.json "HTTP/1.1 307 Temporary Redirect"
[2026-05-21 11:26:51] INFO - httpx - HTTP Request: HEAD https://huggingface.co/api/resolve-cache/models/intfloat/multilingual-e5-small/614241f622f53c4eeff9890bdc4f31cfecc418b3/modules.json "HTTP/1.1 200 OK"
[2026-05-21 11:26:51] INFO - httpx - HTTP Request: HEAD https://huggingface.co/intfloat/multilingual-e5-small/resolve/main/sentence_bert_config.json "HTTP/1.1 307 Temporary Redirect"
[2026-05-21 11:26:51] INFO - httpx - HTTP Request: HEAD https://huggingface.co/api/resolve-cache/models/intfloat/multilingual-e5-small/614241f622f53c4eeff9890bdc4f31cfecc418b3/sentence_bert_config.json "HTTP/1.1 200 OK"
[2026-05-21 11:26:52] INFO - httpx - HTTP Request: HEAD https://huggingface.co/intfloat/multilingual-e5-small/resolve/main/adapter_config.json "HTTP/1.1 404 Not Found"
[2026-05-21 11:26:52] INFO - httpx - HTTP Request: HEAD https://huggingface.co/intfloat/multilingual-e5-small/resolve/main/config.json "HTTP/1.1 307 Temporary Redirect"
[2026-05-21 11:26:52] INFO - httpx - HTTP Request: HEAD https://huggingface.co/api/resolve-cache/models/intfloat/multilingual-e5-small/614241f622f53c4eeff9890bdc4f31cfecc418b3/config.json "HTTP/1.1 200 OK"
[2026-05-21 11:26:52] INFO - httpx - HTTP Request: HEAD https://huggingface.co/intfloat/multilingual-e5-small/resolve/main/config.json "HTTP/1.1 307 Temporary Redirect"
[2026-05-21 11:26:52] INFO - httpx - HTTP Request: HEAD https://huggingface.co/api/resolve-cache/models/intfloat/multilingual-e5-small/614241f622f53c4eeff9890bdc4f31cfecc418b3/config.json "HTTP/1.1 200 OK"
[2026-05-21 11:26:53] INFO - httpx - HTTP Request: HEAD https://huggingface.co/intfloat/multilingual-e5-small/resolve/main/processor_config.json "HTTP/1.1 404 Not Found"
[2026-05-21 11:26:53] INFO - httpx - HTTP Request: HEAD https://huggingface.co/intfloat/multilingual-e5-small/resolve/main/preprocessor_config.json "HTTP/1.1 404 Not Found"
[2026-05-21 11:26:56] INFO - httpx - HTTP Request: HEAD https://huggingface.co/intfloat/multilingual-e5-small/resolve/main/video_preprocessor_config.json "HTTP/1.1 404 Not Found"
[2026-05-21 11:26:56] INFO - httpx - HTTP Request: HEAD https://huggingface.co/intfloat/multilingual-e5-small/resolve/main/preprocessor_config.json "HTTP/1.1 404 Not Found"
[2026-05-21 11:27:02] INFO - httpx - HTTP Request: HEAD https://huggingface.co/intfloat/multilingual-e5-small/resolve/main/tokenizer_config.json "HTTP/1.1 307 Temporary Redirect"
[2026-05-21 11:27:02] INFO - httpx - HTTP Request: HEAD https://huggingface.co/api/resolve-cache/models/intfloat/multilingual-e5-small/614241f622f53c4eeff9890bdc4f31cfecc418b3/tokenizer_config.json "HTTP/1.1 200 OK"
[2026-05-21 11:27:09] INFO - httpx - HTTP Request: HEAD https://huggingface.co/intfloat/multilingual-e5-small/resolve/main/config.json "HTTP/1.1 307 Temporary Redirect"
[2026-05-21 11:27:09] INFO - httpx - HTTP Request: HEAD https://huggingface.co/api/resolve-cache/models/intfloat/multilingual-e5-small/614241f622f53c4eeff9890bdc4f31cfecc418b3/config.json "HTTP/1.1 200 OK"
[2026-05-21 11:27:09] INFO - httpx - HTTP Request: HEAD https://huggingface.co/intfloat/multilingual-e5-small/resolve/main/config.json "HTTP/1.1 307 Temporary Redirect"
[2026-05-21 11:27:09] INFO - httpx - HTTP Request: HEAD https://huggingface.co/api/resolve-cache/models/intfloat/multilingual-e5-small/614241f622f53c4eeff9890bdc4f31cfecc418b3/config.json "HTTP/1.1 200 OK"
[2026-05-21 11:27:09] INFO - httpx - HTTP Request: HEAD https://huggingface.co/intfloat/multilingual-e5-small/resolve/main/tokenizer_config.json "HTTP/1.1 307 Temporary Redirect"
[2026-05-21 11:27:09] INFO - httpx - HTTP Request: HEAD https://huggingface.co/api/resolve-cache/models/intfloat/multilingual-e5-small/614241f622f53c4eeff9890bdc4f31cfecc418b3/tokenizer_config.json "HTTP/1.1 200 OK"
[2026-05-21 11:27:09] INFO - httpx - HTTP Request: HEAD https://huggingface.co/intfloat/multilingual-e5-small/resolve/main/tokenizer_config.json "HTTP/1.1 307 Temporary Redirect"
[2026-05-21 11:27:10] INFO - httpx - HTTP Request: HEAD https://huggingface.co/api/resolve-cache/models/intfloat/multilingual-e5-small/614241f622f53c4eeff9890bdc4f31cfecc418b3/tokenizer_config.json "HTTP/1.1 200 OK"
[2026-05-21 11:27:10] INFO - httpx - HTTP Request: GET https://huggingface.co/api/models/intfloat/multilingual-e5-small/tree/main/additional_chat_templates?recursive=false&expand=false "HTTP/1.1 404 Not Found"
[2026-05-21 11:27:10] INFO - httpx - HTTP Request: GET https://huggingface.co/api/models/intfloat/multilingual-e5-small/tree/main?recursive=true&expand=false "HTTP/1.1 200 OK"
[2026-05-21 11:27:17] INFO - httpx - HTTP Request: GET https://huggingface.co/api/models/intfloat/multilingual-e5-small "HTTP/1.1 200 OK"
[2026-05-21 11:27:19] INFO - httpx - HTTP Request: HEAD https://huggingface.co/intfloat/multilingual-e5-small/resolve/main/1_Pooling/config.json "HTTP/1.1 307 Temporary Redirect"
[2026-05-21 11:27:19] INFO - httpx - HTTP Request: HEAD https://huggingface.co/api/resolve-cache/models/intfloat/multilingual-e5-small/614241f622f53c4eeff9890bdc4f31cfecc418b3/1_Pooling%2Fconfig.json "HTTP/1.1 200 OK"
[2026-05-21 11:27:19] INFO - httpx - HTTP Request: GET https://huggingface.co/api/models/intfloat/multilingual-e5-small "HTTP/1.1 200 OK"
[2026-05-21 11:27:20] INFO - embedding - Completed embedding texts 1
[2026-05-21 11:27:20] INFO - vector_datatbase - Connecting to Qdrant via URL
[2026-05-21 11:27:21] INFO - httpx - HTTP Request: GET http://localhost:6333/collections "HTTP/1.1 200 OK"
[2026-05-21 11:27:21] INFO - vector_datatbase - Successfully connected to Qdrant
[2026-05-21 11:27:21] INFO - sparse_vector - Model loaded from vectorstore\bm25store\bm25store.pkl
[2026-05-21 11:27:21] INFO - httpx - HTTP Request: GET http://localhost:6333/collections "HTTP/1.1 200 OK"
[2026-05-21 11:27:21] INFO - vector_datatbase - Collection 'nmk_chatbot_collection' already exists.
[2026-05-21 11:27:21] INFO - httpx - HTTP Request: POST http://localhost:6333/collections/nmk_chatbot_collection/points/query "HTTP/1.1 200 OK"
[2026-05-21 11:27:21] INFO - httpx - HTTP Request: GET http://localhost:6333 "HTTP/1.1 200 OK"
[2026-05-21 11:27:21] INFO - retrieval - Success retrieval 5 items
[2026-05-21 11:29:17] INFO - embedding - Completed embedding texts 1
[2026-05-21 11:29:17] INFO - sparse_vector - Model loaded from vectorstore\bm25store\bm25store.pkl
[2026-05-21 11:29:17] INFO - httpx - HTTP Request: GET http://localhost:6333/collections "HTTP/1.1 200 OK"
[2026-05-21 11:29:17] INFO - vector_datatbase - Collection 'nmk_chatbot_collection' already exists.
[2026-05-21 11:29:17] INFO - httpx - HTTP Request: POST http://localhost:6333/collections/nmk_chatbot_collection/points/query "HTTP/1.1 200 OK"
[2026-05-21 11:29:17] INFO - retrieval - Success retrieval 5 items
[2026-05-21 12:13:07] INFO - embedding - Completed embedding texts 1
[2026-05-21 12:13:07] INFO - sparse_vector - Model loaded from vectorstore\bm25store\bm25store.pkl
[2026-05-21 12:13:07] INFO - httpx - HTTP Request: GET http://localhost:6333/collections "HTTP/1.1 200 OK"
[2026-05-21 12:13:07] INFO - vector_datatbase - Collection 'nmk_chatbot_collection' already exists.
[2026-05-21 12:13:07] INFO - httpx - HTTP Request: POST http://localhost:6333/collections/nmk_chatbot_collection/points/query "HTTP/1.1 200 OK"
[2026-05-21 12:13:07] INFO - retrieval - Success retrieval 5 items
[2026-05-21 12:13:20] INFO - embedding - Completed embedding texts 1
[2026-05-21 12:13:20] INFO - sparse_vector - Model loaded from vectorstore\bm25store\bm25store.pkl
[2026-05-21 12:13:20] INFO - httpx - HTTP Request: GET http://localhost:6333/collections "HTTP/1.1 200 OK"
[2026-05-21 12:13:20] INFO - vector_datatbase - Collection 'nmk_chatbot_collection' already exists.
[2026-05-21 12:13:21] INFO - httpx - HTTP Request: POST http://localhost:6333/collections/nmk_chatbot_collection/points/query "HTTP/1.1 200 OK"
[2026-05-21 12:13:21] INFO - retrieval - Success retrieval 5 items
[2026-05-21 12:14:44] INFO - embedding - Completed embedding texts 1
[2026-05-21 12:14:44] INFO - sparse_vector - Model loaded from vectorstore\bm25store\bm25store.pkl
[2026-05-21 12:14:44] INFO - httpx - HTTP Request: GET http://localhost:6333/collections "HTTP/1.1 200 OK"
[2026-05-21 12:14:44] INFO - vector_datatbase - Collection 'nmk_chatbot_collection' already exists.
[2026-05-21 12:14:44] INFO - httpx - HTTP Request: POST http://localhost:6333/collections/nmk_chatbot_collection/points/query "HTTP/1.1 200 OK"
[2026-05-21 12:14:44] INFO - retrieval - Success retrieval 5 items
[2026-05-21 12:15:35] INFO - embedding - Completed embedding texts 1
[2026-05-21 12:15:35] INFO - sparse_vector - Model loaded from vectorstore\bm25store\bm25store.pkl
[2026-05-21 12:15:35] INFO - httpx - HTTP Request: GET http://localhost:6333/collections "HTTP/1.1 200 OK"
[2026-05-21 12:15:35] INFO - vector_datatbase - Collection 'nmk_chatbot_collection' already exists.
[2026-05-21 12:15:35] INFO - httpx - HTTP Request: POST http://localhost:6333/collections/nmk_chatbot_collection/points/query "HTTP/1.1 200 OK"
[2026-05-21 12:15:35] INFO - retrieval - Success retrieval 5 items
[2026-05-22 21:37:08] INFO - ingestion - Starting chunking process for: data\processed\168_2024_ND-CP_619502.json
[2026-05-22 21:37:08] INFO - ingestion - Processing document file: data\processed\168_2024_ND-CP_619502.json (4 chapters found)
[2026-05-22 21:37:08] INFO - ingestion - Chunking complete. Generated 1019 chunks from file: 'data\processed\168_2024_ND-CP_619502.json'.
[2026-05-22 22:23:16] INFO - ingestion - Starting chunking process for: data\processed\168_2024_ND-CP_619502.json
[2026-05-22 22:23:16] INFO - ingestion - Processing document file: data\processed\168_2024_ND-CP_619502.json (4 chapters found)
[2026-05-22 22:23:16] INFO - ingestion - Chunking complete. Generated 1019 chunks from file: 'data\processed\168_2024_ND-CP_619502.json'.
[2026-05-22 22:23:41] INFO - embedding - Loadding embeding model. intfloat/multilingual-e5-small
[2026-05-22 22:23:59] INFO - embedding - Completed embedding texts 1019
[2026-05-22 22:23:59] INFO - embedding - Built 1019 Qdrant points.
[2026-05-22 22:23:59] INFO - vector_database - Upserted 1019 points into collection 'nmk_chatbot_collection'.
[2026-05-22 22:23:59] INFO - sparse_vector - Initialized BM25: 1019 docs, 1103 terms.
[2026-05-22 22:23:59] INFO - sparse_vector - Model saved to vectorstore\bm25store\bm25store.pkl
[2026-05-23 09:45:15] INFO - functions - Filter 0 items from function calling
[2026-05-23 09:56:31] INFO - functions - Filter 0 items from function calling
[2026-05-23 10:33:55] INFO - ingestion - Starting chunking process for: data\processed\168_2024_ND-CP_619502.json
[2026-05-23 10:33:55] INFO - ingestion - Processing document file: data\processed\168_2024_ND-CP_619502.json (4 chapters found)
[2026-05-23 10:33:55] INFO - ingestion - Chunking complete. Generated 1019 chunks from file: 'data\processed\168_2024_ND-CP_619502.json'.
[2026-05-23 10:35:43] INFO - embedding - Loadding embeding model. intfloat/multilingual-e5-small
[2026-05-23 10:36:00] INFO - embedding - Completed embedding texts 1019
[2026-05-23 10:36:00] INFO - embedding - Built 1019 Qdrant points.
[2026-05-23 10:36:00] INFO - vector_database - Upserted 1019 points into collection 'nmk_chatbot_collection'.
[2026-05-23 10:36:01] INFO - sparse_vector - Initialized BM25: 1019 docs, 1103 terms.
[2026-05-23 10:36:01] INFO - sparse_vector - Model saved to vectorstore\bm25store\bm25store.pkl
[2026-05-23 11:04:46] INFO - embedding - Loadding embeding model. intfloat/multilingual-e5-small
[2026-05-23 11:04:58] INFO - embedding - Completed embedding texts 1
[2026-05-23 11:04:58] INFO - sparse_vector - Model loaded from vectorstore\bm25store\bm25store.pkl
[2026-05-23 11:04:59] INFO - retrieval - Success retrieval 5 items
[2026-05-23 11:05:33] INFO - embedding - Completed embedding texts 1
[2026-05-23 11:05:33] INFO - sparse_vector - Model loaded from vectorstore\bm25store\bm25store.pkl
[2026-05-23 11:05:33] INFO - retrieval - Success retrieval 5 items
[2026-05-23 11:06:14] INFO - embedding - Completed embedding texts 1
[2026-05-23 11:06:14] INFO - sparse_vector - Model loaded from vectorstore\bm25store\bm25store.pkl
[2026-05-23 11:06:14] INFO - retrieval - Success retrieval 5 items
[2026-05-23 11:27:03] INFO - embedding - Loadding embeding model. intfloat/multilingual-e5-small
[2026-05-23 11:27:15] INFO - embedding - Completed embedding texts 1
[2026-05-23 11:27:16] INFO - sparse_vector - Model loaded from vectorstore\bm25store\bm25store.pkl
[2026-05-23 11:27:17] INFO - retrieval - Success retrieval 5 items
[2026-05-23 11:27:51] INFO - embedding - Completed embedding texts 1
[2026-05-23 11:27:51] INFO - sparse_vector - Model loaded from vectorstore\bm25store\bm25store.pkl
[2026-05-23 11:27:52] INFO - retrieval - Success retrieval 5 items
[2026-05-23 11:28:35] INFO - embedding - Completed embedding texts 1
[2026-05-23 11:28:35] INFO - sparse_vector - Model loaded from vectorstore\bm25store\bm25store.pkl
[2026-05-23 11:28:35] INFO - retrieval - Success retrieval 5 items
[2026-05-23 12:16:15] INFO - functions - H�m 2 - Filtered 1 items from exact structural search.
[2026-05-23 12:16:16] INFO - functions - H�m 2 - Filtered 12 items from exact structural search.
[2026-05-23 12:16:16] INFO - functions - H�m 2 - Filtered 33 items from exact structural search.
[2026-05-23 12:30:52] INFO - functions - H�m 2 - Filtered 1 items from exact structural search.
[2026-05-23 12:30:52] INFO - functions - H�m 2 - Filtered 12 items from exact structural search.
[2026-05-23 12:30:53] INFO - functions - H�m 2 - Filtered 33 items from exact structural search.
[2026-05-23 12:33:40] INFO - functions - H�m 2 - Filtered 1 items from exact structural search.
[2026-05-23 12:33:40] INFO - functions - H�m 2 - Filtered 12 items from exact structural search.
[2026-05-23 12:33:40] INFO - functions - H�m 2 - Filtered 33 items from exact structural search.
[2026-05-23 12:34:45] INFO - test_qdrant - === TEST 1: DIRECT CONTENT QUERY (FUNCTION 2) ===
[2026-05-23 12:34:45] INFO - test_qdrant - --- Scenario 1.1: Article 6, Clause 1, Point a ---
[2026-05-23 12:34:45] INFO - functions - H�m 2 - Filtered 1 items from exact structural search.
[2026-05-23 12:34:45] INFO - test_qdrant - Found: 1 records
[2026-05-23 12:34:45] INFO - test_qdrant - --- Scenario 1.2: Entire Article 2 ---
[2026-05-23 12:34:45] INFO - functions - H�m 2 - Filtered 12 items from exact structural search.
[2026-05-23 12:34:45] INFO - test_qdrant - Found: 12 records
[2026-05-23 12:34:45] INFO - test_qdrant - --- Scenario 1.3: Article 13 ---
[2026-05-23 12:34:45] INFO - functions - H�m 2 - Filtered 33 items from exact structural search.
[2026-05-23 12:34:45] INFO - test_qdrant - Found: 33 records
[2026-05-23 12:34:45] INFO - test_qdrant - === TEST 2: FIND INBOUND REFERENCES (FUNCTION 1) ===
[2026-05-23 12:34:45] INFO - test_qdrant - --- Scenario 2.1: Contents referencing Article 2 Clause 1 ---
[2026-05-23 12:34:45] INFO - test_qdrant - Found: 8 records referencing Article 2 Clause 1
[2026-05-23 12:34:45] INFO - test_qdrant - --- Scenario 2.2: Contents referencing Article 6 Clause 11 (Supplementary penalties) ---
[2026-05-23 12:34:45] INFO - test_qdrant - Found: 10 records
[2026-05-23 12:34:45] INFO - test_qdrant - === TEST 3: GET CONTENT OF OUTBOUND REFERENCES (FUNCTION 3) ===
[2026-05-23 12:34:45] INFO - test_qdrant - --- Scenario 3.1: Actual content referenced by Article 2 Clause 2 ---
[2026-05-23 12:34:45] INFO - test_qdrant - Found: 1 referenced records
[2026-05-23 12:34:45] INFO - test_qdrant - --- Scenario 3.2: Contents referenced by Article 6 Clause 11 ---
[2026-05-23 12:34:45] INFO - test_qdrant - Found: 0 referenced records
[2026-05-23 12:37:30] INFO - functions - H�m 2 - Filtered 1 items from exact structural search.
[2026-05-23 12:37:30] INFO - functions - H�m 2 - Filtered 12 items from exact structural search.
[2026-05-23 12:37:31] INFO - functions - H�m 2 - Filtered 33 items from exact structural search.
[2026-05-23 12:41:29] INFO - functions - Function 2 - Filtered 1 items from exact structural search.
[2026-05-23 12:41:29] INFO - functions - Function 2 - Filtered 12 items from exact structural search.
[2026-05-23 12:41:29] INFO - functions - Function 2 - Filtered 33 items from exact structural search.
[2026-05-23 12:45:44] INFO - functions - Function 2 - Filtered 1 items from exact structural search.
[2026-05-23 12:45:44] INFO - functions - Function 2 - Filtered 12 items from exact structural search.
[2026-05-23 12:45:44] INFO - functions - Function 2 - Filtered 33 items from exact structural search.
[2026-05-23 12:50:05] INFO - functions - Function 2 - Filtered 1 items from exact structural search.
[2026-05-23 12:50:05] INFO - functions - Function 2 - Filtered 12 items from exact structural search.
[2026-05-23 12:50:05] INFO - functions - Function 2 - Filtered 33 items from exact structural search.
[2026-05-23 12:50:05] INFO - functions - Function 3 - Aggregated 8 source chunks -> Found 1 unique references -> Successfully extracted 1 target chunks.
[2026-05-23 12:50:45] INFO - functions - Function 2 - Filtered 1 items from exact structural search.
[2026-05-23 12:50:45] INFO - functions - Function 2 - Filtered 12 items from exact structural search.
[2026-05-23 12:50:45] INFO - functions - Function 2 - Filtered 33 items from exact structural search.
[2026-05-23 12:50:45] INFO - functions - Function 3 - Aggregated 8 source chunks -> Found 1 unique references -> Successfully extracted 1 target chunks.
[2026-05-23 12:50:45] INFO - functions - Chunks for Article 6 do not contain any references.
[2026-05-23 12:52:01] INFO - functions - Function 2 - Filtered 1 items from exact structural search.
[2026-05-23 12:52:01] INFO - functions - Function 2 - Filtered 12 items from exact structural search.
[2026-05-23 12:52:01] INFO - functions - Function 2 - Filtered 33 items from exact structural search.
[2026-05-23 12:52:01] INFO - functions - Function 1 - Filtered 8 items referencing Nghi dinh nay Article 2
[2026-05-23 12:52:01] INFO - functions - Function 1 - Filtered 10 items referencing Nghi dinh nay Article 6
[2026-05-23 12:52:01] INFO - functions - Function 3 - Aggregated 8 source chunks -> Found 1 unique references -> Successfully extracted 1 target chunks.
[2026-05-23 12:52:01] INFO - functions - Chunks for Article 6 do not contain any references.
[2026-05-23 12:56:58] INFO - functions - Function 2 - Filtered 1 items from exact structural search.
[2026-05-23 12:58:57] INFO - functions - Function 2 - Filtered 1 items from exact structural search.
[2026-05-23 13:00:39] INFO - functions - Function 1 - Filtered 4 items referencing Nghi dinh nay Article 7
[2026-05-23 13:17:14] INFO - functions - Function 2 - Filtered 1 items from exact structural search.
[2026-05-23 13:17:14] INFO - functions - Function 1 - Filtered 4 items referencing Nghi dinh nay Article 7
[2026-05-23 13:25:04] INFO - functions - Function 2 - Filtered 1 items from exact structural search.
[2026-05-23 13:25:04] INFO - functions - Function 1 - Filtered 2 items referencing Nghi dinh nay Article 7
[2026-05-23 13:26:52] INFO - functions - Function 3 - Aggregated 8 source chunks -> Found 1 unique references -> Successfully extracted 1 target chunks.
[2026-05-23 13:26:52] INFO - functions - Chunks for Article 6 do not contain any references.
[2026-05-23 13:28:21] INFO - functions - Function 3 - Aggregated 1 source chunks -> Found 5 unique references -> Successfully extracted 5 target chunks.
[2026-05-23 13:33:01] INFO - functions - Function 3 - Aggregated 1 source chunks -> Found 5 unique references -> Successfully extracted 5 target chunks.
[2026-05-23 13:33:01] INFO - functions - Chunks for Article 6 do not contain any references.
[2026-05-23 13:39:39] INFO - embedding - Loadding embeding model. intfloat/multilingual-e5-small
[2026-05-23 13:39:52] INFO - embedding - Completed embedding texts 1
[2026-05-23 13:39:52] INFO - sparse_vector - Model loaded from vectorstore\bm25store\bm25store.pkl
[2026-05-23 13:39:52] INFO - retrieval - Success retrieval 5 items
[2026-05-23 13:40:31] INFO - embedding - Completed embedding texts 1
[2026-05-23 13:40:31] INFO - sparse_vector - Model loaded from vectorstore\bm25store\bm25store.pkl
[2026-05-23 13:40:31] INFO - retrieval - Success retrieval 5 items
[2026-05-23 13:41:13] INFO - embedding - Completed embedding texts 1
[2026-05-23 13:41:13] INFO - sparse_vector - Model loaded from vectorstore\bm25store\bm25store.pkl
[2026-05-23 13:41:13] INFO - retrieval - Success retrieval 5 items
[2026-05-23 14:49:19] INFO - embedding - Loadding embeding model. intfloat/multilingual-e5-small
[2026-05-23 14:49:19] INFO - sentence_transformers.base.model - No device provided, using cuda:0
[2026-05-23 14:49:23] INFO - httpx - HTTP Request: HEAD https://huggingface.co/intfloat/multilingual-e5-small/resolve/main/modules.json "HTTP/1.1 307 Temporary Redirect"
[2026-05-23 14:49:23] INFO - httpx - HTTP Request: HEAD https://huggingface.co/api/resolve-cache/models/intfloat/multilingual-e5-small/614241f622f53c4eeff9890bdc4f31cfecc418b3/modules.json "HTTP/1.1 200 OK"
[2026-05-23 14:49:24] INFO - httpx - HTTP Request: HEAD https://huggingface.co/intfloat/multilingual-e5-small/resolve/main/config_sentence_transformers.json "HTTP/1.1 404 Not Found"
[2026-05-23 14:49:24] INFO - sentence_transformers.base.model - Loading SentenceTransformer model from intfloat/multilingual-e5-small.
[2026-05-23 14:49:24] INFO - httpx - HTTP Request: HEAD https://huggingface.co/intfloat/multilingual-e5-small/resolve/main/config_sentence_transformers.json "HTTP/1.1 404 Not Found"
[2026-05-23 14:49:25] INFO - httpx - HTTP Request: HEAD https://huggingface.co/intfloat/multilingual-e5-small/resolve/main/README.md "HTTP/1.1 307 Temporary Redirect"
[2026-05-23 14:49:25] INFO - httpx - HTTP Request: HEAD https://huggingface.co/api/resolve-cache/models/intfloat/multilingual-e5-small/614241f622f53c4eeff9890bdc4f31cfecc418b3/README.md "HTTP/1.1 200 OK"
[2026-05-23 14:49:26] INFO - httpx - HTTP Request: HEAD https://huggingface.co/intfloat/multilingual-e5-small/resolve/main/modules.json "HTTP/1.1 307 Temporary Redirect"
[2026-05-23 14:49:26] INFO - httpx - HTTP Request: HEAD https://huggingface.co/api/resolve-cache/models/intfloat/multilingual-e5-small/614241f622f53c4eeff9890bdc4f31cfecc418b3/modules.json "HTTP/1.1 200 OK"
[2026-05-23 14:49:28] INFO - httpx - HTTP Request: HEAD https://huggingface.co/intfloat/multilingual-e5-small/resolve/main/sentence_bert_config.json "HTTP/1.1 307 Temporary Redirect"
[2026-05-23 14:49:28] INFO - httpx - HTTP Request: HEAD https://huggingface.co/api/resolve-cache/models/intfloat/multilingual-e5-small/614241f622f53c4eeff9890bdc4f31cfecc418b3/sentence_bert_config.json "HTTP/1.1 200 OK"
[2026-05-23 14:49:28] INFO - httpx - HTTP Request: HEAD https://huggingface.co/intfloat/multilingual-e5-small/resolve/main/adapter_config.json "HTTP/1.1 404 Not Found"
[2026-05-23 14:49:29] INFO - httpx - HTTP Request: HEAD https://huggingface.co/intfloat/multilingual-e5-small/resolve/main/config.json "HTTP/1.1 307 Temporary Redirect"
[2026-05-23 14:49:29] INFO - httpx - HTTP Request: HEAD https://huggingface.co/api/resolve-cache/models/intfloat/multilingual-e5-small/614241f622f53c4eeff9890bdc4f31cfecc418b3/config.json "HTTP/1.1 200 OK"
[2026-05-23 14:49:29] INFO - httpx - HTTP Request: HEAD https://huggingface.co/intfloat/multilingual-e5-small/resolve/main/config.json "HTTP/1.1 307 Temporary Redirect"
[2026-05-23 14:49:29] INFO - httpx - HTTP Request: HEAD https://huggingface.co/api/resolve-cache/models/intfloat/multilingual-e5-small/614241f622f53c4eeff9890bdc4f31cfecc418b3/config.json "HTTP/1.1 200 OK"
[2026-05-23 14:49:30] INFO - httpx - HTTP Request: HEAD https://huggingface.co/intfloat/multilingual-e5-small/resolve/main/processor_config.json "HTTP/1.1 404 Not Found"
[2026-05-23 14:49:31] INFO - httpx - HTTP Request: HEAD https://huggingface.co/intfloat/multilingual-e5-small/resolve/main/preprocessor_config.json "HTTP/1.1 404 Not Found"
[2026-05-23 14:49:33] INFO - httpx - HTTP Request: HEAD https://huggingface.co/intfloat/multilingual-e5-small/resolve/main/video_preprocessor_config.json "HTTP/1.1 404 Not Found"
[2026-05-23 14:49:35] INFO - httpx - HTTP Request: HEAD https://huggingface.co/intfloat/multilingual-e5-small/resolve/main/preprocessor_config.json "HTTP/1.1 404 Not Found"
[2026-05-23 14:49:36] INFO - httpx - HTTP Request: HEAD https://huggingface.co/intfloat/multilingual-e5-small/resolve/main/tokenizer_config.json "HTTP/1.1 307 Temporary Redirect"
[2026-05-23 14:49:36] INFO - httpx - HTTP Request: HEAD https://huggingface.co/api/resolve-cache/models/intfloat/multilingual-e5-small/614241f622f53c4eeff9890bdc4f31cfecc418b3/tokenizer_config.json "HTTP/1.1 200 OK"
[2026-05-23 14:49:36] INFO - httpx - HTTP Request: HEAD https://huggingface.co/intfloat/multilingual-e5-small/resolve/main/config.json "HTTP/1.1 307 Temporary Redirect"
[2026-05-23 14:49:36] INFO - httpx - HTTP Request: HEAD https://huggingface.co/api/resolve-cache/models/intfloat/multilingual-e5-small/614241f622f53c4eeff9890bdc4f31cfecc418b3/config.json "HTTP/1.1 200 OK"
[2026-05-23 14:49:36] INFO - httpx - HTTP Request: HEAD https://huggingface.co/intfloat/multilingual-e5-small/resolve/main/config.json "HTTP/1.1 307 Temporary Redirect"
[2026-05-23 14:49:36] INFO - httpx - HTTP Request: HEAD https://huggingface.co/api/resolve-cache/models/intfloat/multilingual-e5-small/614241f622f53c4eeff9890bdc4f31cfecc418b3/config.json "HTTP/1.1 200 OK"
[2026-05-23 14:49:36] INFO - httpx - HTTP Request: HEAD https://huggingface.co/intfloat/multilingual-e5-small/resolve/main/tokenizer_config.json "HTTP/1.1 307 Temporary Redirect"
[2026-05-23 14:49:36] INFO - httpx - HTTP Request: HEAD https://huggingface.co/api/resolve-cache/models/intfloat/multilingual-e5-small/614241f622f53c4eeff9890bdc4f31cfecc418b3/tokenizer_config.json "HTTP/1.1 200 OK"
[2026-05-23 14:49:37] INFO - httpx - HTTP Request: HEAD https://huggingface.co/intfloat/multilingual-e5-small/resolve/main/tokenizer_config.json "HTTP/1.1 307 Temporary Redirect"
[2026-05-23 14:49:37] INFO - httpx - HTTP Request: HEAD https://huggingface.co/api/resolve-cache/models/intfloat/multilingual-e5-small/614241f622f53c4eeff9890bdc4f31cfecc418b3/tokenizer_config.json "HTTP/1.1 200 OK"
[2026-05-23 14:49:38] INFO - httpx - HTTP Request: GET https://huggingface.co/api/models/intfloat/multilingual-e5-small/tree/main/additional_chat_templates?recursive=false&expand=false "HTTP/1.1 404 Not Found"
[2026-05-23 14:49:39] INFO - httpx - HTTP Request: GET https://huggingface.co/api/models/intfloat/multilingual-e5-small/tree/main?recursive=true&expand=false "HTTP/1.1 200 OK"
[2026-05-23 14:49:43] INFO - httpx - HTTP Request: GET https://huggingface.co/api/models/intfloat/multilingual-e5-small "HTTP/1.1 200 OK"
[2026-05-23 14:49:44] INFO - httpx - HTTP Request: HEAD https://huggingface.co/intfloat/multilingual-e5-small/resolve/main/1_Pooling/config.json "HTTP/1.1 307 Temporary Redirect"
[2026-05-23 14:49:44] INFO - httpx - HTTP Request: HEAD https://huggingface.co/api/resolve-cache/models/intfloat/multilingual-e5-small/614241f622f53c4eeff9890bdc4f31cfecc418b3/1_Pooling%2Fconfig.json "HTTP/1.1 200 OK"
[2026-05-23 14:49:45] INFO - httpx - HTTP Request: GET https://huggingface.co/api/models/intfloat/multilingual-e5-small "HTTP/1.1 200 OK"
[2026-05-23 14:49:47] INFO - embedding - Completed embedding texts 1
[2026-05-23 14:49:47] INFO - vector_datatbase - Connecting to Qdrant via URL
[2026-05-23 14:49:47] INFO - httpx - HTTP Request: GET http://localhost:6333/collections "HTTP/1.1 200 OK"
[2026-05-23 14:49:47] INFO - vector_datatbase - Successfully connected to Qdrant
[2026-05-23 14:49:47] INFO - sparse_vector - Model loaded from vectorstore\bm25store\bm25store.pkl
[2026-05-23 14:49:47] INFO - httpx - HTTP Request: GET http://localhost:6333/collections "HTTP/1.1 200 OK"
[2026-05-23 14:49:47] INFO - vector_datatbase - Collection 'nmk_chatbot_collection' already exists.
[2026-05-23 14:49:47] INFO - httpx - HTTP Request: POST http://localhost:6333/collections/nmk_chatbot_collection/points/query "HTTP/1.1 200 OK"
[2026-05-23 14:49:47] INFO - httpx - HTTP Request: GET http://localhost:6333 "HTTP/1.1 200 OK"
[2026-05-23 14:49:48] INFO - retrieval - Success retrieval 5 items
[2026-05-23 15:03:28] INFO - embedding - Loadding embeding model. intfloat/multilingual-e5-small
[2026-05-23 15:03:28] INFO - sentence_transformers.base.model - No device provided, using cuda:0
[2026-05-23 15:03:29] INFO - httpx - HTTP Request: HEAD https://huggingface.co/intfloat/multilingual-e5-small/resolve/main/modules.json "HTTP/1.1 307 Temporary Redirect"
[2026-05-23 15:03:29] INFO - httpx - HTTP Request: HEAD https://huggingface.co/api/resolve-cache/models/intfloat/multilingual-e5-small/614241f622f53c4eeff9890bdc4f31cfecc418b3/modules.json "HTTP/1.1 200 OK"
[2026-05-23 15:03:29] INFO - httpx - HTTP Request: HEAD https://huggingface.co/intfloat/multilingual-e5-small/resolve/main/config_sentence_transformers.json "HTTP/1.1 404 Not Found"
[2026-05-23 15:03:29] INFO - sentence_transformers.base.model - Loading SentenceTransformer model from intfloat/multilingual-e5-small.
[2026-05-23 15:03:30] INFO - httpx - HTTP Request: HEAD https://huggingface.co/intfloat/multilingual-e5-small/resolve/main/config_sentence_transformers.json "HTTP/1.1 404 Not Found"
[2026-05-23 15:03:31] INFO - httpx - HTTP Request: HEAD https://huggingface.co/intfloat/multilingual-e5-small/resolve/main/README.md "HTTP/1.1 307 Temporary Redirect"
[2026-05-23 15:03:31] INFO - httpx - HTTP Request: HEAD https://huggingface.co/api/resolve-cache/models/intfloat/multilingual-e5-small/614241f622f53c4eeff9890bdc4f31cfecc418b3/README.md "HTTP/1.1 200 OK"
[2026-05-23 15:03:34] INFO - httpx - HTTP Request: HEAD https://huggingface.co/intfloat/multilingual-e5-small/resolve/main/modules.json "HTTP/1.1 307 Temporary Redirect"
[2026-05-23 15:03:34] INFO - httpx - HTTP Request: HEAD https://huggingface.co/api/resolve-cache/models/intfloat/multilingual-e5-small/614241f622f53c4eeff9890bdc4f31cfecc418b3/modules.json "HTTP/1.1 200 OK"
[2026-05-23 15:03:34] INFO - httpx - HTTP Request: HEAD https://huggingface.co/intfloat/multilingual-e5-small/resolve/main/sentence_bert_config.json "HTTP/1.1 307 Temporary Redirect"
[2026-05-23 15:03:34] INFO - httpx - HTTP Request: HEAD https://huggingface.co/api/resolve-cache/models/intfloat/multilingual-e5-small/614241f622f53c4eeff9890bdc4f31cfecc418b3/sentence_bert_config.json "HTTP/1.1 200 OK"
[2026-05-23 15:03:34] INFO - httpx - HTTP Request: HEAD https://huggingface.co/intfloat/multilingual-e5-small/resolve/main/adapter_config.json "HTTP/1.1 404 Not Found"
[2026-05-23 15:03:35] INFO - httpx - HTTP Request: HEAD https://huggingface.co/intfloat/multilingual-e5-small/resolve/main/config.json "HTTP/1.1 307 Temporary Redirect"
[2026-05-23 15:03:35] INFO - httpx - HTTP Request: HEAD https://huggingface.co/api/resolve-cache/models/intfloat/multilingual-e5-small/614241f622f53c4eeff9890bdc4f31cfecc418b3/config.json "HTTP/1.1 200 OK"
[2026-05-23 15:03:35] INFO - httpx - HTTP Request: HEAD https://huggingface.co/intfloat/multilingual-e5-small/resolve/main/config.json "HTTP/1.1 307 Temporary Redirect"
[2026-05-23 15:03:35] INFO - httpx - HTTP Request: HEAD https://huggingface.co/api/resolve-cache/models/intfloat/multilingual-e5-small/614241f622f53c4eeff9890bdc4f31cfecc418b3/config.json "HTTP/1.1 200 OK"
[2026-05-23 15:03:35] INFO - httpx - HTTP Request: HEAD https://huggingface.co/intfloat/multilingual-e5-small/resolve/main/processor_config.json "HTTP/1.1 404 Not Found"
[2026-05-23 15:03:36] INFO - httpx - HTTP Request: HEAD https://huggingface.co/intfloat/multilingual-e5-small/resolve/main/preprocessor_config.json "HTTP/1.1 404 Not Found"
[2026-05-23 15:03:37] INFO - httpx - HTTP Request: HEAD https://huggingface.co/intfloat/multilingual-e5-small/resolve/main/video_preprocessor_config.json "HTTP/1.1 404 Not Found"
[2026-05-23 15:03:38] INFO - httpx - HTTP Request: HEAD https://huggingface.co/intfloat/multilingual-e5-small/resolve/main/preprocessor_config.json "HTTP/1.1 404 Not Found"
[2026-05-23 15:03:39] INFO - httpx - HTTP Request: HEAD https://huggingface.co/intfloat/multilingual-e5-small/resolve/main/tokenizer_config.json "HTTP/1.1 307 Temporary Redirect"
[2026-05-23 15:03:39] INFO - httpx - HTTP Request: HEAD https://huggingface.co/api/resolve-cache/models/intfloat/multilingual-e5-small/614241f622f53c4eeff9890bdc4f31cfecc418b3/tokenizer_config.json "HTTP/1.1 200 OK"
[2026-05-23 15:03:39] INFO - httpx - HTTP Request: HEAD https://huggingface.co/intfloat/multilingual-e5-small/resolve/main/config.json "HTTP/1.1 307 Temporary Redirect"
[2026-05-23 15:03:39] INFO - httpx - HTTP Request: HEAD https://huggingface.co/api/resolve-cache/models/intfloat/multilingual-e5-small/614241f622f53c4eeff9890bdc4f31cfecc418b3/config.json "HTTP/1.1 200 OK"
[2026-05-23 15:03:39] INFO - httpx - HTTP Request: HEAD https://huggingface.co/intfloat/multilingual-e5-small/resolve/main/config.json "HTTP/1.1 307 Temporary Redirect"
[2026-05-23 15:03:39] INFO - httpx - HTTP Request: HEAD https://huggingface.co/api/resolve-cache/models/intfloat/multilingual-e5-small/614241f622f53c4eeff9890bdc4f31cfecc418b3/config.json "HTTP/1.1 200 OK"
[2026-05-23 15:03:39] INFO - httpx - HTTP Request: HEAD https://huggingface.co/intfloat/multilingual-e5-small/resolve/main/tokenizer_config.json "HTTP/1.1 307 Temporary Redirect"
[2026-05-23 15:03:39] INFO - httpx - HTTP Request: HEAD https://huggingface.co/api/resolve-cache/models/intfloat/multilingual-e5-small/614241f622f53c4eeff9890bdc4f31cfecc418b3/tokenizer_config.json "HTTP/1.1 200 OK"
[2026-05-23 15:03:41] INFO - httpx - HTTP Request: HEAD https://huggingface.co/intfloat/multilingual-e5-small/resolve/main/tokenizer_config.json "HTTP/1.1 307 Temporary Redirect"
[2026-05-23 15:03:41] INFO - httpx - HTTP Request: HEAD https://huggingface.co/api/resolve-cache/models/intfloat/multilingual-e5-small/614241f622f53c4eeff9890bdc4f31cfecc418b3/tokenizer_config.json "HTTP/1.1 200 OK"
[2026-05-23 15:03:41] INFO - httpx - HTTP Request: GET https://huggingface.co/api/models/intfloat/multilingual-e5-small/tree/main/additional_chat_templates?recursive=false&expand=false "HTTP/1.1 404 Not Found"
[2026-05-23 15:03:41] INFO - httpx - HTTP Request: GET https://huggingface.co/api/models/intfloat/multilingual-e5-small/tree/main?recursive=true&expand=false "HTTP/1.1 200 OK"
[2026-05-23 15:03:45] INFO - httpx - HTTP Request: GET https://huggingface.co/api/models/intfloat/multilingual-e5-small "HTTP/1.1 200 OK"
[2026-05-23 15:03:49] INFO - httpx - HTTP Request: HEAD https://huggingface.co/intfloat/multilingual-e5-small/resolve/main/1_Pooling/config.json "HTTP/1.1 307 Temporary Redirect"
[2026-05-23 15:03:49] INFO - httpx - HTTP Request: HEAD https://huggingface.co/api/resolve-cache/models/intfloat/multilingual-e5-small/614241f622f53c4eeff9890bdc4f31cfecc418b3/1_Pooling%2Fconfig.json "HTTP/1.1 200 OK"
[2026-05-23 15:03:49] INFO - httpx - HTTP Request: GET https://huggingface.co/api/models/intfloat/multilingual-e5-small "HTTP/1.1 200 OK"
[2026-05-23 15:03:51] INFO - embedding - Completed embedding texts 1
[2026-05-23 15:03:51] INFO - vector_datatbase - Connecting to Qdrant via URL
[2026-05-23 15:03:52] INFO - httpx - HTTP Request: GET http://localhost:6333/collections "HTTP/1.1 200 OK"
[2026-05-23 15:03:52] INFO - vector_datatbase - Successfully connected to Qdrant
[2026-05-23 15:03:52] INFO - sparse_vector - Model loaded from vectorstore\bm25store\bm25store.pkl
[2026-05-23 15:03:52] INFO - httpx - HTTP Request: GET http://localhost:6333/collections "HTTP/1.1 200 OK"
[2026-05-23 15:03:52] INFO - vector_datatbase - Collection 'nmk_chatbot_collection' already exists.
[2026-05-23 15:03:52] INFO - httpx - HTTP Request: POST http://localhost:6333/collections/nmk_chatbot_collection/points/query "HTTP/1.1 200 OK"
[2026-05-23 15:03:52] INFO - httpx - HTTP Request: GET http://localhost:6333 "HTTP/1.1 200 OK"
[2026-05-23 15:03:52] INFO - retrieval - Success retrieval 5 items
[2026-05-23 15:08:22] INFO - embedding - Loadding embeding model. intfloat/multilingual-e5-small
[2026-05-23 15:08:22] INFO - sentence_transformers.base.model - No device provided, using cuda:0
[2026-05-23 15:08:23] INFO - httpx - HTTP Request: HEAD https://huggingface.co/intfloat/multilingual-e5-small/resolve/main/modules.json "HTTP/1.1 307 Temporary Redirect"
[2026-05-23 15:08:23] INFO - httpx - HTTP Request: HEAD https://huggingface.co/api/resolve-cache/models/intfloat/multilingual-e5-small/614241f622f53c4eeff9890bdc4f31cfecc418b3/modules.json "HTTP/1.1 200 OK"
[2026-05-23 15:08:24] INFO - httpx - HTTP Request: HEAD https://huggingface.co/intfloat/multilingual-e5-small/resolve/main/config_sentence_transformers.json "HTTP/1.1 404 Not Found"
[2026-05-23 15:08:24] INFO - sentence_transformers.base.model - Loading SentenceTransformer model from intfloat/multilingual-e5-small.
[2026-05-23 15:08:25] INFO - httpx - HTTP Request: HEAD https://huggingface.co/intfloat/multilingual-e5-small/resolve/main/config_sentence_transformers.json "HTTP/1.1 404 Not Found"
[2026-05-23 15:08:25] INFO - httpx - HTTP Request: HEAD https://huggingface.co/intfloat/multilingual-e5-small/resolve/main/README.md "HTTP/1.1 307 Temporary Redirect"
[2026-05-23 15:08:25] INFO - httpx - HTTP Request: HEAD https://huggingface.co/api/resolve-cache/models/intfloat/multilingual-e5-small/614241f622f53c4eeff9890bdc4f31cfecc418b3/README.md "HTTP/1.1 200 OK"
[2026-05-23 15:08:25] INFO - httpx - HTTP Request: HEAD https://huggingface.co/intfloat/multilingual-e5-small/resolve/main/modules.json "HTTP/1.1 307 Temporary Redirect"
[2026-05-23 15:08:25] INFO - httpx - HTTP Request: HEAD https://huggingface.co/api/resolve-cache/models/intfloat/multilingual-e5-small/614241f622f53c4eeff9890bdc4f31cfecc418b3/modules.json "HTTP/1.1 200 OK"
[2026-05-23 15:08:26] INFO - httpx - HTTP Request: HEAD https://huggingface.co/intfloat/multilingual-e5-small/resolve/main/sentence_bert_config.json "HTTP/1.1 307 Temporary Redirect"
[2026-05-23 15:08:26] INFO - httpx - HTTP Request: HEAD https://huggingface.co/api/resolve-cache/models/intfloat/multilingual-e5-small/614241f622f53c4eeff9890bdc4f31cfecc418b3/sentence_bert_config.json "HTTP/1.1 200 OK"
[2026-05-23 15:08:26] INFO - httpx - HTTP Request: HEAD https://huggingface.co/intfloat/multilingual-e5-small/resolve/main/adapter_config.json "HTTP/1.1 404 Not Found"
[2026-05-23 15:08:30] INFO - httpx - HTTP Request: HEAD https://huggingface.co/intfloat/multilingual-e5-small/resolve/main/config.json "HTTP/1.1 307 Temporary Redirect"
[2026-05-23 15:08:30] INFO - httpx - HTTP Request: HEAD https://huggingface.co/api/resolve-cache/models/intfloat/multilingual-e5-small/614241f622f53c4eeff9890bdc4f31cfecc418b3/config.json "HTTP/1.1 200 OK"
[2026-05-23 15:08:30] INFO - httpx - HTTP Request: HEAD https://huggingface.co/intfloat/multilingual-e5-small/resolve/main/config.json "HTTP/1.1 307 Temporary Redirect"
[2026-05-23 15:08:30] INFO - httpx - HTTP Request: HEAD https://huggingface.co/api/resolve-cache/models/intfloat/multilingual-e5-small/614241f622f53c4eeff9890bdc4f31cfecc418b3/config.json "HTTP/1.1 200 OK"
[2026-05-23 15:08:30] INFO - httpx - HTTP Request: HEAD https://huggingface.co/intfloat/multilingual-e5-small/resolve/main/processor_config.json "HTTP/1.1 404 Not Found"
[2026-05-23 15:08:31] INFO - httpx - HTTP Request: HEAD https://huggingface.co/intfloat/multilingual-e5-small/resolve/main/preprocessor_config.json "HTTP/1.1 404 Not Found"
[2026-05-23 15:08:36] INFO - httpx - HTTP Request: HEAD https://huggingface.co/intfloat/multilingual-e5-small/resolve/main/video_preprocessor_config.json "HTTP/1.1 404 Not Found"
[2026-05-23 15:08:38] INFO - httpx - HTTP Request: HEAD https://huggingface.co/intfloat/multilingual-e5-small/resolve/main/preprocessor_config.json "HTTP/1.1 404 Not Found"
[2026-05-23 15:08:38] INFO - httpx - HTTP Request: HEAD https://huggingface.co/intfloat/multilingual-e5-small/resolve/main/tokenizer_config.json "HTTP/1.1 307 Temporary Redirect"
[2026-05-23 15:08:38] INFO - httpx - HTTP Request: HEAD https://huggingface.co/api/resolve-cache/models/intfloat/multilingual-e5-small/614241f622f53c4eeff9890bdc4f31cfecc418b3/tokenizer_config.json "HTTP/1.1 200 OK"
[2026-05-23 15:08:38] INFO - httpx - HTTP Request: HEAD https://huggingface.co/intfloat/multilingual-e5-small/resolve/main/config.json "HTTP/1.1 307 Temporary Redirect"
[2026-05-23 15:08:38] INFO - httpx - HTTP Request: HEAD https://huggingface.co/api/resolve-cache/models/intfloat/multilingual-e5-small/614241f622f53c4eeff9890bdc4f31cfecc418b3/config.json "HTTP/1.1 200 OK"
[2026-05-23 15:08:39] INFO - httpx - HTTP Request: HEAD https://huggingface.co/intfloat/multilingual-e5-small/resolve/main/config.json "HTTP/1.1 307 Temporary Redirect"
[2026-05-23 15:08:39] INFO - httpx - HTTP Request: HEAD https://huggingface.co/api/resolve-cache/models/intfloat/multilingual-e5-small/614241f622f53c4eeff9890bdc4f31cfecc418b3/config.json "HTTP/1.1 200 OK"
[2026-05-23 15:08:39] INFO - httpx - HTTP Request: HEAD https://huggingface.co/intfloat/multilingual-e5-small/resolve/main/tokenizer_config.json "HTTP/1.1 307 Temporary Redirect"
[2026-05-23 15:08:39] INFO - httpx - HTTP Request: HEAD https://huggingface.co/api/resolve-cache/models/intfloat/multilingual-e5-small/614241f622f53c4eeff9890bdc4f31cfecc418b3/tokenizer_config.json "HTTP/1.1 200 OK"
[2026-05-23 15:08:39] INFO - httpx - HTTP Request: HEAD https://huggingface.co/intfloat/multilingual-e5-small/resolve/main/tokenizer_config.json "HTTP/1.1 307 Temporary Redirect"
[2026-05-23 15:08:39] INFO - httpx - HTTP Request: HEAD https://huggingface.co/api/resolve-cache/models/intfloat/multilingual-e5-small/614241f622f53c4eeff9890bdc4f31cfecc418b3/tokenizer_config.json "HTTP/1.1 200 OK"
[2026-05-23 15:08:40] INFO - httpx - HTTP Request: GET https://huggingface.co/api/models/intfloat/multilingual-e5-small/tree/main/additional_chat_templates?recursive=false&expand=false "HTTP/1.1 404 Not Found"
[2026-05-23 15:08:43] INFO - httpx - HTTP Request: GET https://huggingface.co/api/models/intfloat/multilingual-e5-small/tree/main?recursive=true&expand=false "HTTP/1.1 200 OK"
[2026-05-23 15:08:46] INFO - httpx - HTTP Request: GET https://huggingface.co/api/models/intfloat/multilingual-e5-small "HTTP/1.1 200 OK"
[2026-05-23 15:08:49] INFO - httpx - HTTP Request: HEAD https://huggingface.co/intfloat/multilingual-e5-small/resolve/main/1_Pooling/config.json "HTTP/1.1 307 Temporary Redirect"
[2026-05-23 15:08:49] INFO - httpx - HTTP Request: HEAD https://huggingface.co/api/resolve-cache/models/intfloat/multilingual-e5-small/614241f622f53c4eeff9890bdc4f31cfecc418b3/1_Pooling%2Fconfig.json "HTTP/1.1 200 OK"
[2026-05-23 15:08:50] INFO - httpx - HTTP Request: GET https://huggingface.co/api/models/intfloat/multilingual-e5-small "HTTP/1.1 200 OK"
[2026-05-23 15:08:51] INFO - embedding - Completed embedding texts 1
[2026-05-23 15:08:51] INFO - vector_datatbase - Connecting to Qdrant via URL
[2026-05-23 15:08:51] INFO - httpx - HTTP Request: GET http://localhost:6333/collections "HTTP/1.1 200 OK"
[2026-05-23 15:08:51] INFO - vector_datatbase - Successfully connected to Qdrant
[2026-05-23 15:08:51] INFO - sparse_vector - Model loaded from vectorstore\bm25store\bm25store.pkl
[2026-05-23 15:08:51] INFO - httpx - HTTP Request: GET http://localhost:6333/collections "HTTP/1.1 200 OK"
[2026-05-23 15:08:51] INFO - vector_datatbase - Collection 'nmk_chatbot_collection' already exists.
[2026-05-23 15:08:52] INFO - httpx - HTTP Request: POST http://localhost:6333/collections/nmk_chatbot_collection/points/query "HTTP/1.1 200 OK"
[2026-05-23 15:08:52] INFO - httpx - HTTP Request: GET http://localhost:6333 "HTTP/1.1 200 OK"
[2026-05-23 15:08:52] INFO - retrieval - Success retrieval 5 items
[2026-05-23 15:59:30] INFO - ingestion - Starting chunking process for: data\processed\168_2024_ND-CP_619502.json
[2026-05-23 15:59:30] ERROR - ingestion - Unexpected error reading file: '_io.TextIOWrapper' object has no attribute 'encode'
[2026-05-23 15:59:30] WARNING - vector_database - No chunks provided to build Qdrant points.
[2026-05-23 15:59:30] INFO - sparse_vector - Initialized BM25: 0 docs, 0 terms.
[2026-05-23 15:59:30] INFO - sparse_vector - Model saved to vectorstore\bm25store\bm25store.pkl
[2026-05-23 16:03:52] INFO - ingestion - Starting chunking process for: data\processed\168_2024_ND-CP_619502.json
[2026-05-23 16:03:52] INFO - ingestion - Processing document file: data\processed\168_2024_ND-CP_619502.json (4 chapters found)
[2026-05-23 16:03:52] INFO - ingestion - Chunking complete. Generated 1019 chunks from file: 'data\processed\168_2024_ND-CP_619502.json'.
[2026-05-23 16:04:00] INFO - embedding - Loadding embeding model. huyydangg/DEk21_hcmute_embedding
[2026-05-23 16:04:57] INFO - embedding - Completed embedding texts 1019
[2026-05-23 16:04:57] INFO - embedding - Built 1019 Qdrant points.
[2026-05-23 16:04:58] INFO - vector_database - Upserted 1019 points into collection 'nmk_chatbot_collection'.
[2026-05-23 16:05:00] INFO - sparse_vector - Initialized BM25: 1019 docs, 1388 terms.
[2026-05-23 16:05:00] INFO - sparse_vector - Model saved to vectorstore\bm25store\bm25store.pkl
[2026-05-23 16:11:07] INFO - embedding - Loadding embeding model. huyydangg/DEk21_hcmute_embedding
[2026-05-23 16:11:07] INFO - sentence_transformers.base.model - No device provided, using cuda:0
[2026-05-23 16:11:07] INFO - httpx - HTTP Request: HEAD https://huggingface.co/huyydangg/DEk21_hcmute_embedding/resolve/main/modules.json "HTTP/1.1 307 Temporary Redirect"
[2026-05-23 16:11:07] INFO - httpx - HTTP Request: HEAD https://huggingface.co/api/resolve-cache/models/huyydangg/DEk21_hcmute_embedding/501df2abd66bfecf9f294c4d17741b0d9f3ebb7e/modules.json "HTTP/1.1 200 OK"
[2026-05-23 16:11:08] INFO - httpx - HTTP Request: HEAD https://huggingface.co/huyydangg/DEk21_hcmute_embedding/resolve/main/config_sentence_transformers.json "HTTP/1.1 307 Temporary Redirect"
[2026-05-23 16:11:08] INFO - httpx - HTTP Request: HEAD https://huggingface.co/api/resolve-cache/models/huyydangg/DEk21_hcmute_embedding/501df2abd66bfecf9f294c4d17741b0d9f3ebb7e/config_sentence_transformers.json "HTTP/1.1 200 OK"
[2026-05-23 16:11:08] INFO - sentence_transformers.base.model - Loading SentenceTransformer model from huyydangg/DEk21_hcmute_embedding.
[2026-05-23 16:11:10] INFO - httpx - HTTP Request: HEAD https://huggingface.co/huyydangg/DEk21_hcmute_embedding/resolve/main/config_sentence_transformers.json "HTTP/1.1 307 Temporary Redirect"
[2026-05-23 16:11:10] INFO - httpx - HTTP Request: HEAD https://huggingface.co/api/resolve-cache/models/huyydangg/DEk21_hcmute_embedding/501df2abd66bfecf9f294c4d17741b0d9f3ebb7e/config_sentence_transformers.json "HTTP/1.1 200 OK"
[2026-05-23 16:11:10] INFO - httpx - HTTP Request: HEAD https://huggingface.co/huyydangg/DEk21_hcmute_embedding/resolve/main/README.md "HTTP/1.1 307 Temporary Redirect"
[2026-05-23 16:11:10] INFO - httpx - HTTP Request: HEAD https://huggingface.co/api/resolve-cache/models/huyydangg/DEk21_hcmute_embedding/501df2abd66bfecf9f294c4d17741b0d9f3ebb7e/README.md "HTTP/1.1 200 OK"
[2026-05-23 16:11:10] INFO - httpx - HTTP Request: HEAD https://huggingface.co/huyydangg/DEk21_hcmute_embedding/resolve/main/modules.json "HTTP/1.1 307 Temporary Redirect"
[2026-05-23 16:11:10] INFO - httpx - HTTP Request: HEAD https://huggingface.co/api/resolve-cache/models/huyydangg/DEk21_hcmute_embedding/501df2abd66bfecf9f294c4d17741b0d9f3ebb7e/modules.json "HTTP/1.1 200 OK"
[2026-05-23 16:11:11] INFO - httpx - HTTP Request: HEAD https://huggingface.co/huyydangg/DEk21_hcmute_embedding/resolve/main/sentence_bert_config.json "HTTP/1.1 307 Temporary Redirect"
[2026-05-23 16:11:11] INFO - httpx - HTTP Request: HEAD https://huggingface.co/api/resolve-cache/models/huyydangg/DEk21_hcmute_embedding/501df2abd66bfecf9f294c4d17741b0d9f3ebb7e/sentence_bert_config.json "HTTP/1.1 200 OK"
[2026-05-23 16:11:12] INFO - httpx - HTTP Request: HEAD https://huggingface.co/huyydangg/DEk21_hcmute_embedding/resolve/main/adapter_config.json "HTTP/1.1 404 Not Found"
[2026-05-23 16:11:13] INFO - httpx - HTTP Request: HEAD https://huggingface.co/huyydangg/DEk21_hcmute_embedding/resolve/main/config.json "HTTP/1.1 307 Temporary Redirect"
[2026-05-23 16:11:13] INFO - httpx - HTTP Request: HEAD https://huggingface.co/api/resolve-cache/models/huyydangg/DEk21_hcmute_embedding/501df2abd66bfecf9f294c4d17741b0d9f3ebb7e/config.json "HTTP/1.1 200 OK"
[2026-05-23 16:11:13] INFO - httpx - HTTP Request: HEAD https://huggingface.co/huyydangg/DEk21_hcmute_embedding/resolve/main/config.json "HTTP/1.1 307 Temporary Redirect"
[2026-05-23 16:11:13] INFO - httpx - HTTP Request: HEAD https://huggingface.co/api/resolve-cache/models/huyydangg/DEk21_hcmute_embedding/501df2abd66bfecf9f294c4d17741b0d9f3ebb7e/config.json "HTTP/1.1 200 OK"
[2026-05-23 16:11:13] INFO - httpx - HTTP Request: HEAD https://huggingface.co/huyydangg/DEk21_hcmute_embedding/resolve/main/processor_config.json "HTTP/1.1 404 Not Found"
[2026-05-23 16:11:14] INFO - httpx - HTTP Request: HEAD https://huggingface.co/huyydangg/DEk21_hcmute_embedding/resolve/main/preprocessor_config.json "HTTP/1.1 404 Not Found"
[2026-05-23 16:11:15] INFO - httpx - HTTP Request: HEAD https://huggingface.co/huyydangg/DEk21_hcmute_embedding/resolve/main/video_preprocessor_config.json "HTTP/1.1 404 Not Found"
[2026-05-23 16:11:21] INFO - httpx - HTTP Request: HEAD https://huggingface.co/huyydangg/DEk21_hcmute_embedding/resolve/main/preprocessor_config.json "HTTP/1.1 404 Not Found"
[2026-05-23 16:11:21] INFO - httpx - HTTP Request: HEAD https://huggingface.co/huyydangg/DEk21_hcmute_embedding/resolve/main/tokenizer_config.json "HTTP/1.1 307 Temporary Redirect"
[2026-05-23 16:11:21] INFO - httpx - HTTP Request: HEAD https://huggingface.co/api/resolve-cache/models/huyydangg/DEk21_hcmute_embedding/501df2abd66bfecf9f294c4d17741b0d9f3ebb7e/tokenizer_config.json "HTTP/1.1 200 OK"
[2026-05-23 16:11:21] INFO - httpx - HTTP Request: HEAD https://huggingface.co/huyydangg/DEk21_hcmute_embedding/resolve/main/config.json "HTTP/1.1 307 Temporary Redirect"
[2026-05-23 16:11:21] INFO - httpx - HTTP Request: HEAD https://huggingface.co/api/resolve-cache/models/huyydangg/DEk21_hcmute_embedding/501df2abd66bfecf9f294c4d17741b0d9f3ebb7e/config.json "HTTP/1.1 200 OK"
[2026-05-23 16:11:21] INFO - httpx - HTTP Request: HEAD https://huggingface.co/huyydangg/DEk21_hcmute_embedding/resolve/main/config.json "HTTP/1.1 307 Temporary Redirect"
[2026-05-23 16:11:21] INFO - httpx - HTTP Request: HEAD https://huggingface.co/api/resolve-cache/models/huyydangg/DEk21_hcmute_embedding/501df2abd66bfecf9f294c4d17741b0d9f3ebb7e/config.json "HTTP/1.1 200 OK"
[2026-05-23 16:11:24] INFO - httpx - HTTP Request: HEAD https://huggingface.co/huyydangg/DEk21_hcmute_embedding/resolve/main/tokenizer_config.json "HTTP/1.1 307 Temporary Redirect"
[2026-05-23 16:11:24] INFO - httpx - HTTP Request: HEAD https://huggingface.co/api/resolve-cache/models/huyydangg/DEk21_hcmute_embedding/501df2abd66bfecf9f294c4d17741b0d9f3ebb7e/tokenizer_config.json "HTTP/1.1 200 OK"
[2026-05-23 16:11:24] INFO - httpx - HTTP Request: HEAD https://huggingface.co/huyydangg/DEk21_hcmute_embedding/resolve/main/tokenizer_config.json "HTTP/1.1 307 Temporary Redirect"
[2026-05-23 16:11:24] INFO - httpx - HTTP Request: HEAD https://huggingface.co/api/resolve-cache/models/huyydangg/DEk21_hcmute_embedding/501df2abd66bfecf9f294c4d17741b0d9f3ebb7e/tokenizer_config.json "HTTP/1.1 200 OK"
[2026-05-23 16:11:24] INFO - httpx - HTTP Request: GET https://huggingface.co/api/models/huyydangg/DEk21_hcmute_embedding/tree/main/additional_chat_templates?recursive=false&expand=false "HTTP/1.1 404 Not Found"
[2026-05-23 16:11:25] INFO - httpx - HTTP Request: GET https://huggingface.co/api/models/huyydangg/DEk21_hcmute_embedding/tree/main?recursive=true&expand=false "HTTP/1.1 200 OK"
[2026-05-23 16:11:26] INFO - httpx - HTTP Request: HEAD https://huggingface.co/huyydangg/DEk21_hcmute_embedding/resolve/main/1_Pooling/config.json "HTTP/1.1 307 Temporary Redirect"
[2026-05-23 16:11:26] INFO - httpx - HTTP Request: HEAD https://huggingface.co/api/resolve-cache/models/huyydangg/DEk21_hcmute_embedding/501df2abd66bfecf9f294c4d17741b0d9f3ebb7e/1_Pooling%2Fconfig.json "HTTP/1.1 200 OK"
[2026-05-23 16:11:26] INFO - httpx - HTTP Request: GET https://huggingface.co/api/models/huyydangg/DEk21_hcmute_embedding "HTTP/1.1 200 OK"
[2026-05-23 16:11:28] INFO - embedding - Completed embedding texts 1
[2026-05-23 16:11:28] INFO - vector_datatbase - Connecting to Qdrant via URL
[2026-05-23 16:11:28] INFO - httpx - HTTP Request: GET http://localhost:6333/collections "HTTP/1.1 200 OK"
[2026-05-23 16:11:28] INFO - vector_datatbase - Successfully connected to Qdrant
[2026-05-23 16:11:28] INFO - sparse_vector - Model loaded from vectorstore\bm25store\bm25store.pkl
[2026-05-23 16:11:28] INFO - httpx - HTTP Request: GET http://localhost:6333/collections "HTTP/1.1 200 OK"
[2026-05-23 16:11:28] INFO - vector_datatbase - Collection 'nmk_chatbot_collection' already exists.
[2026-05-23 16:11:28] INFO - httpx - HTTP Request: POST http://localhost:6333/collections/nmk_chatbot_collection/points/query "HTTP/1.1 200 OK"
[2026-05-23 16:11:28] INFO - retrieval - Success retrieval 1 items
[2026-05-23 16:11:28] INFO - httpx - HTTP Request: GET http://localhost:6333 "HTTP/1.1 200 OK"
[2026-05-23 16:13:04] INFO - embedding - Completed embedding texts 1
[2026-05-23 16:13:04] INFO - sparse_vector - Model loaded from vectorstore\bm25store\bm25store.pkl
[2026-05-23 16:13:04] INFO - httpx - HTTP Request: GET http://localhost:6333/collections "HTTP/1.1 200 OK"
[2026-05-23 16:13:04] INFO - vector_datatbase - Collection 'nmk_chatbot_collection' already exists.
[2026-05-23 16:13:05] INFO - httpx - HTTP Request: POST http://localhost:6333/collections/nmk_chatbot_collection/points/query "HTTP/1.1 200 OK"
[2026-05-23 16:13:05] INFO - retrieval - Success retrieval 5 items
[2026-05-23 16:14:07] INFO - embedding - Completed embedding texts 1
[2026-05-23 16:14:07] INFO - sparse_vector - Model loaded from vectorstore\bm25store\bm25store.pkl
[2026-05-23 16:14:07] INFO - httpx - HTTP Request: GET http://localhost:6333/collections "HTTP/1.1 200 OK"
[2026-05-23 16:14:07] INFO - vector_datatbase - Collection 'nmk_chatbot_collection' already exists.
[2026-05-23 16:14:07] INFO - httpx - HTTP Request: POST http://localhost:6333/collections/nmk_chatbot_collection/points/query "HTTP/1.1 200 OK"
[2026-05-23 16:14:07] INFO - retrieval - Success retrieval 5 items
[2026-05-23 16:19:06] INFO - embedding - Loadding embeding model. huyydangg/DEk21_hcmute_embedding
[2026-05-23 16:19:06] INFO - sentence_transformers.base.model - No device provided, using cuda:0
[2026-05-23 16:19:06] INFO - httpx - HTTP Request: HEAD https://huggingface.co/huyydangg/DEk21_hcmute_embedding/resolve/main/modules.json "HTTP/1.1 307 Temporary Redirect"
[2026-05-23 16:19:06] INFO - httpx - HTTP Request: HEAD https://huggingface.co/api/resolve-cache/models/huyydangg/DEk21_hcmute_embedding/501df2abd66bfecf9f294c4d17741b0d9f3ebb7e/modules.json "HTTP/1.1 200 OK"
[2026-05-23 16:19:06] INFO - httpx - HTTP Request: HEAD https://huggingface.co/huyydangg/DEk21_hcmute_embedding/resolve/main/config_sentence_transformers.json "HTTP/1.1 307 Temporary Redirect"
[2026-05-23 16:19:06] INFO - httpx - HTTP Request: HEAD https://huggingface.co/api/resolve-cache/models/huyydangg/DEk21_hcmute_embedding/501df2abd66bfecf9f294c4d17741b0d9f3ebb7e/config_sentence_transformers.json "HTTP/1.1 200 OK"
[2026-05-23 16:19:06] INFO - sentence_transformers.base.model - Loading SentenceTransformer model from huyydangg/DEk21_hcmute_embedding.
[2026-05-23 16:19:07] INFO - httpx - HTTP Request: HEAD https://huggingface.co/huyydangg/DEk21_hcmute_embedding/resolve/main/config_sentence_transformers.json "HTTP/1.1 307 Temporary Redirect"
[2026-05-23 16:19:07] INFO - httpx - HTTP Request: HEAD https://huggingface.co/api/resolve-cache/models/huyydangg/DEk21_hcmute_embedding/501df2abd66bfecf9f294c4d17741b0d9f3ebb7e/config_sentence_transformers.json "HTTP/1.1 200 OK"
[2026-05-23 16:19:07] INFO - httpx - HTTP Request: HEAD https://huggingface.co/huyydangg/DEk21_hcmute_embedding/resolve/main/README.md "HTTP/1.1 307 Temporary Redirect"
[2026-05-23 16:19:07] INFO - httpx - HTTP Request: HEAD https://huggingface.co/api/resolve-cache/models/huyydangg/DEk21_hcmute_embedding/501df2abd66bfecf9f294c4d17741b0d9f3ebb7e/README.md "HTTP/1.1 200 OK"
[2026-05-23 16:19:08] INFO - httpx - HTTP Request: HEAD https://huggingface.co/huyydangg/DEk21_hcmute_embedding/resolve/main/modules.json "HTTP/1.1 307 Temporary Redirect"
[2026-05-23 16:19:08] INFO - httpx - HTTP Request: HEAD https://huggingface.co/api/resolve-cache/models/huyydangg/DEk21_hcmute_embedding/501df2abd66bfecf9f294c4d17741b0d9f3ebb7e/modules.json "HTTP/1.1 200 OK"
[2026-05-23 16:19:08] INFO - httpx - HTTP Request: HEAD https://huggingface.co/huyydangg/DEk21_hcmute_embedding/resolve/main/sentence_bert_config.json "HTTP/1.1 307 Temporary Redirect"
[2026-05-23 16:19:08] INFO - httpx - HTTP Request: HEAD https://huggingface.co/api/resolve-cache/models/huyydangg/DEk21_hcmute_embedding/501df2abd66bfecf9f294c4d17741b0d9f3ebb7e/sentence_bert_config.json "HTTP/1.1 200 OK"
[2026-05-23 16:19:10] INFO - httpx - HTTP Request: HEAD https://huggingface.co/huyydangg/DEk21_hcmute_embedding/resolve/main/adapter_config.json "HTTP/1.1 404 Not Found"
[2026-05-23 16:19:10] INFO - httpx - HTTP Request: HEAD https://huggingface.co/huyydangg/DEk21_hcmute_embedding/resolve/main/config.json "HTTP/1.1 307 Temporary Redirect"
[2026-05-23 16:19:10] INFO - httpx - HTTP Request: HEAD https://huggingface.co/api/resolve-cache/models/huyydangg/DEk21_hcmute_embedding/501df2abd66bfecf9f294c4d17741b0d9f3ebb7e/config.json "HTTP/1.1 200 OK"
[2026-05-23 16:19:11] INFO - httpx - HTTP Request: HEAD https://huggingface.co/huyydangg/DEk21_hcmute_embedding/resolve/main/config.json "HTTP/1.1 307 Temporary Redirect"
[2026-05-23 16:19:11] INFO - httpx - HTTP Request: HEAD https://huggingface.co/api/resolve-cache/models/huyydangg/DEk21_hcmute_embedding/501df2abd66bfecf9f294c4d17741b0d9f3ebb7e/config.json "HTTP/1.1 200 OK"
[2026-05-23 16:19:16] INFO - httpx - HTTP Request: HEAD https://huggingface.co/huyydangg/DEk21_hcmute_embedding/resolve/main/processor_config.json "HTTP/1.1 404 Not Found"
[2026-05-23 16:19:16] INFO - httpx - HTTP Request: HEAD https://huggingface.co/huyydangg/DEk21_hcmute_embedding/resolve/main/preprocessor_config.json "HTTP/1.1 404 Not Found"
[2026-05-23 16:19:18] INFO - httpx - HTTP Request: HEAD https://huggingface.co/huyydangg/DEk21_hcmute_embedding/resolve/main/video_preprocessor_config.json "HTTP/1.1 404 Not Found"
[2026-05-23 16:19:25] INFO - httpx - HTTP Request: HEAD https://huggingface.co/huyydangg/DEk21_hcmute_embedding/resolve/main/preprocessor_config.json "HTTP/1.1 404 Not Found"
[2026-05-23 16:19:25] INFO - httpx - HTTP Request: HEAD https://huggingface.co/huyydangg/DEk21_hcmute_embedding/resolve/main/tokenizer_config.json "HTTP/1.1 307 Temporary Redirect"
[2026-05-23 16:19:25] INFO - httpx - HTTP Request: HEAD https://huggingface.co/api/resolve-cache/models/huyydangg/DEk21_hcmute_embedding/501df2abd66bfecf9f294c4d17741b0d9f3ebb7e/tokenizer_config.json "HTTP/1.1 200 OK"
[2026-05-23 16:19:26] INFO - httpx - HTTP Request: HEAD https://huggingface.co/huyydangg/DEk21_hcmute_embedding/resolve/main/config.json "HTTP/1.1 307 Temporary Redirect"
[2026-05-23 16:19:26] INFO - httpx - HTTP Request: HEAD https://huggingface.co/api/resolve-cache/models/huyydangg/DEk21_hcmute_embedding/501df2abd66bfecf9f294c4d17741b0d9f3ebb7e/config.json "HTTP/1.1 200 OK"
[2026-05-23 16:19:26] INFO - httpx - HTTP Request: HEAD https://huggingface.co/huyydangg/DEk21_hcmute_embedding/resolve/main/config.json "HTTP/1.1 307 Temporary Redirect"
[2026-05-23 16:19:26] INFO - httpx - HTTP Request: HEAD https://huggingface.co/api/resolve-cache/models/huyydangg/DEk21_hcmute_embedding/501df2abd66bfecf9f294c4d17741b0d9f3ebb7e/config.json "HTTP/1.1 200 OK"
[2026-05-23 16:19:27] INFO - httpx - HTTP Request: HEAD https://huggingface.co/huyydangg/DEk21_hcmute_embedding/resolve/main/tokenizer_config.json "HTTP/1.1 307 Temporary Redirect"
[2026-05-23 16:19:27] INFO - httpx - HTTP Request: HEAD https://huggingface.co/api/resolve-cache/models/huyydangg/DEk21_hcmute_embedding/501df2abd66bfecf9f294c4d17741b0d9f3ebb7e/tokenizer_config.json "HTTP/1.1 200 OK"
[2026-05-23 16:19:28] INFO - httpx - HTTP Request: HEAD https://huggingface.co/huyydangg/DEk21_hcmute_embedding/resolve/main/tokenizer_config.json "HTTP/1.1 307 Temporary Redirect"
[2026-05-23 16:19:29] INFO - httpx - HTTP Request: HEAD https://huggingface.co/api/resolve-cache/models/huyydangg/DEk21_hcmute_embedding/501df2abd66bfecf9f294c4d17741b0d9f3ebb7e/tokenizer_config.json "HTTP/1.1 200 OK"
[2026-05-23 16:19:29] INFO - httpx - HTTP Request: GET https://huggingface.co/api/models/huyydangg/DEk21_hcmute_embedding/tree/main/additional_chat_templates?recursive=false&expand=false "HTTP/1.1 404 Not Found"
[2026-05-23 16:19:30] INFO - httpx - HTTP Request: GET https://huggingface.co/api/models/huyydangg/DEk21_hcmute_embedding/tree/main?recursive=true&expand=false "HTTP/1.1 200 OK"
[2026-05-23 16:19:30] INFO - httpx - HTTP Request: HEAD https://huggingface.co/huyydangg/DEk21_hcmute_embedding/resolve/main/1_Pooling/config.json "HTTP/1.1 307 Temporary Redirect"
[2026-05-23 16:19:30] INFO - httpx - HTTP Request: HEAD https://huggingface.co/api/resolve-cache/models/huyydangg/DEk21_hcmute_embedding/501df2abd66bfecf9f294c4d17741b0d9f3ebb7e/1_Pooling%2Fconfig.json "HTTP/1.1 200 OK"
[2026-05-23 16:19:31] INFO - httpx - HTTP Request: GET https://huggingface.co/api/models/huyydangg/DEk21_hcmute_embedding "HTTP/1.1 200 OK"
[2026-05-23 16:19:33] INFO - embedding - Completed embedding texts 1
[2026-05-23 16:19:33] INFO - vector_datatbase - Connecting to Qdrant via URL
[2026-05-23 16:19:33] INFO - httpx - HTTP Request: GET http://localhost:6333/collections "HTTP/1.1 200 OK"
[2026-05-23 16:19:33] INFO - vector_datatbase - Successfully connected to Qdrant
[2026-05-23 16:19:33] INFO - sparse_vector - Model loaded from vectorstore\bm25store\bm25store.pkl
[2026-05-23 16:19:33] INFO - httpx - HTTP Request: GET http://localhost:6333/collections "HTTP/1.1 200 OK"
[2026-05-23 16:19:33] INFO - vector_datatbase - Collection 'nmk_chatbot_collection' already exists.
[2026-05-23 16:19:33] INFO - httpx - HTTP Request: POST http://localhost:6333/collections/nmk_chatbot_collection/points/query "HTTP/1.1 200 OK"
[2026-05-23 16:19:33] INFO - retrieval - Success retrieval 1 items
[2026-05-23 16:19:33] INFO - httpx - HTTP Request: GET http://localhost:6333 "HTTP/1.1 200 OK"
[2026-05-23 16:33:57] INFO - ingestion - Starting chunking process for: data\processed\168_2024_ND-CP_619502.json
[2026-05-23 16:33:57] INFO - ingestion - Processing document file: data\processed\168_2024_ND-CP_619502.json (4 chapters found)
[2026-05-23 16:35:17] INFO - ingestion - Starting chunking process for: data\processed\168_2024_ND-CP_619502.json
[2026-05-23 16:35:17] INFO - ingestion - Processing document file: data\processed\168_2024_ND-CP_619502.json (4 chapters found)
[2026-05-23 16:35:17] INFO - ingestion - Chunking complete. Generated 1019 chunks from file: 'data\processed\168_2024_ND-CP_619502.json'.
[2026-05-23 16:36:26] INFO - ingestion - Starting chunking process for: data\processed\168_2024_ND-CP_619502.json
[2026-05-23 16:36:26] INFO - ingestion - Processing document file: data\processed\168_2024_ND-CP_619502.json (4 chapters found)
[2026-05-23 16:36:26] INFO - ingestion - Chunking complete. Generated 1019 chunks from file: 'data\processed\168_2024_ND-CP_619502.json'.
[2026-05-23 16:38:02] INFO - ingestion - Starting chunking process for: data\processed\168_2024_ND-CP_619502.json
[2026-05-23 16:38:02] INFO - ingestion - Processing document file: data\processed\168_2024_ND-CP_619502.json (4 chapters found)
[2026-05-23 16:38:02] INFO - ingestion - Chunking complete. Generated 1019 chunks from file: 'data\processed\168_2024_ND-CP_619502.json'.
[2026-05-23 16:38:07] INFO - embedding - Loadding embeding model. huyydangg/DEk21_hcmute_embedding
[2026-05-23 16:38:36] INFO - embedding - Completed embedding texts 1019
[2026-05-23 16:38:36] INFO - embedding - Built 1019 Qdrant points.
[2026-05-23 16:38:37] INFO - vector_database - Upserted 1019 points into collection 'nmk_chatbot_collection'.
[2026-05-23 16:38:39] INFO - sparse_vector - Initialized BM25: 1019 docs, 1388 terms.
[2026-05-23 16:38:39] INFO - sparse_vector - Model saved to vectorstore\bm25store\bm25store.pkl
[2026-05-23 16:41:41] INFO - embedding - Loadding embeding model. huyydangg/DEk21_hcmute_embedding
[2026-05-23 16:41:41] INFO - sentence_transformers.base.model - No device provided, using cuda:0
[2026-05-23 16:41:43] INFO - httpx - HTTP Request: HEAD https://huggingface.co/huyydangg/DEk21_hcmute_embedding/resolve/main/modules.json "HTTP/1.1 307 Temporary Redirect"
[2026-05-23 16:41:43] INFO - httpx - HTTP Request: HEAD https://huggingface.co/api/resolve-cache/models/huyydangg/DEk21_hcmute_embedding/501df2abd66bfecf9f294c4d17741b0d9f3ebb7e/modules.json "HTTP/1.1 200 OK"
[2026-05-23 16:41:44] INFO - httpx - HTTP Request: HEAD https://huggingface.co/huyydangg/DEk21_hcmute_embedding/resolve/main/config_sentence_transformers.json "HTTP/1.1 307 Temporary Redirect"
[2026-05-23 16:41:44] INFO - httpx - HTTP Request: HEAD https://huggingface.co/api/resolve-cache/models/huyydangg/DEk21_hcmute_embedding/501df2abd66bfecf9f294c4d17741b0d9f3ebb7e/config_sentence_transformers.json "HTTP/1.1 200 OK"
[2026-05-23 16:41:44] INFO - sentence_transformers.base.model - Loading SentenceTransformer model from huyydangg/DEk21_hcmute_embedding.
[2026-05-23 16:41:44] INFO - httpx - HTTP Request: HEAD https://huggingface.co/huyydangg/DEk21_hcmute_embedding/resolve/main/config_sentence_transformers.json "HTTP/1.1 307 Temporary Redirect"
[2026-05-23 16:41:44] INFO - httpx - HTTP Request: HEAD https://huggingface.co/api/resolve-cache/models/huyydangg/DEk21_hcmute_embedding/501df2abd66bfecf9f294c4d17741b0d9f3ebb7e/config_sentence_transformers.json "HTTP/1.1 200 OK"
[2026-05-23 16:41:45] INFO - httpx - HTTP Request: HEAD https://huggingface.co/huyydangg/DEk21_hcmute_embedding/resolve/main/README.md "HTTP/1.1 307 Temporary Redirect"
[2026-05-23 16:41:45] INFO - httpx - HTTP Request: HEAD https://huggingface.co/api/resolve-cache/models/huyydangg/DEk21_hcmute_embedding/501df2abd66bfecf9f294c4d17741b0d9f3ebb7e/README.md "HTTP/1.1 200 OK"
[2026-05-23 16:41:48] INFO - httpx - HTTP Request: HEAD https://huggingface.co/huyydangg/DEk21_hcmute_embedding/resolve/main/modules.json "HTTP/1.1 307 Temporary Redirect"
[2026-05-23 16:41:48] INFO - httpx - HTTP Request: HEAD https://huggingface.co/api/resolve-cache/models/huyydangg/DEk21_hcmute_embedding/501df2abd66bfecf9f294c4d17741b0d9f3ebb7e/modules.json "HTTP/1.1 200 OK"
[2026-05-23 16:41:49] INFO - httpx - HTTP Request: HEAD https://huggingface.co/huyydangg/DEk21_hcmute_embedding/resolve/main/sentence_bert_config.json "HTTP/1.1 307 Temporary Redirect"
[2026-05-23 16:41:49] INFO - httpx - HTTP Request: HEAD https://huggingface.co/api/resolve-cache/models/huyydangg/DEk21_hcmute_embedding/501df2abd66bfecf9f294c4d17741b0d9f3ebb7e/sentence_bert_config.json "HTTP/1.1 200 OK"
[2026-05-23 16:41:50] INFO - httpx - HTTP Request: HEAD https://huggingface.co/huyydangg/DEk21_hcmute_embedding/resolve/main/adapter_config.json "HTTP/1.1 404 Not Found"
[2026-05-23 16:41:51] INFO - httpx - HTTP Request: HEAD https://huggingface.co/huyydangg/DEk21_hcmute_embedding/resolve/main/config.json "HTTP/1.1 307 Temporary Redirect"
[2026-05-23 16:41:51] INFO - httpx - HTTP Request: HEAD https://huggingface.co/api/resolve-cache/models/huyydangg/DEk21_hcmute_embedding/501df2abd66bfecf9f294c4d17741b0d9f3ebb7e/config.json "HTTP/1.1 200 OK"
[2026-05-23 16:41:52] INFO - httpx - HTTP Request: HEAD https://huggingface.co/huyydangg/DEk21_hcmute_embedding/resolve/main/config.json "HTTP/1.1 307 Temporary Redirect"
[2026-05-23 16:41:52] INFO - httpx - HTTP Request: HEAD https://huggingface.co/api/resolve-cache/models/huyydangg/DEk21_hcmute_embedding/501df2abd66bfecf9f294c4d17741b0d9f3ebb7e/config.json "HTTP/1.1 200 OK"
[2026-05-23 16:41:56] INFO - httpx - HTTP Request: HEAD https://huggingface.co/huyydangg/DEk21_hcmute_embedding/resolve/main/processor_config.json "HTTP/1.1 404 Not Found"
[2026-05-23 16:41:58] INFO - httpx - HTTP Request: HEAD https://huggingface.co/huyydangg/DEk21_hcmute_embedding/resolve/main/preprocessor_config.json "HTTP/1.1 404 Not Found"
[2026-05-23 16:42:00] INFO - httpx - HTTP Request: HEAD https://huggingface.co/huyydangg/DEk21_hcmute_embedding/resolve/main/video_preprocessor_config.json "HTTP/1.1 404 Not Found"
[2026-05-23 16:42:00] INFO - httpx - HTTP Request: HEAD https://huggingface.co/huyydangg/DEk21_hcmute_embedding/resolve/main/preprocessor_config.json "HTTP/1.1 404 Not Found"
[2026-05-23 16:42:04] INFO - httpx - HTTP Request: HEAD https://huggingface.co/huyydangg/DEk21_hcmute_embedding/resolve/main/tokenizer_config.json "HTTP/1.1 307 Temporary Redirect"
[2026-05-23 16:42:04] INFO - httpx - HTTP Request: HEAD https://huggingface.co/api/resolve-cache/models/huyydangg/DEk21_hcmute_embedding/501df2abd66bfecf9f294c4d17741b0d9f3ebb7e/tokenizer_config.json "HTTP/1.1 200 OK"
[2026-05-23 16:42:04] INFO - httpx - HTTP Request: HEAD https://huggingface.co/huyydangg/DEk21_hcmute_embedding/resolve/main/config.json "HTTP/1.1 307 Temporary Redirect"
[2026-05-23 16:42:04] INFO - httpx - HTTP Request: HEAD https://huggingface.co/api/resolve-cache/models/huyydangg/DEk21_hcmute_embedding/501df2abd66bfecf9f294c4d17741b0d9f3ebb7e/config.json "HTTP/1.1 200 OK"
[2026-05-23 16:42:06] INFO - httpx - HTTP Request: HEAD https://huggingface.co/huyydangg/DEk21_hcmute_embedding/resolve/main/config.json "HTTP/1.1 307 Temporary Redirect"
[2026-05-23 16:42:06] INFO - httpx - HTTP Request: HEAD https://huggingface.co/api/resolve-cache/models/huyydangg/DEk21_hcmute_embedding/501df2abd66bfecf9f294c4d17741b0d9f3ebb7e/config.json "HTTP/1.1 200 OK"
[2026-05-23 16:42:06] INFO - httpx - HTTP Request: HEAD https://huggingface.co/huyydangg/DEk21_hcmute_embedding/resolve/main/tokenizer_config.json "HTTP/1.1 307 Temporary Redirect"
[2026-05-23 16:42:06] INFO - httpx - HTTP Request: HEAD https://huggingface.co/api/resolve-cache/models/huyydangg/DEk21_hcmute_embedding/501df2abd66bfecf9f294c4d17741b0d9f3ebb7e/tokenizer_config.json "HTTP/1.1 200 OK"
[2026-05-23 16:42:07] INFO - httpx - HTTP Request: HEAD https://huggingface.co/huyydangg/DEk21_hcmute_embedding/resolve/main/tokenizer_config.json "HTTP/1.1 307 Temporary Redirect"
[2026-05-23 16:42:07] INFO - httpx - HTTP Request: HEAD https://huggingface.co/api/resolve-cache/models/huyydangg/DEk21_hcmute_embedding/501df2abd66bfecf9f294c4d17741b0d9f3ebb7e/tokenizer_config.json "HTTP/1.1 200 OK"
[2026-05-23 16:42:10] INFO - httpx - HTTP Request: GET https://huggingface.co/api/models/huyydangg/DEk21_hcmute_embedding/tree/main/additional_chat_templates?recursive=false&expand=false "HTTP/1.1 404 Not Found"
[2026-05-23 16:42:10] INFO - httpx - HTTP Request: GET https://huggingface.co/api/models/huyydangg/DEk21_hcmute_embedding/tree/main?recursive=true&expand=false "HTTP/1.1 200 OK"
[2026-05-23 16:42:10] INFO - httpx - HTTP Request: HEAD https://huggingface.co/huyydangg/DEk21_hcmute_embedding/resolve/main/1_Pooling/config.json "HTTP/1.1 307 Temporary Redirect"
[2026-05-23 16:42:10] INFO - httpx - HTTP Request: HEAD https://huggingface.co/api/resolve-cache/models/huyydangg/DEk21_hcmute_embedding/501df2abd66bfecf9f294c4d17741b0d9f3ebb7e/1_Pooling%2Fconfig.json "HTTP/1.1 200 OK"
[2026-05-23 16:42:10] INFO - httpx - HTTP Request: GET https://huggingface.co/api/models/huyydangg/DEk21_hcmute_embedding "HTTP/1.1 200 OK"
[2026-05-23 16:42:12] INFO - embedding - Completed embedding texts 1
[2026-05-23 16:42:12] INFO - vector_datatbase - Connecting to Qdrant via URL
[2026-05-23 16:42:13] INFO - httpx - HTTP Request: GET http://localhost:6333/collections "HTTP/1.1 200 OK"
[2026-05-23 16:42:13] INFO - vector_datatbase - Successfully connected to Qdrant
[2026-05-23 16:42:13] INFO - sparse_vector - Model loaded from vectorstore\bm25store\bm25store.pkl
[2026-05-23 16:42:13] INFO - httpx - HTTP Request: GET http://localhost:6333/collections "HTTP/1.1 200 OK"
[2026-05-23 16:42:13] INFO - vector_datatbase - Collection 'nmk_chatbot_collection' already exists.
[2026-05-23 16:42:13] INFO - httpx - HTTP Request: POST http://localhost:6333/collections/nmk_chatbot_collection/points/query "HTTP/1.1 200 OK"
[2026-05-23 16:42:13] INFO - httpx - HTTP Request: GET http://localhost:6333 "HTTP/1.1 200 OK"
[2026-05-23 16:42:13] INFO - retrieval - Success retrieval 5 items
[2026-05-23 16:43:23] INFO - embedding - Completed embedding texts 1
[2026-05-23 16:43:23] INFO - sparse_vector - Model loaded from vectorstore\bm25store\bm25store.pkl
[2026-05-23 16:43:23] INFO - httpx - HTTP Request: GET http://localhost:6333/collections "HTTP/1.1 200 OK"
[2026-05-23 16:43:23] INFO - vector_datatbase - Collection 'nmk_chatbot_collection' already exists.
[2026-05-23 16:43:23] INFO - httpx - HTTP Request: POST http://localhost:6333/collections/nmk_chatbot_collection/points/query "HTTP/1.1 200 OK"
[2026-05-23 16:43:24] INFO - retrieval - Success retrieval 5 items
[2026-05-23 16:44:36] INFO - embedding - Completed embedding texts 1
[2026-05-23 16:44:36] INFO - sparse_vector - Model loaded from vectorstore\bm25store\bm25store.pkl
[2026-05-23 16:44:36] INFO - httpx - HTTP Request: GET http://localhost:6333/collections "HTTP/1.1 200 OK"
[2026-05-23 16:44:36] INFO - vector_datatbase - Collection 'nmk_chatbot_collection' already exists.
[2026-05-23 16:44:36] INFO - httpx - HTTP Request: POST http://localhost:6333/collections/nmk_chatbot_collection/points/query "HTTP/1.1 200 OK"
[2026-05-23 16:44:36] INFO - retrieval - Success retrieval 5 items
[2026-05-23 16:45:15] INFO - embedding - Completed embedding texts 1
[2026-05-23 16:45:15] INFO - sparse_vector - Model loaded from vectorstore\bm25store\bm25store.pkl
[2026-05-23 16:45:15] INFO - httpx - HTTP Request: GET http://localhost:6333/collections "HTTP/1.1 200 OK"
[2026-05-23 16:45:15] INFO - vector_datatbase - Collection 'nmk_chatbot_collection' already exists.
[2026-05-23 16:45:15] INFO - httpx - HTTP Request: POST http://localhost:6333/collections/nmk_chatbot_collection/points/query "HTTP/1.1 200 OK"
[2026-05-23 16:45:15] INFO - retrieval - Success retrieval 5 items
[2026-05-23 16:48:22] INFO - embedding - Loadding embeding model. huyydangg/DEk21_hcmute_embedding
[2026-05-23 16:48:22] INFO - sentence_transformers.base.model - No device provided, using cuda:0
[2026-05-23 16:48:22] INFO - httpx - HTTP Request: HEAD https://huggingface.co/huyydangg/DEk21_hcmute_embedding/resolve/main/modules.json "HTTP/1.1 307 Temporary Redirect"
[2026-05-23 16:48:22] INFO - httpx - HTTP Request: HEAD https://huggingface.co/api/resolve-cache/models/huyydangg/DEk21_hcmute_embedding/501df2abd66bfecf9f294c4d17741b0d9f3ebb7e/modules.json "HTTP/1.1 200 OK"
[2026-05-23 16:48:22] INFO - httpx - HTTP Request: HEAD https://huggingface.co/huyydangg/DEk21_hcmute_embedding/resolve/main/config_sentence_transformers.json "HTTP/1.1 307 Temporary Redirect"
[2026-05-23 16:48:22] INFO - httpx - HTTP Request: HEAD https://huggingface.co/api/resolve-cache/models/huyydangg/DEk21_hcmute_embedding/501df2abd66bfecf9f294c4d17741b0d9f3ebb7e/config_sentence_transformers.json "HTTP/1.1 200 OK"
[2026-05-23 16:48:22] INFO - sentence_transformers.base.model - Loading SentenceTransformer model from huyydangg/DEk21_hcmute_embedding.
[2026-05-23 16:48:23] INFO - httpx - HTTP Request: HEAD https://huggingface.co/huyydangg/DEk21_hcmute_embedding/resolve/main/config_sentence_transformers.json "HTTP/1.1 307 Temporary Redirect"
[2026-05-23 16:48:23] INFO - httpx - HTTP Request: HEAD https://huggingface.co/api/resolve-cache/models/huyydangg/DEk21_hcmute_embedding/501df2abd66bfecf9f294c4d17741b0d9f3ebb7e/config_sentence_transformers.json "HTTP/1.1 200 OK"
[2026-05-23 16:48:23] INFO - httpx - HTTP Request: HEAD https://huggingface.co/huyydangg/DEk21_hcmute_embedding/resolve/main/README.md "HTTP/1.1 307 Temporary Redirect"
[2026-05-23 16:48:23] INFO - httpx - HTTP Request: HEAD https://huggingface.co/api/resolve-cache/models/huyydangg/DEk21_hcmute_embedding/501df2abd66bfecf9f294c4d17741b0d9f3ebb7e/README.md "HTTP/1.1 200 OK"
[2026-05-23 16:48:23] INFO - httpx - HTTP Request: HEAD https://huggingface.co/huyydangg/DEk21_hcmute_embedding/resolve/main/modules.json "HTTP/1.1 307 Temporary Redirect"
[2026-05-23 16:48:23] INFO - httpx - HTTP Request: HEAD https://huggingface.co/api/resolve-cache/models/huyydangg/DEk21_hcmute_embedding/501df2abd66bfecf9f294c4d17741b0d9f3ebb7e/modules.json "HTTP/1.1 200 OK"
[2026-05-23 16:48:25] INFO - httpx - HTTP Request: HEAD https://huggingface.co/huyydangg/DEk21_hcmute_embedding/resolve/main/sentence_bert_config.json "HTTP/1.1 307 Temporary Redirect"
[2026-05-23 16:48:25] INFO - httpx - HTTP Request: HEAD https://huggingface.co/api/resolve-cache/models/huyydangg/DEk21_hcmute_embedding/501df2abd66bfecf9f294c4d17741b0d9f3ebb7e/sentence_bert_config.json "HTTP/1.1 200 OK"
[2026-05-23 16:48:25] INFO - httpx - HTTP Request: HEAD https://huggingface.co/huyydangg/DEk21_hcmute_embedding/resolve/main/adapter_config.json "HTTP/1.1 404 Not Found"
[2026-05-23 16:48:25] INFO - httpx - HTTP Request: HEAD https://huggingface.co/huyydangg/DEk21_hcmute_embedding/resolve/main/config.json "HTTP/1.1 307 Temporary Redirect"
[2026-05-23 16:48:25] INFO - httpx - HTTP Request: HEAD https://huggingface.co/api/resolve-cache/models/huyydangg/DEk21_hcmute_embedding/501df2abd66bfecf9f294c4d17741b0d9f3ebb7e/config.json "HTTP/1.1 200 OK"
[2026-05-23 16:48:25] INFO - httpx - HTTP Request: HEAD https://huggingface.co/huyydangg/DEk21_hcmute_embedding/resolve/main/config.json "HTTP/1.1 307 Temporary Redirect"
[2026-05-23 16:48:25] INFO - httpx - HTTP Request: HEAD https://huggingface.co/api/resolve-cache/models/huyydangg/DEk21_hcmute_embedding/501df2abd66bfecf9f294c4d17741b0d9f3ebb7e/config.json "HTTP/1.1 200 OK"
[2026-05-23 16:48:26] INFO - httpx - HTTP Request: HEAD https://huggingface.co/huyydangg/DEk21_hcmute_embedding/resolve/main/processor_config.json "HTTP/1.1 404 Not Found"
[2026-05-23 16:48:26] INFO - httpx - HTTP Request: HEAD https://huggingface.co/huyydangg/DEk21_hcmute_embedding/resolve/main/preprocessor_config.json "HTTP/1.1 404 Not Found"
[2026-05-23 16:48:27] INFO - httpx - HTTP Request: HEAD https://huggingface.co/huyydangg/DEk21_hcmute_embedding/resolve/main/video_preprocessor_config.json "HTTP/1.1 404 Not Found"
[2026-05-23 16:48:27] INFO - httpx - HTTP Request: HEAD https://huggingface.co/huyydangg/DEk21_hcmute_embedding/resolve/main/preprocessor_config.json "HTTP/1.1 404 Not Found"
[2026-05-23 16:48:27] INFO - httpx - HTTP Request: HEAD https://huggingface.co/huyydangg/DEk21_hcmute_embedding/resolve/main/tokenizer_config.json "HTTP/1.1 307 Temporary Redirect"
[2026-05-23 16:48:27] INFO - httpx - HTTP Request: HEAD https://huggingface.co/api/resolve-cache/models/huyydangg/DEk21_hcmute_embedding/501df2abd66bfecf9f294c4d17741b0d9f3ebb7e/tokenizer_config.json "HTTP/1.1 200 OK"
[2026-05-23 16:48:27] INFO - httpx - HTTP Request: HEAD https://huggingface.co/huyydangg/DEk21_hcmute_embedding/resolve/main/config.json "HTTP/1.1 307 Temporary Redirect"
[2026-05-23 16:48:28] INFO - httpx - HTTP Request: HEAD https://huggingface.co/api/resolve-cache/models/huyydangg/DEk21_hcmute_embedding/501df2abd66bfecf9f294c4d17741b0d9f3ebb7e/config.json "HTTP/1.1 200 OK"
[2026-05-23 16:48:28] INFO - httpx - HTTP Request: HEAD https://huggingface.co/huyydangg/DEk21_hcmute_embedding/resolve/main/config.json "HTTP/1.1 307 Temporary Redirect"
[2026-05-23 16:48:28] INFO - httpx - HTTP Request: HEAD https://huggingface.co/api/resolve-cache/models/huyydangg/DEk21_hcmute_embedding/501df2abd66bfecf9f294c4d17741b0d9f3ebb7e/config.json "HTTP/1.1 200 OK"
[2026-05-23 16:48:28] INFO - httpx - HTTP Request: HEAD https://huggingface.co/huyydangg/DEk21_hcmute_embedding/resolve/main/tokenizer_config.json "HTTP/1.1 307 Temporary Redirect"
[2026-05-23 16:48:28] INFO - httpx - HTTP Request: HEAD https://huggingface.co/api/resolve-cache/models/huyydangg/DEk21_hcmute_embedding/501df2abd66bfecf9f294c4d17741b0d9f3ebb7e/tokenizer_config.json "HTTP/1.1 200 OK"
[2026-05-23 16:48:28] INFO - httpx - HTTP Request: HEAD https://huggingface.co/huyydangg/DEk21_hcmute_embedding/resolve/main/tokenizer_config.json "HTTP/1.1 307 Temporary Redirect"
[2026-05-23 16:48:28] INFO - httpx - HTTP Request: HEAD https://huggingface.co/api/resolve-cache/models/huyydangg/DEk21_hcmute_embedding/501df2abd66bfecf9f294c4d17741b0d9f3ebb7e/tokenizer_config.json "HTTP/1.1 200 OK"
[2026-05-23 16:48:29] INFO - httpx - HTTP Request: GET https://huggingface.co/api/models/huyydangg/DEk21_hcmute_embedding/tree/main/additional_chat_templates?recursive=false&expand=false "HTTP/1.1 404 Not Found"
[2026-05-23 16:48:29] INFO - httpx - HTTP Request: GET https://huggingface.co/api/models/huyydangg/DEk21_hcmute_embedding/tree/main?recursive=true&expand=false "HTTP/1.1 200 OK"
[2026-05-23 16:48:29] INFO - httpx - HTTP Request: HEAD https://huggingface.co/huyydangg/DEk21_hcmute_embedding/resolve/main/1_Pooling/config.json "HTTP/1.1 307 Temporary Redirect"
[2026-05-23 16:48:29] INFO - httpx - HTTP Request: HEAD https://huggingface.co/api/resolve-cache/models/huyydangg/DEk21_hcmute_embedding/501df2abd66bfecf9f294c4d17741b0d9f3ebb7e/1_Pooling%2Fconfig.json "HTTP/1.1 200 OK"
[2026-05-23 16:48:30] INFO - httpx - HTTP Request: GET https://huggingface.co/api/models/huyydangg/DEk21_hcmute_embedding "HTTP/1.1 200 OK"
[2026-05-23 16:48:31] INFO - embedding - Completed embedding texts 1
[2026-05-23 16:48:31] INFO - vector_datatbase - Connecting to Qdrant via URL
[2026-05-23 16:48:32] INFO - httpx - HTTP Request: GET http://localhost:6333/collections "HTTP/1.1 200 OK"
[2026-05-23 16:48:32] INFO - vector_datatbase - Successfully connected to Qdrant
[2026-05-23 16:48:32] INFO - sparse_vector - Model loaded from vectorstore\bm25store\bm25store.pkl
[2026-05-23 16:48:32] INFO - httpx - HTTP Request: GET http://localhost:6333/collections "HTTP/1.1 200 OK"
[2026-05-23 16:48:32] INFO - vector_datatbase - Collection 'nmk_chatbot_collection' already exists.
[2026-05-23 16:48:32] INFO - httpx - HTTP Request: POST http://localhost:6333/collections/nmk_chatbot_collection/points/query "HTTP/1.1 200 OK"
[2026-05-23 16:48:32] INFO - retrieval - Success retrieval 7 items
[2026-05-23 16:48:32] INFO - httpx - HTTP Request: GET http://localhost:6333 "HTTP/1.1 200 OK"
[2026-05-23 16:50:33] INFO - embedding - Completed embedding texts 1
[2026-05-23 16:50:33] INFO - sparse_vector - Model loaded from vectorstore\bm25store\bm25store.pkl
[2026-05-23 16:50:33] INFO - httpx - HTTP Request: GET http://localhost:6333/collections "HTTP/1.1 200 OK"
[2026-05-23 16:50:33] INFO - vector_datatbase - Collection 'nmk_chatbot_collection' already exists.
[2026-05-23 16:50:33] INFO - httpx - HTTP Request: POST http://localhost:6333/collections/nmk_chatbot_collection/points/query "HTTP/1.1 200 OK"
[2026-05-23 16:50:33] INFO - retrieval - Success retrieval 7 items
[2026-05-23 19:52:06] INFO - embedding - Loadding embeding model. huyydangg/DEk21_hcmute_embedding
[2026-05-23 19:52:06] INFO - sentence_transformers.base.model - No device provided, using cuda:0
[2026-05-23 19:52:07] INFO - httpx - HTTP Request: HEAD https://huggingface.co/huyydangg/DEk21_hcmute_embedding/resolve/main/modules.json "HTTP/1.1 307 Temporary Redirect"
[2026-05-23 19:52:07] INFO - httpx - HTTP Request: HEAD https://huggingface.co/api/resolve-cache/models/huyydangg/DEk21_hcmute_embedding/501df2abd66bfecf9f294c4d17741b0d9f3ebb7e/modules.json "HTTP/1.1 200 OK"
[2026-05-23 19:52:07] INFO - httpx - HTTP Request: HEAD https://huggingface.co/huyydangg/DEk21_hcmute_embedding/resolve/main/config_sentence_transformers.json "HTTP/1.1 307 Temporary Redirect"
[2026-05-23 19:52:07] INFO - httpx - HTTP Request: HEAD https://huggingface.co/api/resolve-cache/models/huyydangg/DEk21_hcmute_embedding/501df2abd66bfecf9f294c4d17741b0d9f3ebb7e/config_sentence_transformers.json "HTTP/1.1 200 OK"
[2026-05-23 19:52:07] INFO - sentence_transformers.base.model - Loading SentenceTransformer model from huyydangg/DEk21_hcmute_embedding.
[2026-05-23 19:52:07] INFO - httpx - HTTP Request: HEAD https://huggingface.co/huyydangg/DEk21_hcmute_embedding/resolve/main/config_sentence_transformers.json "HTTP/1.1 307 Temporary Redirect"
[2026-05-23 19:52:08] INFO - httpx - HTTP Request: HEAD https://huggingface.co/api/resolve-cache/models/huyydangg/DEk21_hcmute_embedding/501df2abd66bfecf9f294c4d17741b0d9f3ebb7e/config_sentence_transformers.json "HTTP/1.1 200 OK"
[2026-05-23 19:52:08] INFO - httpx - HTTP Request: HEAD https://huggingface.co/huyydangg/DEk21_hcmute_embedding/resolve/main/README.md "HTTP/1.1 307 Temporary Redirect"
[2026-05-23 19:52:08] INFO - httpx - HTTP Request: HEAD https://huggingface.co/api/resolve-cache/models/huyydangg/DEk21_hcmute_embedding/501df2abd66bfecf9f294c4d17741b0d9f3ebb7e/README.md "HTTP/1.1 200 OK"
[2026-05-23 19:52:08] INFO - httpx - HTTP Request: HEAD https://huggingface.co/huyydangg/DEk21_hcmute_embedding/resolve/main/modules.json "HTTP/1.1 307 Temporary Redirect"
[2026-05-23 19:52:08] INFO - httpx - HTTP Request: HEAD https://huggingface.co/api/resolve-cache/models/huyydangg/DEk21_hcmute_embedding/501df2abd66bfecf9f294c4d17741b0d9f3ebb7e/modules.json "HTTP/1.1 200 OK"
[2026-05-23 19:52:09] INFO - httpx - HTTP Request: HEAD https://huggingface.co/huyydangg/DEk21_hcmute_embedding/resolve/main/sentence_bert_config.json "HTTP/1.1 307 Temporary Redirect"
[2026-05-23 19:52:09] INFO - httpx - HTTP Request: HEAD https://huggingface.co/api/resolve-cache/models/huyydangg/DEk21_hcmute_embedding/501df2abd66bfecf9f294c4d17741b0d9f3ebb7e/sentence_bert_config.json "HTTP/1.1 200 OK"
[2026-05-23 19:52:09] INFO - httpx - HTTP Request: HEAD https://huggingface.co/huyydangg/DEk21_hcmute_embedding/resolve/main/adapter_config.json "HTTP/1.1 404 Not Found"
[2026-05-23 19:52:09] INFO - httpx - HTTP Request: HEAD https://huggingface.co/huyydangg/DEk21_hcmute_embedding/resolve/main/config.json "HTTP/1.1 307 Temporary Redirect"
[2026-05-23 19:52:10] INFO - httpx - HTTP Request: HEAD https://huggingface.co/api/resolve-cache/models/huyydangg/DEk21_hcmute_embedding/501df2abd66bfecf9f294c4d17741b0d9f3ebb7e/config.json "HTTP/1.1 200 OK"
[2026-05-23 19:52:10] INFO - httpx - HTTP Request: HEAD https://huggingface.co/huyydangg/DEk21_hcmute_embedding/resolve/main/config.json "HTTP/1.1 307 Temporary Redirect"
[2026-05-23 19:52:10] INFO - httpx - HTTP Request: HEAD https://huggingface.co/api/resolve-cache/models/huyydangg/DEk21_hcmute_embedding/501df2abd66bfecf9f294c4d17741b0d9f3ebb7e/config.json "HTTP/1.1 200 OK"
[2026-05-23 19:52:11] INFO - httpx - HTTP Request: HEAD https://huggingface.co/huyydangg/DEk21_hcmute_embedding/resolve/main/processor_config.json "HTTP/1.1 404 Not Found"
[2026-05-23 19:52:11] INFO - httpx - HTTP Request: HEAD https://huggingface.co/huyydangg/DEk21_hcmute_embedding/resolve/main/preprocessor_config.json "HTTP/1.1 404 Not Found"
[2026-05-23 19:52:11] INFO - httpx - HTTP Request: HEAD https://huggingface.co/huyydangg/DEk21_hcmute_embedding/resolve/main/video_preprocessor_config.json "HTTP/1.1 404 Not Found"
[2026-05-23 19:52:12] INFO - httpx - HTTP Request: HEAD https://huggingface.co/huyydangg/DEk21_hcmute_embedding/resolve/main/preprocessor_config.json "HTTP/1.1 404 Not Found"
[2026-05-23 19:52:12] INFO - httpx - HTTP Request: HEAD https://huggingface.co/huyydangg/DEk21_hcmute_embedding/resolve/main/tokenizer_config.json "HTTP/1.1 307 Temporary Redirect"
[2026-05-23 19:52:12] INFO - httpx - HTTP Request: HEAD https://huggingface.co/api/resolve-cache/models/huyydangg/DEk21_hcmute_embedding/501df2abd66bfecf9f294c4d17741b0d9f3ebb7e/tokenizer_config.json "HTTP/1.1 200 OK"
[2026-05-23 19:52:12] INFO - httpx - HTTP Request: HEAD https://huggingface.co/huyydangg/DEk21_hcmute_embedding/resolve/main/config.json "HTTP/1.1 307 Temporary Redirect"
[2026-05-23 19:52:12] INFO - httpx - HTTP Request: HEAD https://huggingface.co/api/resolve-cache/models/huyydangg/DEk21_hcmute_embedding/501df2abd66bfecf9f294c4d17741b0d9f3ebb7e/config.json "HTTP/1.1 200 OK"
[2026-05-23 19:52:13] INFO - httpx - HTTP Request: HEAD https://huggingface.co/huyydangg/DEk21_hcmute_embedding/resolve/main/config.json "HTTP/1.1 307 Temporary Redirect"
[2026-05-23 19:52:13] INFO - httpx - HTTP Request: HEAD https://huggingface.co/api/resolve-cache/models/huyydangg/DEk21_hcmute_embedding/501df2abd66bfecf9f294c4d17741b0d9f3ebb7e/config.json "HTTP/1.1 200 OK"
[2026-05-23 19:52:13] INFO - httpx - HTTP Request: HEAD https://huggingface.co/huyydangg/DEk21_hcmute_embedding/resolve/main/tokenizer_config.json "HTTP/1.1 307 Temporary Redirect"
[2026-05-23 19:52:13] INFO - httpx - HTTP Request: HEAD https://huggingface.co/api/resolve-cache/models/huyydangg/DEk21_hcmute_embedding/501df2abd66bfecf9f294c4d17741b0d9f3ebb7e/tokenizer_config.json "HTTP/1.1 200 OK"
[2026-05-23 19:52:14] INFO - httpx - HTTP Request: HEAD https://huggingface.co/huyydangg/DEk21_hcmute_embedding/resolve/main/tokenizer_config.json "HTTP/1.1 307 Temporary Redirect"
[2026-05-23 19:52:14] INFO - httpx - HTTP Request: HEAD https://huggingface.co/api/resolve-cache/models/huyydangg/DEk21_hcmute_embedding/501df2abd66bfecf9f294c4d17741b0d9f3ebb7e/tokenizer_config.json "HTTP/1.1 200 OK"
[2026-05-23 19:52:14] INFO - httpx - HTTP Request: GET https://huggingface.co/api/models/huyydangg/DEk21_hcmute_embedding/tree/main/additional_chat_templates?recursive=false&expand=false "HTTP/1.1 404 Not Found"
[2026-05-23 19:52:14] INFO - httpx - HTTP Request: GET https://huggingface.co/api/models/huyydangg/DEk21_hcmute_embedding/tree/main?recursive=true&expand=false "HTTP/1.1 200 OK"
[2026-05-23 19:52:15] INFO - httpx - HTTP Request: HEAD https://huggingface.co/huyydangg/DEk21_hcmute_embedding/resolve/main/1_Pooling/config.json "HTTP/1.1 307 Temporary Redirect"
[2026-05-23 19:52:15] INFO - httpx - HTTP Request: HEAD https://huggingface.co/api/resolve-cache/models/huyydangg/DEk21_hcmute_embedding/501df2abd66bfecf9f294c4d17741b0d9f3ebb7e/1_Pooling%2Fconfig.json "HTTP/1.1 200 OK"
[2026-05-23 19:52:15] INFO - httpx - HTTP Request: GET https://huggingface.co/api/models/huyydangg/DEk21_hcmute_embedding "HTTP/1.1 200 OK"
[2026-05-23 19:52:17] INFO - embedding - Completed embedding texts 1
[2026-05-23 19:52:17] INFO - vector_datatbase - Connecting to Qdrant via URL
[2026-05-23 19:52:17] INFO - httpx - HTTP Request: GET http://localhost:6333/collections "HTTP/1.1 200 OK"
[2026-05-23 19:52:17] INFO - vector_datatbase - Successfully connected to Qdrant
[2026-05-23 19:52:17] INFO - sparse_vector - Model loaded from vectorstore\bm25store\bm25store.pkl
[2026-05-23 19:52:18] INFO - httpx - HTTP Request: GET http://localhost:6333/collections "HTTP/1.1 200 OK"
[2026-05-23 19:52:18] INFO - vector_datatbase - Collection 'nmk_chatbot_collection' already exists.
[2026-05-23 19:52:18] INFO - httpx - HTTP Request: GET http://localhost:6333 "HTTP/1.1 200 OK"
[2026-05-23 19:52:18] INFO - httpx - HTTP Request: POST http://localhost:6333/collections/nmk_chatbot_collection/points/query "HTTP/1.1 200 OK"
[2026-05-23 19:52:18] INFO - retrieval - Success retrieval 7 items
[2026-05-24 10:12:57] INFO - ingestion - Starting chunking process for: data\processed\168_2024_ND-CP_619502.json
[2026-05-24 10:12:57] INFO - ingestion - Processing document file: data\processed\168_2024_ND-CP_619502.json (4 chapters found)
[2026-05-24 10:12:57] INFO - ingestion - Chunking complete. Generated 1019 chunks from file: 'data\processed\168_2024_ND-CP_619502.json'.
[2026-05-24 10:13:42] INFO - ingestion - Starting chunking process for: data\processed\168_2024_ND-CP_619502.json
[2026-05-24 10:13:42] INFO - ingestion - Processing document file: data\processed\168_2024_ND-CP_619502.json (4 chapters found)
[2026-05-24 10:13:42] INFO - ingestion - Chunking complete. Generated 1019 chunks from file: 'data\processed\168_2024_ND-CP_619502.json'.
[2026-05-24 10:18:58] INFO - ingestion - Starting chunking process for: data\processed\168_2024_ND-CP_619502.json
[2026-05-24 10:18:58] INFO - ingestion - Processing document file: data\processed\168_2024_ND-CP_619502.json (4 chapters found)
[2026-05-24 10:18:58] INFO - ingestion - Chunking complete. Generated 1019 chunks from file: 'data\processed\168_2024_ND-CP_619502.json'.
[2026-05-24 10:19:15] INFO - embedding - Loadding embeding model. intfloat/multilingual-e5-small
[2026-05-24 10:19:40] INFO - embedding - Completed embedding texts 1019
[2026-05-24 10:19:40] INFO - sparse_vector - Model loaded from vectorstore\bm25store\bm25store.pkl
[2026-05-24 10:22:45] INFO - ingestion - Starting chunking process for: data\processed\168_2024_ND-CP_619502.json
[2026-05-24 10:22:45] INFO - ingestion - Processing document file: data\processed\168_2024_ND-CP_619502.json (4 chapters found)
[2026-05-24 10:22:45] INFO - ingestion - Chunking complete. Generated 1019 chunks from file: 'data\processed\168_2024_ND-CP_619502.json'.
[2026-05-24 10:22:51] INFO - sparse_vector - Initialized BM25: 1019 docs, 1388 terms.
[2026-05-24 10:22:51] INFO - sparse_vector - Model saved to vectorstore\bm25store\bm25store.pkl
[2026-05-24 10:22:52] INFO - embedding - Loadding embeding model. intfloat/multilingual-e5-small
[2026-05-24 10:23:29] INFO - embedding - Completed embedding texts 1019
[2026-05-24 10:23:29] INFO - sparse_vector - Model loaded from vectorstore\bm25store\bm25store.pkl
[2026-05-24 10:23:31] INFO - embedding - Built 1019 Qdrant points with hybrid vectors.
[2026-05-24 10:28:01] INFO - ingestion - Starting chunking process for: data\processed\168_2024_ND-CP_619502.json
[2026-05-24 10:28:01] INFO - ingestion - Processing document file: data\processed\168_2024_ND-CP_619502.json (4 chapters found)
[2026-05-24 10:28:01] INFO - ingestion - Chunking complete. Generated 1019 chunks from file: 'data\processed\168_2024_ND-CP_619502.json'.
[2026-05-24 10:28:05] INFO - sparse_vector - Initialized BM25: 1019 docs, 1388 terms.
[2026-05-24 10:28:05] INFO - sparse_vector - Model saved to vectorstore\bm25store\bm25store.pkl
[2026-05-24 10:28:05] INFO - embedding - Loadding embeding model. intfloat/multilingual-e5-small
[2026-05-24 10:28:39] INFO - embedding - Completed embedding texts 1019
[2026-05-24 10:28:39] INFO - sparse_vector - Model loaded from vectorstore\bm25store\bm25store.pkl
[2026-05-24 10:28:41] INFO - embedding - Built 1019 Qdrant points with hybrid vectors.
[2026-05-24 10:33:57] INFO - ingestion - Starting chunking process for: data\processed\168_2024_ND-CP_619502.json
[2026-05-24 10:33:57] INFO - ingestion - Processing document file: data\processed\168_2024_ND-CP_619502.json (4 chapters found)
[2026-05-24 10:33:57] INFO - ingestion - Chunking complete. Generated 1019 chunks from file: 'data\processed\168_2024_ND-CP_619502.json'.
[2026-05-24 10:34:03] INFO - sparse_vector - Initialized BM25: 1019 docs, 1388 terms.
[2026-05-24 10:34:03] INFO - sparse_vector - Model saved to vectorstore\bm25store\bm25store.pkl
[2026-05-24 10:34:03] INFO - embedding - Loadding embeding model. intfloat/multilingual-e5-small
[2026-05-24 10:34:29] INFO - embedding - Completed embedding texts 1019
[2026-05-24 10:34:29] INFO - sparse_vector - Model loaded from vectorstore\bm25store\bm25store.pkl
[2026-05-24 10:34:30] INFO - embedding - Built 1019 Qdrant points with hybrid vectors.
[2026-05-24 10:38:49] INFO - ingestion - Starting chunking process for: data\processed\168_2024_ND-CP_619502.json
[2026-05-24 10:38:49] INFO - ingestion - Processing document file: data\processed\168_2024_ND-CP_619502.json (4 chapters found)
[2026-05-24 10:38:49] INFO - ingestion - Chunking complete. Generated 1019 chunks from file: 'data\processed\168_2024_ND-CP_619502.json'.
[2026-05-24 10:38:55] INFO - sparse_vector - Initialized BM25: 1019 docs, 1388 terms.
[2026-05-24 10:38:55] INFO - sparse_vector - Model saved to vectorstore\bm25store\bm25store.pkl
[2026-05-24 10:38:56] INFO - embedding - Loadding embeding model. intfloat/multilingual-e5-small
[2026-05-24 10:39:26] INFO - embedding - Completed embedding texts 1019
[2026-05-24 10:39:26] INFO - sparse_vector - Model loaded from vectorstore\bm25store\bm25store.pkl
[2026-05-24 10:39:27] INFO - embedding - Built 1019 Qdrant points with hybrid vectors.
[2026-05-24 10:40:02] INFO - ingestion - Starting chunking process for: data\processed\168_2024_ND-CP_619502.json
[2026-05-24 10:40:02] INFO - ingestion - Processing document file: data\processed\168_2024_ND-CP_619502.json (4 chapters found)
[2026-05-24 10:40:02] INFO - ingestion - Chunking complete. Generated 1019 chunks from file: 'data\processed\168_2024_ND-CP_619502.json'.
[2026-05-24 10:40:07] INFO - sparse_vector - Initialized BM25: 1019 docs, 1388 terms.
[2026-05-24 10:40:07] INFO - sparse_vector - Model saved to vectorstore\bm25store\bm25store.pkl
[2026-05-24 10:40:08] INFO - embedding - Loadding embeding model. intfloat/multilingual-e5-small
[2026-05-24 10:40:39] INFO - embedding - Completed embedding texts 1019
[2026-05-24 10:40:39] INFO - sparse_vector - Model loaded from vectorstore\bm25store\bm25store.pkl
[2026-05-24 10:40:40] INFO - embedding - Built 1019 Qdrant points with hybrid vectors.
[2026-05-24 10:40:41] INFO - vector_database - Upserted 1019 points into collection 'nmk_chatbot_collection'.
[2026-05-24 10:43:51] INFO - retrieval - Loading Reranker model: cross-encoder/ms-marco-MiniLM-L-6-v2
[2026-05-24 10:47:14] INFO - embedding - Loadding embeding model. intfloat/multilingual-e5-small
[2026-05-24 10:47:14] INFO - sentence_transformers.base.model - No device provided, using cuda:0
[2026-05-24 10:47:15] INFO - httpx - HTTP Request: HEAD https://huggingface.co/intfloat/multilingual-e5-small/resolve/main/modules.json "HTTP/1.1 307 Temporary Redirect"
[2026-05-24 10:47:15] INFO - httpx - HTTP Request: HEAD https://huggingface.co/api/resolve-cache/models/intfloat/multilingual-e5-small/614241f622f53c4eeff9890bdc4f31cfecc418b3/modules.json "HTTP/1.1 200 OK"
[2026-05-24 10:47:15] INFO - httpx - HTTP Request: HEAD https://huggingface.co/intfloat/multilingual-e5-small/resolve/main/config_sentence_transformers.json "HTTP/1.1 404 Not Found"
[2026-05-24 10:47:15] INFO - sentence_transformers.base.model - Loading SentenceTransformer model from intfloat/multilingual-e5-small.
[2026-05-24 10:47:16] INFO - httpx - HTTP Request: HEAD https://huggingface.co/intfloat/multilingual-e5-small/resolve/main/config_sentence_transformers.json "HTTP/1.1 404 Not Found"
[2026-05-24 10:47:16] INFO - httpx - HTTP Request: HEAD https://huggingface.co/intfloat/multilingual-e5-small/resolve/main/README.md "HTTP/1.1 307 Temporary Redirect"
[2026-05-24 10:47:16] INFO - httpx - HTTP Request: HEAD https://huggingface.co/api/resolve-cache/models/intfloat/multilingual-e5-small/614241f622f53c4eeff9890bdc4f31cfecc418b3/README.md "HTTP/1.1 200 OK"
[2026-05-24 10:47:16] INFO - httpx - HTTP Request: HEAD https://huggingface.co/intfloat/multilingual-e5-small/resolve/main/modules.json "HTTP/1.1 307 Temporary Redirect"
[2026-05-24 10:47:16] INFO - httpx - HTTP Request: HEAD https://huggingface.co/api/resolve-cache/models/intfloat/multilingual-e5-small/614241f622f53c4eeff9890bdc4f31cfecc418b3/modules.json "HTTP/1.1 200 OK"
[2026-05-24 10:47:17] INFO - httpx - HTTP Request: HEAD https://huggingface.co/intfloat/multilingual-e5-small/resolve/main/sentence_bert_config.json "HTTP/1.1 307 Temporary Redirect"
[2026-05-24 10:47:17] INFO - httpx - HTTP Request: HEAD https://huggingface.co/api/resolve-cache/models/intfloat/multilingual-e5-small/614241f622f53c4eeff9890bdc4f31cfecc418b3/sentence_bert_config.json "HTTP/1.1 200 OK"
[2026-05-24 10:47:17] INFO - httpx - HTTP Request: HEAD https://huggingface.co/intfloat/multilingual-e5-small/resolve/main/adapter_config.json "HTTP/1.1 404 Not Found"
[2026-05-24 10:47:17] INFO - httpx - HTTP Request: HEAD https://huggingface.co/intfloat/multilingual-e5-small/resolve/main/config.json "HTTP/1.1 307 Temporary Redirect"
[2026-05-24 10:47:17] INFO - httpx - HTTP Request: HEAD https://huggingface.co/api/resolve-cache/models/intfloat/multilingual-e5-small/614241f622f53c4eeff9890bdc4f31cfecc418b3/config.json "HTTP/1.1 200 OK"
[2026-05-24 10:47:18] INFO - httpx - HTTP Request: HEAD https://huggingface.co/intfloat/multilingual-e5-small/resolve/main/config.json "HTTP/1.1 307 Temporary Redirect"
[2026-05-24 10:47:18] INFO - httpx - HTTP Request: HEAD https://huggingface.co/api/resolve-cache/models/intfloat/multilingual-e5-small/614241f622f53c4eeff9890bdc4f31cfecc418b3/config.json "HTTP/1.1 200 OK"
[2026-05-24 10:47:18] INFO - httpx - HTTP Request: HEAD https://huggingface.co/intfloat/multilingual-e5-small/resolve/main/processor_config.json "HTTP/1.1 404 Not Found"
[2026-05-24 10:47:19] INFO - httpx - HTTP Request: HEAD https://huggingface.co/intfloat/multilingual-e5-small/resolve/main/preprocessor_config.json "HTTP/1.1 404 Not Found"
[2026-05-24 10:47:19] INFO - httpx - HTTP Request: HEAD https://huggingface.co/intfloat/multilingual-e5-small/resolve/main/video_preprocessor_config.json "HTTP/1.1 404 Not Found"
[2026-05-24 10:47:19] INFO - httpx - HTTP Request: HEAD https://huggingface.co/intfloat/multilingual-e5-small/resolve/main/preprocessor_config.json "HTTP/1.1 404 Not Found"
[2026-05-24 10:47:20] INFO - httpx - HTTP Request: HEAD https://huggingface.co/intfloat/multilingual-e5-small/resolve/main/tokenizer_config.json "HTTP/1.1 307 Temporary Redirect"
[2026-05-24 10:47:20] INFO - httpx - HTTP Request: HEAD https://huggingface.co/api/resolve-cache/models/intfloat/multilingual-e5-small/614241f622f53c4eeff9890bdc4f31cfecc418b3/tokenizer_config.json "HTTP/1.1 200 OK"
[2026-05-24 10:47:20] INFO - httpx - HTTP Request: HEAD https://huggingface.co/intfloat/multilingual-e5-small/resolve/main/config.json "HTTP/1.1 307 Temporary Redirect"
[2026-05-24 10:47:20] INFO - httpx - HTTP Request: HEAD https://huggingface.co/api/resolve-cache/models/intfloat/multilingual-e5-small/614241f622f53c4eeff9890bdc4f31cfecc418b3/config.json "HTTP/1.1 200 OK"
[2026-05-24 10:47:20] INFO - httpx - HTTP Request: HEAD https://huggingface.co/intfloat/multilingual-e5-small/resolve/main/config.json "HTTP/1.1 307 Temporary Redirect"
[2026-05-24 10:47:20] INFO - httpx - HTTP Request: HEAD https://huggingface.co/api/resolve-cache/models/intfloat/multilingual-e5-small/614241f622f53c4eeff9890bdc4f31cfecc418b3/config.json "HTTP/1.1 200 OK"
[2026-05-24 10:47:21] INFO - httpx - HTTP Request: HEAD https://huggingface.co/intfloat/multilingual-e5-small/resolve/main/tokenizer_config.json "HTTP/1.1 307 Temporary Redirect"
[2026-05-24 10:47:21] INFO - httpx - HTTP Request: HEAD https://huggingface.co/api/resolve-cache/models/intfloat/multilingual-e5-small/614241f622f53c4eeff9890bdc4f31cfecc418b3/tokenizer_config.json "HTTP/1.1 200 OK"
[2026-05-24 10:47:21] INFO - httpx - HTTP Request: HEAD https://huggingface.co/intfloat/multilingual-e5-small/resolve/main/tokenizer_config.json "HTTP/1.1 307 Temporary Redirect"
[2026-05-24 10:47:21] INFO - httpx - HTTP Request: HEAD https://huggingface.co/api/resolve-cache/models/intfloat/multilingual-e5-small/614241f622f53c4eeff9890bdc4f31cfecc418b3/tokenizer_config.json "HTTP/1.1 200 OK"
[2026-05-24 10:47:22] INFO - httpx - HTTP Request: GET https://huggingface.co/api/models/intfloat/multilingual-e5-small/tree/main/additional_chat_templates?recursive=false&expand=false "HTTP/1.1 404 Not Found"
[2026-05-24 10:47:23] INFO - httpx - HTTP Request: GET https://huggingface.co/api/models/intfloat/multilingual-e5-small/tree/main?recursive=true&expand=false "HTTP/1.1 200 OK"
[2026-05-24 10:47:26] INFO - httpx - HTTP Request: GET https://huggingface.co/api/models/intfloat/multilingual-e5-small "HTTP/1.1 200 OK"
[2026-05-24 10:47:27] INFO - httpx - HTTP Request: HEAD https://huggingface.co/intfloat/multilingual-e5-small/resolve/main/1_Pooling/config.json "HTTP/1.1 307 Temporary Redirect"
[2026-05-24 10:47:27] INFO - httpx - HTTP Request: HEAD https://huggingface.co/api/resolve-cache/models/intfloat/multilingual-e5-small/614241f622f53c4eeff9890bdc4f31cfecc418b3/1_Pooling%2Fconfig.json "HTTP/1.1 200 OK"
[2026-05-24 10:47:27] INFO - httpx - HTTP Request: GET https://huggingface.co/api/models/intfloat/multilingual-e5-small "HTTP/1.1 200 OK"
[2026-05-24 10:47:28] INFO - embedding - Completed embedding texts 1
[2026-05-24 10:47:28] INFO - vector_datatbase - Connecting to Qdrant via URL
[2026-05-24 10:47:29] INFO - httpx - HTTP Request: GET http://localhost:6333/collections "HTTP/1.1 200 OK"
[2026-05-24 10:47:29] INFO - vector_datatbase - Successfully connected to Qdrant
[2026-05-24 10:47:29] INFO - httpx - HTTP Request: GET http://localhost:6333/collections "HTTP/1.1 200 OK"
[2026-05-24 10:47:29] INFO - vector_datatbase - Collection 'nmk_chatbot_collection' already exists.
[2026-05-24 10:47:29] INFO - sparse_vector - Model loaded from vectorstore\bm25store\bm25store.pkl
[2026-05-24 10:47:29] INFO - httpx - HTTP Request: POST http://localhost:6333/collections/nmk_chatbot_collection/points/query "HTTP/1.1 404 Not Found"
[2026-05-24 10:47:29] INFO - httpx - HTTP Request: GET http://localhost:6333 "HTTP/1.1 200 OK"
[2026-05-24 10:52:01] INFO - retrieval - Loading Reranker model: cross-encoder/ms-marco-MiniLM-L-6-v2
[2026-05-24 10:54:25] INFO - embedding - Loadding embeding model. intfloat/multilingual-e5-small
[2026-05-24 10:54:25] INFO - sentence_transformers.base.model - No device provided, using cuda:0
[2026-05-24 10:54:25] INFO - httpx - HTTP Request: HEAD https://huggingface.co/intfloat/multilingual-e5-small/resolve/main/modules.json "HTTP/1.1 307 Temporary Redirect"
[2026-05-24 10:54:25] INFO - httpx - HTTP Request: HEAD https://huggingface.co/api/resolve-cache/models/intfloat/multilingual-e5-small/614241f622f53c4eeff9890bdc4f31cfecc418b3/modules.json "HTTP/1.1 200 OK"
[2026-05-24 10:54:25] INFO - httpx - HTTP Request: HEAD https://huggingface.co/intfloat/multilingual-e5-small/resolve/main/config_sentence_transformers.json "HTTP/1.1 404 Not Found"
[2026-05-24 10:54:25] INFO - sentence_transformers.base.model - Loading SentenceTransformer model from intfloat/multilingual-e5-small.
[2026-05-24 10:54:26] INFO - httpx - HTTP Request: HEAD https://huggingface.co/intfloat/multilingual-e5-small/resolve/main/config_sentence_transformers.json "HTTP/1.1 404 Not Found"
[2026-05-24 10:54:26] INFO - httpx - HTTP Request: HEAD https://huggingface.co/intfloat/multilingual-e5-small/resolve/main/README.md "HTTP/1.1 307 Temporary Redirect"
[2026-05-24 10:54:26] INFO - httpx - HTTP Request: HEAD https://huggingface.co/api/resolve-cache/models/intfloat/multilingual-e5-small/614241f622f53c4eeff9890bdc4f31cfecc418b3/README.md "HTTP/1.1 200 OK"
[2026-05-24 10:54:27] INFO - httpx - HTTP Request: HEAD https://huggingface.co/intfloat/multilingual-e5-small/resolve/main/modules.json "HTTP/1.1 307 Temporary Redirect"
[2026-05-24 10:54:27] INFO - httpx - HTTP Request: HEAD https://huggingface.co/api/resolve-cache/models/intfloat/multilingual-e5-small/614241f622f53c4eeff9890bdc4f31cfecc418b3/modules.json "HTTP/1.1 200 OK"
[2026-05-24 10:54:27] INFO - httpx - HTTP Request: HEAD https://huggingface.co/intfloat/multilingual-e5-small/resolve/main/sentence_bert_config.json "HTTP/1.1 307 Temporary Redirect"
[2026-05-24 10:54:27] INFO - httpx - HTTP Request: HEAD https://huggingface.co/api/resolve-cache/models/intfloat/multilingual-e5-small/614241f622f53c4eeff9890bdc4f31cfecc418b3/sentence_bert_config.json "HTTP/1.1 200 OK"
[2026-05-24 10:54:27] INFO - httpx - HTTP Request: HEAD https://huggingface.co/intfloat/multilingual-e5-small/resolve/main/adapter_config.json "HTTP/1.1 404 Not Found"
[2026-05-24 10:54:28] INFO - httpx - HTTP Request: HEAD https://huggingface.co/intfloat/multilingual-e5-small/resolve/main/config.json "HTTP/1.1 307 Temporary Redirect"
[2026-05-24 10:54:28] INFO - httpx - HTTP Request: HEAD https://huggingface.co/api/resolve-cache/models/intfloat/multilingual-e5-small/614241f622f53c4eeff9890bdc4f31cfecc418b3/config.json "HTTP/1.1 200 OK"
[2026-05-24 10:54:28] INFO - httpx - HTTP Request: HEAD https://huggingface.co/intfloat/multilingual-e5-small/resolve/main/config.json "HTTP/1.1 307 Temporary Redirect"
[2026-05-24 10:54:28] INFO - httpx - HTTP Request: HEAD https://huggingface.co/api/resolve-cache/models/intfloat/multilingual-e5-small/614241f622f53c4eeff9890bdc4f31cfecc418b3/config.json "HTTP/1.1 200 OK"
[2026-05-24 10:54:29] INFO - httpx - HTTP Request: HEAD https://huggingface.co/intfloat/multilingual-e5-small/resolve/main/processor_config.json "HTTP/1.1 404 Not Found"
[2026-05-24 10:54:29] INFO - httpx - HTTP Request: HEAD https://huggingface.co/intfloat/multilingual-e5-small/resolve/main/preprocessor_config.json "HTTP/1.1 404 Not Found"
[2026-05-24 10:54:30] INFO - httpx - HTTP Request: HEAD https://huggingface.co/intfloat/multilingual-e5-small/resolve/main/video_preprocessor_config.json "HTTP/1.1 404 Not Found"
[2026-05-24 10:54:31] INFO - httpx - HTTP Request: HEAD https://huggingface.co/intfloat/multilingual-e5-small/resolve/main/preprocessor_config.json "HTTP/1.1 404 Not Found"
[2026-05-24 10:54:32] INFO - httpx - HTTP Request: HEAD https://huggingface.co/intfloat/multilingual-e5-small/resolve/main/tokenizer_config.json "HTTP/1.1 307 Temporary Redirect"
[2026-05-24 10:54:32] INFO - httpx - HTTP Request: HEAD https://huggingface.co/api/resolve-cache/models/intfloat/multilingual-e5-small/614241f622f53c4eeff9890bdc4f31cfecc418b3/tokenizer_config.json "HTTP/1.1 200 OK"
[2026-05-24 10:54:32] INFO - httpx - HTTP Request: HEAD https://huggingface.co/intfloat/multilingual-e5-small/resolve/main/config.json "HTTP/1.1 307 Temporary Redirect"
[2026-05-24 10:54:32] INFO - httpx - HTTP Request: HEAD https://huggingface.co/api/resolve-cache/models/intfloat/multilingual-e5-small/614241f622f53c4eeff9890bdc4f31cfecc418b3/config.json "HTTP/1.1 200 OK"
[2026-05-24 10:54:33] INFO - httpx - HTTP Request: HEAD https://huggingface.co/intfloat/multilingual-e5-small/resolve/main/config.json "HTTP/1.1 307 Temporary Redirect"
[2026-05-24 10:54:33] INFO - httpx - HTTP Request: HEAD https://huggingface.co/api/resolve-cache/models/intfloat/multilingual-e5-small/614241f622f53c4eeff9890bdc4f31cfecc418b3/config.json "HTTP/1.1 200 OK"
[2026-05-24 10:54:34] INFO - httpx - HTTP Request: HEAD https://huggingface.co/intfloat/multilingual-e5-small/resolve/main/tokenizer_config.json "HTTP/1.1 307 Temporary Redirect"
[2026-05-24 10:54:34] INFO - httpx - HTTP Request: HEAD https://huggingface.co/api/resolve-cache/models/intfloat/multilingual-e5-small/614241f622f53c4eeff9890bdc4f31cfecc418b3/tokenizer_config.json "HTTP/1.1 200 OK"
[2026-05-24 10:54:35] INFO - httpx - HTTP Request: HEAD https://huggingface.co/intfloat/multilingual-e5-small/resolve/main/tokenizer_config.json "HTTP/1.1 307 Temporary Redirect"
[2026-05-24 10:54:35] INFO - httpx - HTTP Request: HEAD https://huggingface.co/api/resolve-cache/models/intfloat/multilingual-e5-small/614241f622f53c4eeff9890bdc4f31cfecc418b3/tokenizer_config.json "HTTP/1.1 200 OK"
[2026-05-24 10:54:36] INFO - httpx - HTTP Request: GET https://huggingface.co/api/models/intfloat/multilingual-e5-small/tree/main/additional_chat_templates?recursive=false&expand=false "HTTP/1.1 404 Not Found"
[2026-05-24 10:54:37] INFO - httpx - HTTP Request: GET https://huggingface.co/api/models/intfloat/multilingual-e5-small/tree/main?recursive=true&expand=false "HTTP/1.1 200 OK"
[2026-05-24 10:54:39] INFO - httpx - HTTP Request: GET https://huggingface.co/api/models/intfloat/multilingual-e5-small "HTTP/1.1 200 OK"
[2026-05-24 10:54:40] INFO - httpx - HTTP Request: HEAD https://huggingface.co/intfloat/multilingual-e5-small/resolve/main/1_Pooling/config.json "HTTP/1.1 307 Temporary Redirect"
[2026-05-24 10:54:40] INFO - httpx - HTTP Request: HEAD https://huggingface.co/api/resolve-cache/models/intfloat/multilingual-e5-small/614241f622f53c4eeff9890bdc4f31cfecc418b3/1_Pooling%2Fconfig.json "HTTP/1.1 200 OK"
[2026-05-24 10:54:41] INFO - httpx - HTTP Request: GET https://huggingface.co/api/models/intfloat/multilingual-e5-small "HTTP/1.1 200 OK"
[2026-05-24 10:54:42] INFO - embedding - Completed embedding texts 1
[2026-05-24 10:54:42] INFO - vector_datatbase - Connecting to Qdrant via URL
[2026-05-24 10:54:42] INFO - httpx - HTTP Request: GET http://localhost:6333/collections "HTTP/1.1 200 OK"
[2026-05-24 10:54:42] INFO - vector_datatbase - Successfully connected to Qdrant
[2026-05-24 10:54:42] INFO - httpx - HTTP Request: GET http://localhost:6333/collections "HTTP/1.1 200 OK"
[2026-05-24 10:54:42] INFO - vector_datatbase - Collection 'nmk_chatbot_collection' already exists.
[2026-05-24 10:54:42] INFO - sparse_vector - Model loaded from vectorstore\bm25store\bm25store.pkl
[2026-05-24 10:54:42] INFO - httpx - HTTP Request: POST http://localhost:6333/collections/nmk_chatbot_collection/points/query "HTTP/1.1 200 OK"
[2026-05-24 10:54:42] INFO - retrieval - Reranking 20 documents using Cross-Encoder...
[2026-05-24 10:54:43] INFO - httpx - HTTP Request: GET http://localhost:6333 "HTTP/1.1 200 OK"
[2026-05-24 10:54:43] INFO - retrieval - Successfully retrieved 5 items
[2026-05-24 10:57:05] INFO - embedding - Completed embedding texts 1
[2026-05-24 10:57:05] INFO - httpx - HTTP Request: GET http://localhost:6333/collections "HTTP/1.1 200 OK"
[2026-05-24 10:57:05] INFO - vector_datatbase - Collection 'nmk_chatbot_collection' already exists.
[2026-05-24 10:57:05] INFO - sparse_vector - Model loaded from vectorstore\bm25store\bm25store.pkl
[2026-05-24 10:57:05] INFO - httpx - HTTP Request: POST http://localhost:6333/collections/nmk_chatbot_collection/points/query "HTTP/1.1 200 OK"
[2026-05-24 10:57:05] INFO - retrieval - Reranking 20 documents using Cross-Encoder...
[2026-05-24 10:57:06] INFO - retrieval - Successfully retrieved 5 items
[2026-05-24 10:58:07] INFO - embedding - Completed embedding texts 1
[2026-05-24 10:58:07] INFO - httpx - HTTP Request: GET http://localhost:6333/collections "HTTP/1.1 200 OK"
[2026-05-24 10:58:07] INFO - vector_datatbase - Collection 'nmk_chatbot_collection' already exists.
[2026-05-24 10:58:07] INFO - sparse_vector - Model loaded from vectorstore\bm25store\bm25store.pkl
[2026-05-24 10:58:07] INFO - httpx - HTTP Request: POST http://localhost:6333/collections/nmk_chatbot_collection/points/query "HTTP/1.1 200 OK"
[2026-05-24 10:58:07] INFO - retrieval - Reranking 20 documents using Cross-Encoder...
[2026-05-24 10:58:07] INFO - retrieval - Successfully retrieved 5 items
[2026-05-24 12:06:41] INFO - ingestion - Starting chunking process for: data\processed\168_2024_ND-CP_619502.json
[2026-05-24 12:06:41] INFO - ingestion - Processing document file: data\processed\168_2024_ND-CP_619502.json (4 chapters found)
[2026-05-24 12:06:41] INFO - ingestion - Chunking complete. Generated 1019 chunks from file: 'data\processed\168_2024_ND-CP_619502.json'.
[2026-05-24 12:06:47] INFO - sparse_vector - Initialized BM25: 1019 docs, 1388 terms.
[2026-05-24 12:06:47] INFO - sparse_vector - Model saved to vectorstore\bm25store\bm25store.pkl
[2026-05-24 12:06:47] INFO - embedding - Loadding embeding model. dangvantuan/vietnamese-embedding
[2026-05-24 12:10:50] INFO - ingestion - Starting chunking process for: data\processed\168_2024_ND-CP_619502.json
[2026-05-24 12:10:50] INFO - ingestion - Processing document file: data\processed\168_2024_ND-CP_619502.json (4 chapters found)
[2026-05-24 12:10:50] INFO - ingestion - Chunking complete. Generated 1019 chunks from file: 'data\processed\168_2024_ND-CP_619502.json'.
[2026-05-24 12:10:55] INFO - sparse_vector - Initialized BM25: 1019 docs, 1388 terms.
[2026-05-24 12:10:55] INFO - sparse_vector - Model saved to vectorstore\bm25store\bm25store.pkl
[2026-05-24 12:10:55] INFO - embedding - Loadding embeding model. dangvantuan/vietnamese-embedding
[2026-05-24 12:11:47] INFO - ingestion - Starting chunking process for: data\processed\168_2024_ND-CP_619502.json
[2026-05-24 12:11:47] INFO - ingestion - Processing document file: data\processed\168_2024_ND-CP_619502.json (4 chapters found)
[2026-05-24 12:11:47] INFO - ingestion - Chunking complete. Generated 1019 chunks from file: 'data\processed\168_2024_ND-CP_619502.json'.
[2026-05-24 12:11:51] INFO - sparse_vector - Initialized BM25: 1019 docs, 1388 terms.
[2026-05-24 12:11:51] INFO - sparse_vector - Model saved to vectorstore\bm25store\bm25store.pkl
[2026-05-24 12:11:52] INFO - embedding - Loadding embeding model. dangvantuan/vietnamese-embedding
[2026-05-24 12:15:19] INFO - ingestion - Starting chunking process for: data\processed\168_2024_ND-CP_619502.json
[2026-05-24 12:15:19] INFO - ingestion - Processing document file: data\processed\168_2024_ND-CP_619502.json (4 chapters found)
[2026-05-24 12:15:19] INFO - ingestion - Chunking complete. Generated 1019 chunks from file: 'data\processed\168_2024_ND-CP_619502.json'.
[2026-05-24 12:15:25] INFO - sparse_vector - Initialized BM25: 1019 docs, 1388 terms.
[2026-05-24 12:15:25] INFO - sparse_vector - Model saved to vectorstore\bm25store\bm25store.pkl
[2026-05-24 12:15:26] INFO - embedding - Loadding embeding model. BAAI/bge-m3
[2026-05-24 12:18:35] INFO - embedding - Completed embedding texts 1019
[2026-05-24 12:18:35] INFO - sparse_vector - Model loaded from vectorstore\bm25store\bm25store.pkl
[2026-05-24 12:18:37] INFO - embedding - Built 1019 Qdrant points with hybrid vectors.
[2026-05-24 12:18:38] INFO - vector_database - Upserted 1019 points into collection 'nmk_chatbot_collection'.
[2026-05-24 12:21:17] INFO - retrieval - Loading Reranker model: BAAI/bge-reranker-v2-m3
[2026-05-24 12:25:37] INFO - retrieval - Loading Reranker model: BAAI/bge-reranker-v2-m3
[2026-05-24 12:27:00] INFO - retrieval - Loading Reranker model: BAAI/bge-reranker-v2-m3
[2026-05-24 12:52:55] INFO - retrieval - Loading Reranker model: BAAI/bge-reranker-v2-m3
[2026-05-24 12:55:03] INFO - embedding - Loadding embeding model. BAAI/bge-m3
[2026-05-24 12:55:03] INFO - sentence_transformers.base.model - No device provided, using cuda:0
[2026-05-24 12:55:03] INFO - httpx - HTTP Request: HEAD https://huggingface.co/BAAI/bge-m3/resolve/main/modules.json "HTTP/1.1 307 Temporary Redirect"
[2026-05-24 12:55:03] INFO - httpx - HTTP Request: HEAD https://huggingface.co/api/resolve-cache/models/BAAI/bge-m3/5617a9f61b028005a4858fdac845db406aefb181/modules.json "HTTP/1.1 200 OK"
[2026-05-24 12:55:04] INFO - httpx - HTTP Request: HEAD https://huggingface.co/BAAI/bge-m3/resolve/main/config_sentence_transformers.json "HTTP/1.1 307 Temporary Redirect"
[2026-05-24 12:55:04] INFO - httpx - HTTP Request: HEAD https://huggingface.co/api/resolve-cache/models/BAAI/bge-m3/5617a9f61b028005a4858fdac845db406aefb181/config_sentence_transformers.json "HTTP/1.1 200 OK"
[2026-05-24 12:55:04] INFO - sentence_transformers.base.model - Loading SentenceTransformer model from BAAI/bge-m3.
[2026-05-24 12:55:06] INFO - httpx - HTTP Request: HEAD https://huggingface.co/BAAI/bge-m3/resolve/main/config_sentence_transformers.json "HTTP/1.1 307 Temporary Redirect"
[2026-05-24 12:55:06] INFO - httpx - HTTP Request: HEAD https://huggingface.co/api/resolve-cache/models/BAAI/bge-m3/5617a9f61b028005a4858fdac845db406aefb181/config_sentence_transformers.json "HTTP/1.1 200 OK"
[2026-05-24 12:55:07] INFO - httpx - HTTP Request: HEAD https://huggingface.co/BAAI/bge-m3/resolve/main/README.md "HTTP/1.1 307 Temporary Redirect"
[2026-05-24 12:55:07] INFO - httpx - HTTP Request: HEAD https://huggingface.co/api/resolve-cache/models/BAAI/bge-m3/5617a9f61b028005a4858fdac845db406aefb181/README.md "HTTP/1.1 200 OK"
[2026-05-24 12:55:07] INFO - httpx - HTTP Request: HEAD https://huggingface.co/BAAI/bge-m3/resolve/main/modules.json "HTTP/1.1 307 Temporary Redirect"
[2026-05-24 12:55:07] INFO - httpx - HTTP Request: HEAD https://huggingface.co/api/resolve-cache/models/BAAI/bge-m3/5617a9f61b028005a4858fdac845db406aefb181/modules.json "HTTP/1.1 200 OK"
[2026-05-24 12:55:07] INFO - httpx - HTTP Request: HEAD https://huggingface.co/BAAI/bge-m3/resolve/main/sentence_bert_config.json "HTTP/1.1 307 Temporary Redirect"
[2026-05-24 12:55:07] INFO - httpx - HTTP Request: HEAD https://huggingface.co/api/resolve-cache/models/BAAI/bge-m3/5617a9f61b028005a4858fdac845db406aefb181/sentence_bert_config.json "HTTP/1.1 200 OK"
[2026-05-24 12:55:08] INFO - httpx - HTTP Request: HEAD https://huggingface.co/BAAI/bge-m3/resolve/main/adapter_config.json "HTTP/1.1 404 Not Found"
[2026-05-24 12:55:08] INFO - httpx - HTTP Request: HEAD https://huggingface.co/BAAI/bge-m3/resolve/main/config.json "HTTP/1.1 307 Temporary Redirect"
[2026-05-24 12:55:08] INFO - httpx - HTTP Request: HEAD https://huggingface.co/api/resolve-cache/models/BAAI/bge-m3/5617a9f61b028005a4858fdac845db406aefb181/config.json "HTTP/1.1 200 OK"
[2026-05-24 12:55:09] INFO - httpx - HTTP Request: HEAD https://huggingface.co/BAAI/bge-m3/resolve/main/config.json "HTTP/1.1 307 Temporary Redirect"
[2026-05-24 12:55:09] INFO - httpx - HTTP Request: HEAD https://huggingface.co/api/resolve-cache/models/BAAI/bge-m3/5617a9f61b028005a4858fdac845db406aefb181/config.json "HTTP/1.1 200 OK"
[2026-05-24 12:55:09] INFO - httpx - HTTP Request: HEAD https://huggingface.co/BAAI/bge-m3/resolve/main/model.safetensors "HTTP/1.1 404 Not Found"
[2026-05-24 12:55:09] INFO - httpx - HTTP Request: GET https://huggingface.co/api/models/BAAI/bge-m3 "HTTP/1.1 200 OK"
[2026-05-24 12:55:11] INFO - httpx - HTTP Request: HEAD https://huggingface.co/BAAI/bge-m3/resolve/main/processor_config.json "HTTP/1.1 404 Not Found"
[2026-05-24 12:55:11] INFO - httpx - HTTP Request: GET https://huggingface.co/api/models/BAAI/bge-m3/commits/main "HTTP/1.1 200 OK"
[2026-05-24 12:55:11] INFO - httpx - HTTP Request: HEAD https://huggingface.co/BAAI/bge-m3/resolve/main/preprocessor_config.json "HTTP/1.1 404 Not Found"
[2026-05-24 12:55:11] INFO - httpx - HTTP Request: GET https://huggingface.co/api/models/BAAI/bge-m3/discussions?p=0 "HTTP/1.1 200 OK"
[2026-05-24 12:55:12] INFO - httpx - HTTP Request: HEAD https://huggingface.co/BAAI/bge-m3/resolve/main/video_preprocessor_config.json "HTTP/1.1 404 Not Found"
[2026-05-24 12:55:12] INFO - httpx - HTTP Request: GET https://huggingface.co/api/models/BAAI/bge-m3/commits/refs%2Fpr%2F130 "HTTP/1.1 200 OK"
[2026-05-24 12:55:13] INFO - httpx - HTTP Request: HEAD https://huggingface.co/BAAI/bge-m3/resolve/main/preprocessor_config.json "HTTP/1.1 404 Not Found"
[2026-05-24 12:55:13] INFO - httpx - HTTP Request: HEAD https://huggingface.co/BAAI/bge-m3/resolve/refs%2Fpr%2F130/model.safetensors.index.json "HTTP/1.1 404 Not Found"
[2026-05-24 12:55:14] INFO - httpx - HTTP Request: HEAD https://huggingface.co/BAAI/bge-m3/resolve/main/tokenizer_config.json "HTTP/1.1 307 Temporary Redirect"
[2026-05-24 12:55:14] INFO - httpx - HTTP Request: HEAD https://huggingface.co/BAAI/bge-m3/resolve/refs%2Fpr%2F130/model.safetensors "HTTP/1.1 302 Found"
[2026-05-24 12:55:14] INFO - httpx - HTTP Request: HEAD https://huggingface.co/api/resolve-cache/models/BAAI/bge-m3/5617a9f61b028005a4858fdac845db406aefb181/tokenizer_config.json "HTTP/1.1 200 OK"
[2026-05-24 12:55:14] INFO - httpx - HTTP Request: HEAD https://huggingface.co/BAAI/bge-m3/resolve/main/config.json "HTTP/1.1 307 Temporary Redirect"
[2026-05-24 12:55:14] INFO - httpx - HTTP Request: HEAD https://huggingface.co/api/resolve-cache/models/BAAI/bge-m3/5617a9f61b028005a4858fdac845db406aefb181/config.json "HTTP/1.1 200 OK"
[2026-05-24 12:55:15] INFO - httpx - HTTP Request: HEAD https://huggingface.co/BAAI/bge-m3/resolve/main/config.json "HTTP/1.1 307 Temporary Redirect"
[2026-05-24 12:55:15] INFO - httpx - HTTP Request: HEAD https://huggingface.co/api/resolve-cache/models/BAAI/bge-m3/5617a9f61b028005a4858fdac845db406aefb181/config.json "HTTP/1.1 200 OK"
[2026-05-24 12:55:15] INFO - httpx - HTTP Request: HEAD https://huggingface.co/BAAI/bge-m3/resolve/main/tokenizer_config.json "HTTP/1.1 307 Temporary Redirect"
[2026-05-24 12:55:15] INFO - httpx - HTTP Request: HEAD https://huggingface.co/api/resolve-cache/models/BAAI/bge-m3/5617a9f61b028005a4858fdac845db406aefb181/tokenizer_config.json "HTTP/1.1 200 OK"
[2026-05-24 12:55:17] INFO - httpx - HTTP Request: GET https://huggingface.co/api/models/BAAI/bge-m3/tree/main/additional_chat_templates?recursive=false&expand=false "HTTP/1.1 404 Not Found"
[2026-05-24 12:55:18] INFO - httpx - HTTP Request: GET https://huggingface.co/api/models/BAAI/bge-m3/tree/main?recursive=true&expand=false "HTTP/1.1 200 OK"
[2026-05-24 12:55:27] INFO - httpx - HTTP Request: GET https://huggingface.co/api/models/BAAI/bge-m3 "HTTP/1.1 200 OK"
[2026-05-24 12:55:28] INFO - httpx - HTTP Request: HEAD https://huggingface.co/BAAI/bge-m3/resolve/main/1_Pooling/config.json "HTTP/1.1 307 Temporary Redirect"
[2026-05-24 12:55:28] INFO - httpx - HTTP Request: HEAD https://huggingface.co/api/resolve-cache/models/BAAI/bge-m3/5617a9f61b028005a4858fdac845db406aefb181/1_Pooling%2Fconfig.json "HTTP/1.1 200 OK"
[2026-05-24 12:55:28] INFO - httpx - HTTP Request: GET https://huggingface.co/api/models/BAAI/bge-m3 "HTTP/1.1 200 OK"
[2026-05-24 12:55:36] INFO - embedding - Completed embedding texts 1
[2026-05-24 12:55:36] INFO - vector_datatbase - Connecting to Qdrant via URL
[2026-05-24 12:55:37] INFO - httpx - HTTP Request: GET http://localhost:6333/collections "HTTP/1.1 200 OK"
[2026-05-24 12:55:37] INFO - vector_datatbase - Successfully connected to Qdrant
[2026-05-24 12:55:37] INFO - httpx - HTTP Request: GET http://localhost:6333/collections "HTTP/1.1 200 OK"
[2026-05-24 12:55:37] INFO - vector_datatbase - Collection 'nmk_chatbot_collection' already exists.
[2026-05-24 12:55:37] INFO - sparse_vector - Model loaded from vectorstore\bm25store\bm25store.pkl
[2026-05-24 12:55:37] INFO - httpx - HTTP Request: GET http://localhost:6333 "HTTP/1.1 200 OK"
[2026-05-24 12:55:37] INFO - httpx - HTTP Request: POST http://localhost:6333/collections/nmk_chatbot_collection/points/query "HTTP/1.1 200 OK"
[2026-05-24 12:55:37] INFO - retrieval - Reranking 20 documents using Cross-Encoder...
[2026-05-24 12:56:30] INFO - retrieval - Successfully retrieved 5 items
[2026-05-24 12:57:19] INFO - embedding - Completed embedding texts 1
[2026-05-24 12:57:20] INFO - httpx - HTTP Request: GET http://localhost:6333/collections "HTTP/1.1 200 OK"
[2026-05-24 12:57:20] INFO - vector_datatbase - Collection 'nmk_chatbot_collection' already exists.
[2026-05-24 12:57:20] INFO - sparse_vector - Model loaded from vectorstore\bm25store\bm25store.pkl
[2026-05-24 12:57:20] INFO - httpx - HTTP Request: POST http://localhost:6333/collections/nmk_chatbot_collection/points/query "HTTP/1.1 200 OK"
[2026-05-24 12:57:20] INFO - retrieval - Reranking 20 documents using Cross-Encoder...
[2026-05-24 12:58:12] INFO - retrieval - Successfully retrieved 5 items
[2026-05-24 13:05:15] INFO - embedding - Completed embedding texts 1
[2026-05-24 13:05:15] INFO - httpx - HTTP Request: GET http://localhost:6333/collections "HTTP/1.1 200 OK"
[2026-05-24 13:05:15] INFO - vector_datatbase - Collection 'nmk_chatbot_collection' already exists.
[2026-05-24 13:05:15] INFO - sparse_vector - Model loaded from vectorstore\bm25store\bm25store.pkl
[2026-05-24 13:05:16] INFO - httpx - HTTP Request: POST http://localhost:6333/collections/nmk_chatbot_collection/points/query "HTTP/1.1 200 OK"
[2026-05-24 13:05:16] INFO - retrieval - Reranking 20 documents using Cross-Encoder...
[2026-05-24 13:05:18] INFO - retrieval - Successfully retrieved 5 items
[2026-05-24 13:16:18] INFO - retrieval - Loading Reranker model: BAAI/bge-reranker-v2-m3
[2026-05-24 13:21:26] INFO - retrieval - Loading Reranker model: BAAI/bge-reranker-v2-m3
[2026-05-24 13:23:02] INFO - embedding - Loadding embeding model. BAAI/bge-m3
[2026-05-24 13:23:02] INFO - sentence_transformers.base.model - No device provided, using cuda:0
[2026-05-24 13:23:04] INFO - httpx - HTTP Request: HEAD https://huggingface.co/BAAI/bge-m3/resolve/main/modules.json "HTTP/1.1 307 Temporary Redirect"
[2026-05-24 13:23:04] INFO - httpx - HTTP Request: HEAD https://huggingface.co/api/resolve-cache/models/BAAI/bge-m3/5617a9f61b028005a4858fdac845db406aefb181/modules.json "HTTP/1.1 200 OK"
[2026-05-24 13:23:04] INFO - httpx - HTTP Request: HEAD https://huggingface.co/BAAI/bge-m3/resolve/main/config_sentence_transformers.json "HTTP/1.1 307 Temporary Redirect"
[2026-05-24 13:23:04] INFO - httpx - HTTP Request: HEAD https://huggingface.co/api/resolve-cache/models/BAAI/bge-m3/5617a9f61b028005a4858fdac845db406aefb181/config_sentence_transformers.json "HTTP/1.1 200 OK"
[2026-05-24 13:23:04] INFO - sentence_transformers.base.model - Loading SentenceTransformer model from BAAI/bge-m3.
[2026-05-24 13:23:06] INFO - httpx - HTTP Request: HEAD https://huggingface.co/BAAI/bge-m3/resolve/main/config_sentence_transformers.json "HTTP/1.1 307 Temporary Redirect"
[2026-05-24 13:23:06] INFO - httpx - HTTP Request: HEAD https://huggingface.co/api/resolve-cache/models/BAAI/bge-m3/5617a9f61b028005a4858fdac845db406aefb181/config_sentence_transformers.json "HTTP/1.1 200 OK"
[2026-05-24 13:23:06] INFO - httpx - HTTP Request: HEAD https://huggingface.co/BAAI/bge-m3/resolve/main/README.md "HTTP/1.1 307 Temporary Redirect"
[2026-05-24 13:23:06] INFO - httpx - HTTP Request: HEAD https://huggingface.co/api/resolve-cache/models/BAAI/bge-m3/5617a9f61b028005a4858fdac845db406aefb181/README.md "HTTP/1.1 200 OK"
[2026-05-24 13:23:07] INFO - httpx - HTTP Request: HEAD https://huggingface.co/BAAI/bge-m3/resolve/main/modules.json "HTTP/1.1 307 Temporary Redirect"
[2026-05-24 13:23:07] INFO - httpx - HTTP Request: HEAD https://huggingface.co/api/resolve-cache/models/BAAI/bge-m3/5617a9f61b028005a4858fdac845db406aefb181/modules.json "HTTP/1.1 200 OK"
[2026-05-24 13:23:07] INFO - httpx - HTTP Request: HEAD https://huggingface.co/BAAI/bge-m3/resolve/main/sentence_bert_config.json "HTTP/1.1 307 Temporary Redirect"
[2026-05-24 13:23:07] INFO - httpx - HTTP Request: HEAD https://huggingface.co/api/resolve-cache/models/BAAI/bge-m3/5617a9f61b028005a4858fdac845db406aefb181/sentence_bert_config.json "HTTP/1.1 200 OK"
[2026-05-24 13:23:08] INFO - httpx - HTTP Request: HEAD https://huggingface.co/BAAI/bge-m3/resolve/main/adapter_config.json "HTTP/1.1 404 Not Found"
[2026-05-24 13:23:09] INFO - httpx - HTTP Request: HEAD https://huggingface.co/BAAI/bge-m3/resolve/main/config.json "HTTP/1.1 307 Temporary Redirect"
[2026-05-24 13:23:09] INFO - httpx - HTTP Request: HEAD https://huggingface.co/api/resolve-cache/models/BAAI/bge-m3/5617a9f61b028005a4858fdac845db406aefb181/config.json "HTTP/1.1 200 OK"
[2026-05-24 13:23:10] INFO - httpx - HTTP Request: HEAD https://huggingface.co/BAAI/bge-m3/resolve/main/config.json "HTTP/1.1 307 Temporary Redirect"
[2026-05-24 13:23:10] INFO - httpx - HTTP Request: HEAD https://huggingface.co/api/resolve-cache/models/BAAI/bge-m3/5617a9f61b028005a4858fdac845db406aefb181/config.json "HTTP/1.1 200 OK"
[2026-05-24 13:23:11] INFO - httpx - HTTP Request: HEAD https://huggingface.co/BAAI/bge-m3/resolve/main/model.safetensors "HTTP/1.1 404 Not Found"
[2026-05-24 13:23:11] INFO - httpx - HTTP Request: GET https://huggingface.co/api/models/BAAI/bge-m3 "HTTP/1.1 200 OK"
[2026-05-24 13:23:11] INFO - httpx - HTTP Request: HEAD https://huggingface.co/BAAI/bge-m3/resolve/main/processor_config.json "HTTP/1.1 404 Not Found"
[2026-05-24 13:23:11] INFO - httpx - HTTP Request: GET https://huggingface.co/api/models/BAAI/bge-m3/commits/main "HTTP/1.1 200 OK"
[2026-05-24 13:23:14] INFO - httpx - HTTP Request: HEAD https://huggingface.co/BAAI/bge-m3/resolve/main/preprocessor_config.json "HTTP/1.1 404 Not Found"
[2026-05-24 13:23:14] INFO - httpx - HTTP Request: GET https://huggingface.co/api/models/BAAI/bge-m3/discussions?p=0 "HTTP/1.1 200 OK"
[2026-05-24 13:23:15] INFO - httpx - HTTP Request: HEAD https://huggingface.co/BAAI/bge-m3/resolve/main/video_preprocessor_config.json "HTTP/1.1 404 Not Found"
[2026-05-24 13:23:15] INFO - httpx - HTTP Request: GET https://huggingface.co/api/models/BAAI/bge-m3/commits/refs%2Fpr%2F130 "HTTP/1.1 200 OK"
[2026-05-24 13:23:15] INFO - httpx - HTTP Request: HEAD https://huggingface.co/BAAI/bge-m3/resolve/main/preprocessor_config.json "HTTP/1.1 404 Not Found"
[2026-05-24 13:23:15] INFO - httpx - HTTP Request: HEAD https://huggingface.co/BAAI/bge-m3/resolve/refs%2Fpr%2F130/model.safetensors.index.json "HTTP/1.1 404 Not Found"
[2026-05-24 13:23:15] INFO - httpx - HTTP Request: HEAD https://huggingface.co/BAAI/bge-m3/resolve/refs%2Fpr%2F130/model.safetensors "HTTP/1.1 302 Found"
[2026-05-24 13:23:15] INFO - httpx - HTTP Request: HEAD https://huggingface.co/BAAI/bge-m3/resolve/main/tokenizer_config.json "HTTP/1.1 307 Temporary Redirect"
[2026-05-24 13:23:15] INFO - httpx - HTTP Request: HEAD https://huggingface.co/api/resolve-cache/models/BAAI/bge-m3/5617a9f61b028005a4858fdac845db406aefb181/tokenizer_config.json "HTTP/1.1 200 OK"
[2026-05-24 13:23:16] INFO - httpx - HTTP Request: HEAD https://huggingface.co/BAAI/bge-m3/resolve/main/config.json "HTTP/1.1 307 Temporary Redirect"
[2026-05-24 13:23:16] INFO - httpx - HTTP Request: HEAD https://huggingface.co/api/resolve-cache/models/BAAI/bge-m3/5617a9f61b028005a4858fdac845db406aefb181/config.json "HTTP/1.1 200 OK"
[2026-05-24 13:23:16] INFO - httpx - HTTP Request: HEAD https://huggingface.co/BAAI/bge-m3/resolve/main/config.json "HTTP/1.1 307 Temporary Redirect"
[2026-05-24 13:23:16] INFO - httpx - HTTP Request: HEAD https://huggingface.co/api/resolve-cache/models/BAAI/bge-m3/5617a9f61b028005a4858fdac845db406aefb181/config.json "HTTP/1.1 200 OK"
[2026-05-24 13:23:16] INFO - httpx - HTTP Request: HEAD https://huggingface.co/BAAI/bge-m3/resolve/main/tokenizer_config.json "HTTP/1.1 307 Temporary Redirect"
[2026-05-24 13:23:16] INFO - httpx - HTTP Request: HEAD https://huggingface.co/api/resolve-cache/models/BAAI/bge-m3/5617a9f61b028005a4858fdac845db406aefb181/tokenizer_config.json "HTTP/1.1 200 OK"
[2026-05-24 13:23:17] INFO - httpx - HTTP Request: GET https://huggingface.co/api/models/BAAI/bge-m3/tree/main/additional_chat_templates?recursive=false&expand=false "HTTP/1.1 404 Not Found"
[2026-05-24 13:23:17] INFO - httpx - HTTP Request: GET https://huggingface.co/api/models/BAAI/bge-m3/tree/main?recursive=true&expand=false "HTTP/1.1 200 OK"
[2026-05-24 13:23:21] INFO - httpx - HTTP Request: GET https://huggingface.co/api/models/BAAI/bge-m3 "HTTP/1.1 200 OK"
[2026-05-24 13:23:21] INFO - httpx - HTTP Request: HEAD https://huggingface.co/BAAI/bge-m3/resolve/main/1_Pooling/config.json "HTTP/1.1 307 Temporary Redirect"
[2026-05-24 13:23:21] INFO - httpx - HTTP Request: HEAD https://huggingface.co/api/resolve-cache/models/BAAI/bge-m3/5617a9f61b028005a4858fdac845db406aefb181/1_Pooling%2Fconfig.json "HTTP/1.1 200 OK"
[2026-05-24 13:23:22] INFO - httpx - HTTP Request: GET https://huggingface.co/api/models/BAAI/bge-m3 "HTTP/1.1 200 OK"
[2026-05-24 13:23:28] INFO - embedding - Completed embedding texts 1
[2026-05-24 13:23:28] INFO - vector_datatbase - Connecting to Qdrant via URL
[2026-05-24 13:23:29] INFO - httpx - HTTP Request: GET http://localhost:6333/collections "HTTP/1.1 200 OK"
[2026-05-24 13:23:29] INFO - vector_datatbase - Successfully connected to Qdrant
[2026-05-24 13:23:29] INFO - httpx - HTTP Request: GET http://localhost:6333/collections "HTTP/1.1 200 OK"
[2026-05-24 13:23:29] INFO - vector_datatbase - Collection 'nmk_chatbot_collection' already exists.
[2026-05-24 13:23:29] INFO - sparse_vector - Model loaded from vectorstore\bm25store\bm25store.pkl
[2026-05-24 13:23:29] INFO - httpx - HTTP Request: GET http://localhost:6333 "HTTP/1.1 200 OK"
[2026-05-24 13:23:29] INFO - httpx - HTTP Request: POST http://localhost:6333/collections/nmk_chatbot_collection/points/query "HTTP/1.1 200 OK"
[2026-05-24 13:23:29] INFO - retrieval - Reranking 20 documents using Cross-Encoder...
[2026-05-24 13:24:04] INFO - retrieval - Successfully retrieved 5 items
[2026-05-24 13:41:15] INFO - embedding - Completed embedding texts 1
[2026-05-24 13:41:15] INFO - httpx - HTTP Request: GET http://localhost:6333/collections "HTTP/1.1 200 OK"
[2026-05-24 13:41:15] INFO - vector_datatbase - Collection 'nmk_chatbot_collection' already exists.
[2026-05-24 13:41:15] INFO - sparse_vector - Model loaded from vectorstore\bm25store\bm25store.pkl
[2026-05-24 13:41:16] INFO - httpx - HTTP Request: POST http://localhost:6333/collections/nmk_chatbot_collection/points/query "HTTP/1.1 200 OK"
[2026-05-24 13:41:16] INFO - retrieval - Reranking 20 documents using Cross-Encoder...
[2026-05-24 13:41:17] INFO - retrieval - Successfully retrieved 5 items
[2026-05-24 14:00:35] INFO - retrieval - Loading Reranker model: BAAI/bge-reranker-v2-m3
[2026-05-24 14:01:29] INFO - embedding - Loadding embeding model. BAAI/bge-m3
[2026-05-24 14:01:56] INFO - embedding - Completed embedding texts 1
[2026-05-24 14:01:57] INFO - sparse_vector - Model loaded from vectorstore\bm25store\bm25store.pkl
[2026-05-24 14:01:57] INFO - retrieval - Reranking 20 documents using Cross-Encoder...
[2026-05-24 14:02:28] INFO - retrieval - Successfully retrieved 5 items
[2026-05-24 14:18:21] INFO - retrieval - Loading Reranker model: BAAI/bge-reranker-v2-m3
[2026-08-02 22:24:33] INFO - embedding - Loadding embeding model. mainguyen9/vietlegal-harrier-0.6b
[2026-08-02 22:25:33] INFO - embedding - Completed embedding texts 1
[2026-08-13 07:48:35] INFO - embedding - Loadding embeding model. mainguyen9/vietlegal-harrier-0.6b
[2026-08-13 07:48:37] INFO - sentence_transformers.base.model - No device provided, using cuda:0
[2026-08-13 07:48:37] INFO - httpx - HTTP Request: HEAD https://huggingface.co/mainguyen9/vietlegal-harrier-0.6b/resolve/main/modules.json "HTTP/1.1 307 Temporary Redirect"
[2026-08-13 07:48:37] WARNING - huggingface_hub.utils._http - Warning: You are sending unauthenticated requests to the HF Hub. Please set a HF_TOKEN to enable higher rate limits and faster downloads.
[2026-08-13 07:48:37] INFO - httpx - HTTP Request: HEAD https://huggingface.co/api/resolve-cache/models/mainguyen9/vietlegal-harrier-0.6b/91a0e1ebe4b63b4475bbae40658b8ca9231bea74/modules.json "HTTP/1.1 200 OK"
[2026-08-13 07:48:37] INFO - httpx - HTTP Request: HEAD https://huggingface.co/mainguyen9/vietlegal-harrier-0.6b/resolve/main/config_sentence_transformers.json "HTTP/1.1 307 Temporary Redirect"
[2026-08-13 07:48:37] INFO - httpx - HTTP Request: HEAD https://huggingface.co/api/resolve-cache/models/mainguyen9/vietlegal-harrier-0.6b/91a0e1ebe4b63b4475bbae40658b8ca9231bea74/config_sentence_transformers.json "HTTP/1.1 200 OK"
[2026-08-13 07:48:37] INFO - sentence_transformers.base.model - Loading SentenceTransformer model from mainguyen9/vietlegal-harrier-0.6b.
[2026-08-13 07:48:38] INFO - httpx - HTTP Request: HEAD https://huggingface.co/mainguyen9/vietlegal-harrier-0.6b/resolve/main/config_sentence_transformers.json "HTTP/1.1 307 Temporary Redirect"
[2026-08-13 07:48:38] INFO - httpx - HTTP Request: HEAD https://huggingface.co/api/resolve-cache/models/mainguyen9/vietlegal-harrier-0.6b/91a0e1ebe4b63b4475bbae40658b8ca9231bea74/config_sentence_transformers.json "HTTP/1.1 200 OK"
[2026-08-13 07:48:38] INFO - httpx - HTTP Request: HEAD https://huggingface.co/mainguyen9/vietlegal-harrier-0.6b/resolve/main/README.md "HTTP/1.1 307 Temporary Redirect"
[2026-08-13 07:48:38] INFO - httpx - HTTP Request: HEAD https://huggingface.co/api/resolve-cache/models/mainguyen9/vietlegal-harrier-0.6b/91a0e1ebe4b63b4475bbae40658b8ca9231bea74/README.md "HTTP/1.1 200 OK"
[2026-08-13 07:48:38] INFO - httpx - HTTP Request: HEAD https://huggingface.co/mainguyen9/vietlegal-harrier-0.6b/resolve/main/modules.json "HTTP/1.1 307 Temporary Redirect"
[2026-08-13 07:48:38] INFO - httpx - HTTP Request: HEAD https://huggingface.co/api/resolve-cache/models/mainguyen9/vietlegal-harrier-0.6b/91a0e1ebe4b63b4475bbae40658b8ca9231bea74/modules.json "HTTP/1.1 200 OK"
[2026-08-13 07:48:39] INFO - httpx - HTTP Request: HEAD https://huggingface.co/mainguyen9/vietlegal-harrier-0.6b/resolve/main/sentence_bert_config.json "HTTP/1.1 307 Temporary Redirect"
[2026-08-13 07:48:39] INFO - httpx - HTTP Request: HEAD https://huggingface.co/api/resolve-cache/models/mainguyen9/vietlegal-harrier-0.6b/91a0e1ebe4b63b4475bbae40658b8ca9231bea74/sentence_bert_config.json "HTTP/1.1 200 OK"
[2026-08-13 07:48:39] INFO - httpx - HTTP Request: HEAD https://huggingface.co/mainguyen9/vietlegal-harrier-0.6b/resolve/main/adapter_config.json "HTTP/1.1 404 Not Found"
[2026-08-13 07:48:39] INFO - httpx - HTTP Request: HEAD https://huggingface.co/mainguyen9/vietlegal-harrier-0.6b/resolve/main/config.json "HTTP/1.1 307 Temporary Redirect"
[2026-08-13 07:48:39] INFO - httpx - HTTP Request: HEAD https://huggingface.co/api/resolve-cache/models/mainguyen9/vietlegal-harrier-0.6b/91a0e1ebe4b63b4475bbae40658b8ca9231bea74/config.json "HTTP/1.1 200 OK"
[2026-08-13 07:48:39] INFO - httpx - HTTP Request: HEAD https://huggingface.co/mainguyen9/vietlegal-harrier-0.6b/resolve/main/config.json "HTTP/1.1 307 Temporary Redirect"
[2026-08-13 07:48:39] INFO - httpx - HTTP Request: HEAD https://huggingface.co/api/resolve-cache/models/mainguyen9/vietlegal-harrier-0.6b/91a0e1ebe4b63b4475bbae40658b8ca9231bea74/config.json "HTTP/1.1 200 OK"
[2026-08-13 07:48:40] INFO - httpx - HTTP Request: HEAD https://huggingface.co/mainguyen9/vietlegal-harrier-0.6b/resolve/main/processor_config.json "HTTP/1.1 404 Not Found"
[2026-08-13 07:48:40] INFO - httpx - HTTP Request: HEAD https://huggingface.co/mainguyen9/vietlegal-harrier-0.6b/resolve/main/preprocessor_config.json "HTTP/1.1 404 Not Found"
[2026-08-13 07:48:41] INFO - httpx - HTTP Request: HEAD https://huggingface.co/mainguyen9/vietlegal-harrier-0.6b/resolve/main/video_preprocessor_config.json "HTTP/1.1 404 Not Found"
[2026-08-13 07:48:41] INFO - httpx - HTTP Request: HEAD https://huggingface.co/mainguyen9/vietlegal-harrier-0.6b/resolve/main/preprocessor_config.json "HTTP/1.1 404 Not Found"
[2026-08-13 07:48:41] INFO - httpx - HTTP Request: HEAD https://huggingface.co/mainguyen9/vietlegal-harrier-0.6b/resolve/main/tokenizer_config.json "HTTP/1.1 307 Temporary Redirect"
[2026-08-13 07:48:41] INFO - httpx - HTTP Request: HEAD https://huggingface.co/api/resolve-cache/models/mainguyen9/vietlegal-harrier-0.6b/91a0e1ebe4b63b4475bbae40658b8ca9231bea74/tokenizer_config.json "HTTP/1.1 200 OK"
[2026-08-13 07:48:42] INFO - httpx - HTTP Request: HEAD https://huggingface.co/mainguyen9/vietlegal-harrier-0.6b/resolve/main/config.json "HTTP/1.1 307 Temporary Redirect"
[2026-08-13 07:48:42] INFO - httpx - HTTP Request: HEAD https://huggingface.co/api/resolve-cache/models/mainguyen9/vietlegal-harrier-0.6b/91a0e1ebe4b63b4475bbae40658b8ca9231bea74/config.json "HTTP/1.1 200 OK"
[2026-08-13 07:48:42] INFO - httpx - HTTP Request: HEAD https://huggingface.co/mainguyen9/vietlegal-harrier-0.6b/resolve/main/config.json "HTTP/1.1 307 Temporary Redirect"
[2026-08-13 07:48:42] INFO - httpx - HTTP Request: HEAD https://huggingface.co/api/resolve-cache/models/mainguyen9/vietlegal-harrier-0.6b/91a0e1ebe4b63b4475bbae40658b8ca9231bea74/config.json "HTTP/1.1 200 OK"
[2026-08-13 07:48:42] INFO - httpx - HTTP Request: HEAD https://huggingface.co/mainguyen9/vietlegal-harrier-0.6b/resolve/main/tokenizer_config.json "HTTP/1.1 307 Temporary Redirect"
[2026-08-13 07:48:42] INFO - httpx - HTTP Request: HEAD https://huggingface.co/api/resolve-cache/models/mainguyen9/vietlegal-harrier-0.6b/91a0e1ebe4b63b4475bbae40658b8ca9231bea74/tokenizer_config.json "HTTP/1.1 200 OK"
[2026-08-13 07:48:42] INFO - httpx - HTTP Request: GET https://huggingface.co/api/models/mainguyen9/vietlegal-harrier-0.6b/tree/main/additional_chat_templates?recursive=false&expand=false "HTTP/1.1 404 Not Found"
[2026-08-13 07:48:43] INFO - httpx - HTTP Request: GET https://huggingface.co/api/models/mainguyen9/vietlegal-harrier-0.6b/tree/main?recursive=true&expand=false "HTTP/1.1 200 OK"
[2026-08-13 07:48:44] INFO - httpx - HTTP Request: GET https://huggingface.co/api/models/mainguyen9/vietlegal-harrier-0.6b "HTTP/1.1 200 OK"
[2026-08-13 07:48:44] INFO - httpx - HTTP Request: HEAD https://huggingface.co/mainguyen9/vietlegal-harrier-0.6b/resolve/main/1_Pooling/config.json "HTTP/1.1 307 Temporary Redirect"
[2026-08-13 07:48:44] INFO - httpx - HTTP Request: HEAD https://huggingface.co/api/resolve-cache/models/mainguyen9/vietlegal-harrier-0.6b/91a0e1ebe4b63b4475bbae40658b8ca9231bea74/1_Pooling%2Fconfig.json "HTTP/1.1 200 OK"
[2026-08-13 07:48:44] INFO - httpx - HTTP Request: GET https://huggingface.co/api/models/mainguyen9/vietlegal-harrier-0.6b "HTTP/1.1 200 OK"
[2026-08-13 07:48:49] INFO - sentence_transformers.base.model - Loaded 1 prompt with these keys: ['query']
[2026-08-13 07:48:50] INFO - embedding - Completed embedding texts 1
[2026-08-13 07:48:50] INFO - vector_datatbase - Connecting to Qdrant via URL
[2026-08-13 07:48:50] INFO - httpx - HTTP Request: GET http://localhost:6333/collections "HTTP/1.1 200 OK"
[2026-08-13 07:48:50] INFO - vector_datatbase - Successfully connected to Qdrant
[2026-08-13 07:48:50] INFO - httpx - HTTP Request: GET http://localhost:6333/collections "HTTP/1.1 200 OK"
[2026-08-13 07:48:50] INFO - vector_datatbase - Collection 'nmk_chatbot_collection' already exists.
[2026-08-13 07:48:50] INFO - sparse_vector - Model loaded from vectorstore\bm25store\bm25store.pkl
[2026-08-13 07:48:50] INFO - httpx - HTTP Request: POST http://localhost:6333/collections/nmk_chatbot_collection/points/query "HTTP/1.1 200 OK"
[2026-08-13 07:48:50] INFO - retrieval - Successfully retrieved 7 items
[2026-08-13 07:48:51] INFO - httpx - HTTP Request: GET http://localhost:6333 "HTTP/1.1 200 OK"
[2026-08-16 11:38:31] INFO - ingestion - Starting chunking process for: data\processed\168_2024_ND-CP_619502.json
[2026-08-16 11:38:31] INFO - ingestion - Processing document file: data\processed\168_2024_ND-CP_619502.json (4 chapters found)
[2026-08-16 11:38:31] INFO - ingestion - Chunking complete. Generated 1019 chunks from file: 'data\processed\168_2024_ND-CP_619502.json'.
[2026-08-16 11:40:34] INFO - sparse_vector - Initialized BM25: 1019 docs, 1391 terms.
[2026-08-16 11:40:34] INFO - sparse_vector - Model saved to vectorstore\bm25store\bm25store.pkl
[2026-08-16 11:40:35] INFO - embedding - Loadding embeding model. mainguyen9/vietlegal-harrier-0.6b
[2026-08-16 11:44:51] INFO - embedding - Completed embedding texts 1019
[2026-08-16 11:44:51] INFO - sparse_vector - Model loaded from vectorstore\bm25store\bm25store.pkl
[2026-08-16 11:44:54] INFO - embedding - Built 1019 Qdrant points with hybrid vectors.
[2026-08-16 11:44:55] INFO - vector_database - Upserted 1019 points into collection 'nmk_chatbot_collection'.
[2026-08-16 11:45:03] INFO - ingestion - Starting chunking process for: data\processed\168_2024_ND-CP_619502.json
[2026-08-16 11:45:03] INFO - ingestion - Processing document file: data\processed\168_2024_ND-CP_619502.json (4 chapters found)
[2026-08-16 11:45:03] INFO - ingestion - Chunking complete. Generated 1019 chunks from file: 'data\processed\168_2024_ND-CP_619502.json'.
[2026-08-16 11:59:06] INFO - embedding - Loadding embeding model. mainguyen9/vietlegal-harrier-0.6b
[2026-08-16 11:59:07] INFO - sentence_transformers.base.model - No device provided, using cuda:0
[2026-08-16 11:59:08] INFO - httpx - HTTP Request: HEAD https://huggingface.co/mainguyen9/vietlegal-harrier-0.6b/resolve/main/modules.json "HTTP/1.1 307 Temporary Redirect"
[2026-08-16 11:59:08] INFO - httpx - HTTP Request: HEAD https://huggingface.co/api/resolve-cache/models/mainguyen9/vietlegal-harrier-0.6b/91a0e1ebe4b63b4475bbae40658b8ca9231bea74/modules.json "HTTP/1.1 200 OK"
[2026-08-16 11:59:08] INFO - httpx - HTTP Request: HEAD https://huggingface.co/mainguyen9/vietlegal-harrier-0.6b/resolve/main/config_sentence_transformers.json "HTTP/1.1 307 Temporary Redirect"
[2026-08-16 11:59:08] INFO - httpx - HTTP Request: HEAD https://huggingface.co/api/resolve-cache/models/mainguyen9/vietlegal-harrier-0.6b/91a0e1ebe4b63b4475bbae40658b8ca9231bea74/config_sentence_transformers.json "HTTP/1.1 200 OK"
[2026-08-16 11:59:08] INFO - sentence_transformers.base.model - Loading SentenceTransformer model from mainguyen9/vietlegal-harrier-0.6b.
[2026-08-16 11:59:09] INFO - httpx - HTTP Request: HEAD https://huggingface.co/mainguyen9/vietlegal-harrier-0.6b/resolve/main/config_sentence_transformers.json "HTTP/1.1 307 Temporary Redirect"
[2026-08-16 11:59:09] WARNING - huggingface_hub.utils._http - Warning: You are sending unauthenticated requests to the HF Hub. Please set a HF_TOKEN to enable higher rate limits and faster downloads.
[2026-08-16 11:59:09] INFO - httpx - HTTP Request: HEAD https://huggingface.co/api/resolve-cache/models/mainguyen9/vietlegal-harrier-0.6b/91a0e1ebe4b63b4475bbae40658b8ca9231bea74/config_sentence_transformers.json "HTTP/1.1 200 OK"
[2026-08-16 11:59:09] INFO - httpx - HTTP Request: HEAD https://huggingface.co/mainguyen9/vietlegal-harrier-0.6b/resolve/main/README.md "HTTP/1.1 307 Temporary Redirect"
[2026-08-16 11:59:09] INFO - httpx - HTTP Request: HEAD https://huggingface.co/api/resolve-cache/models/mainguyen9/vietlegal-harrier-0.6b/91a0e1ebe4b63b4475bbae40658b8ca9231bea74/README.md "HTTP/1.1 200 OK"
[2026-08-16 11:59:09] INFO - httpx - HTTP Request: HEAD https://huggingface.co/mainguyen9/vietlegal-harrier-0.6b/resolve/main/modules.json "HTTP/1.1 307 Temporary Redirect"
[2026-08-16 11:59:09] INFO - httpx - HTTP Request: HEAD https://huggingface.co/api/resolve-cache/models/mainguyen9/vietlegal-harrier-0.6b/91a0e1ebe4b63b4475bbae40658b8ca9231bea74/modules.json "HTTP/1.1 200 OK"
[2026-08-16 11:59:09] INFO - httpx - HTTP Request: HEAD https://huggingface.co/mainguyen9/vietlegal-harrier-0.6b/resolve/main/sentence_bert_config.json "HTTP/1.1 307 Temporary Redirect"
[2026-08-16 11:59:09] INFO - httpx - HTTP Request: HEAD https://huggingface.co/api/resolve-cache/models/mainguyen9/vietlegal-harrier-0.6b/91a0e1ebe4b63b4475bbae40658b8ca9231bea74/sentence_bert_config.json "HTTP/1.1 200 OK"
[2026-08-16 11:59:10] INFO - httpx - HTTP Request: HEAD https://huggingface.co/mainguyen9/vietlegal-harrier-0.6b/resolve/main/adapter_config.json "HTTP/1.1 404 Not Found"
[2026-08-16 11:59:10] INFO - httpx - HTTP Request: HEAD https://huggingface.co/mainguyen9/vietlegal-harrier-0.6b/resolve/main/config.json "HTTP/1.1 307 Temporary Redirect"
[2026-08-16 11:59:10] INFO - httpx - HTTP Request: HEAD https://huggingface.co/api/resolve-cache/models/mainguyen9/vietlegal-harrier-0.6b/91a0e1ebe4b63b4475bbae40658b8ca9231bea74/config.json "HTTP/1.1 200 OK"
[2026-08-16 11:59:10] INFO - httpx - HTTP Request: HEAD https://huggingface.co/mainguyen9/vietlegal-harrier-0.6b/resolve/main/config.json "HTTP/1.1 307 Temporary Redirect"
[2026-08-16 11:59:10] INFO - httpx - HTTP Request: HEAD https://huggingface.co/api/resolve-cache/models/mainguyen9/vietlegal-harrier-0.6b/91a0e1ebe4b63b4475bbae40658b8ca9231bea74/config.json "HTTP/1.1 200 OK"
[2026-08-16 11:59:11] INFO - httpx - HTTP Request: HEAD https://huggingface.co/mainguyen9/vietlegal-harrier-0.6b/resolve/main/processor_config.json "HTTP/1.1 404 Not Found"
[2026-08-16 11:59:11] INFO - httpx - HTTP Request: HEAD https://huggingface.co/mainguyen9/vietlegal-harrier-0.6b/resolve/main/preprocessor_config.json "HTTP/1.1 404 Not Found"
[2026-08-16 11:59:11] INFO - httpx - HTTP Request: HEAD https://huggingface.co/mainguyen9/vietlegal-harrier-0.6b/resolve/main/video_preprocessor_config.json "HTTP/1.1 404 Not Found"
[2026-08-16 11:59:12] INFO - httpx - HTTP Request: HEAD https://huggingface.co/mainguyen9/vietlegal-harrier-0.6b/resolve/main/preprocessor_config.json "HTTP/1.1 404 Not Found"
[2026-08-16 11:59:12] INFO - httpx - HTTP Request: HEAD https://huggingface.co/mainguyen9/vietlegal-harrier-0.6b/resolve/main/tokenizer_config.json "HTTP/1.1 307 Temporary Redirect"
[2026-08-16 11:59:12] INFO - httpx - HTTP Request: HEAD https://huggingface.co/api/resolve-cache/models/mainguyen9/vietlegal-harrier-0.6b/91a0e1ebe4b63b4475bbae40658b8ca9231bea74/tokenizer_config.json "HTTP/1.1 200 OK"
[2026-08-16 11:59:12] INFO - httpx - HTTP Request: HEAD https://huggingface.co/mainguyen9/vietlegal-harrier-0.6b/resolve/main/config.json "HTTP/1.1 307 Temporary Redirect"
[2026-08-16 11:59:12] INFO - httpx - HTTP Request: HEAD https://huggingface.co/api/resolve-cache/models/mainguyen9/vietlegal-harrier-0.6b/91a0e1ebe4b63b4475bbae40658b8ca9231bea74/config.json "HTTP/1.1 200 OK"
[2026-08-16 11:59:13] INFO - httpx - HTTP Request: HEAD https://huggingface.co/mainguyen9/vietlegal-harrier-0.6b/resolve/main/config.json "HTTP/1.1 307 Temporary Redirect"
[2026-08-16 11:59:13] INFO - httpx - HTTP Request: HEAD https://huggingface.co/api/resolve-cache/models/mainguyen9/vietlegal-harrier-0.6b/91a0e1ebe4b63b4475bbae40658b8ca9231bea74/config.json "HTTP/1.1 200 OK"
[2026-08-16 11:59:13] INFO - httpx - HTTP Request: HEAD https://huggingface.co/mainguyen9/vietlegal-harrier-0.6b/resolve/main/tokenizer_config.json "HTTP/1.1 307 Temporary Redirect"
[2026-08-16 11:59:13] INFO - httpx - HTTP Request: HEAD https://huggingface.co/api/resolve-cache/models/mainguyen9/vietlegal-harrier-0.6b/91a0e1ebe4b63b4475bbae40658b8ca9231bea74/tokenizer_config.json "HTTP/1.1 200 OK"
[2026-08-16 11:59:13] INFO - httpx - HTTP Request: GET https://huggingface.co/api/models/mainguyen9/vietlegal-harrier-0.6b/tree/main/additional_chat_templates?recursive=false&expand=false "HTTP/1.1 404 Not Found"
[2026-08-16 11:59:13] INFO - httpx - HTTP Request: GET https://huggingface.co/api/models/mainguyen9/vietlegal-harrier-0.6b/tree/main?recursive=true&expand=false "HTTP/1.1 200 OK"
[2026-08-16 11:59:15] INFO - httpx - HTTP Request: GET https://huggingface.co/api/models/mainguyen9/vietlegal-harrier-0.6b "HTTP/1.1 200 OK"
[2026-08-16 11:59:15] INFO - httpx - HTTP Request: HEAD https://huggingface.co/mainguyen9/vietlegal-harrier-0.6b/resolve/main/1_Pooling/config.json "HTTP/1.1 307 Temporary Redirect"
[2026-08-16 11:59:15] INFO - httpx - HTTP Request: HEAD https://huggingface.co/api/resolve-cache/models/mainguyen9/vietlegal-harrier-0.6b/91a0e1ebe4b63b4475bbae40658b8ca9231bea74/1_Pooling%2Fconfig.json "HTTP/1.1 200 OK"
[2026-08-16 11:59:15] INFO - httpx - HTTP Request: GET https://huggingface.co/api/models/mainguyen9/vietlegal-harrier-0.6b "HTTP/1.1 200 OK"
[2026-08-16 11:59:20] INFO - sentence_transformers.base.model - Loaded 1 prompt with these keys: ['query']
[2026-08-16 11:59:21] INFO - embedding - Completed embedding texts 1
[2026-08-16 11:59:21] INFO - vector_datatbase - Connecting to Qdrant via URL
[2026-08-16 11:59:21] INFO - httpx - HTTP Request: GET http://localhost:6333/collections "HTTP/1.1 200 OK"
[2026-08-16 11:59:21] INFO - vector_datatbase - Successfully connected to Qdrant
[2026-08-16 11:59:21] INFO - httpx - HTTP Request: GET http://localhost:6333/collections "HTTP/1.1 200 OK"
[2026-08-16 11:59:21] INFO - vector_datatbase - Collection 'nmk_chatbot_collection' already exists.
[2026-08-16 11:59:21] INFO - sparse_vector - Model loaded from vectorstore\bm25store\bm25store.pkl
[2026-08-16 11:59:21] INFO - httpx - HTTP Request: POST http://localhost:6333/collections/nmk_chatbot_collection/points/query "HTTP/1.1 200 OK"
[2026-08-16 11:59:21] INFO - retrieval - Successfully retrieved 7 items
[2026-08-16 11:59:21] INFO - httpx - HTTP Request: GET http://localhost:6333 "HTTP/1.1 200 OK"
[2026-08-16 12:31:51] INFO - embedding - Completed embedding texts 1
[2026-08-16 12:31:51] INFO - httpx - HTTP Request: GET http://localhost:6333/collections "HTTP/1.1 200 OK"
[2026-08-16 12:31:51] INFO - vector_datatbase - Collection 'nmk_chatbot_collection' already exists.
[2026-08-16 12:31:51] INFO - sparse_vector - Model loaded from vectorstore\bm25store\bm25store.pkl
[2026-08-16 12:31:51] INFO - httpx - HTTP Request: POST http://localhost:6333/collections/nmk_chatbot_collection/points/query "HTTP/1.1 200 OK"
[2026-08-16 12:31:51] INFO - retrieval - Successfully retrieved 7 items
[2026-08-16 12:33:01] INFO - embedding - Completed embedding texts 1
[2026-08-16 12:33:01] INFO - httpx - HTTP Request: GET http://localhost:6333/collections "HTTP/1.1 200 OK"
[2026-08-16 12:33:01] INFO - vector_datatbase - Collection 'nmk_chatbot_collection' already exists.
[2026-08-16 12:33:01] INFO - sparse_vector - Model loaded from vectorstore\bm25store\bm25store.pkl
[2026-08-16 12:33:01] INFO - httpx - HTTP Request: POST http://localhost:6333/collections/nmk_chatbot_collection/points/query "HTTP/1.1 200 OK"
[2026-08-16 12:33:01] INFO - retrieval - Successfully retrieved 7 items
[2026-08-16 15:03:39] ERROR - chat_engine - Error during query normalization: name 'LEGAL_QUERY_NORMALIZATION_PROMPT' is not defined
[2026-08-16 15:03:39] INFO - embedding - Loadding embeding model. mainguyen9/vietlegal-harrier-0.6b
[2026-08-16 15:03:56] INFO - embedding - Completed embedding texts 1
[2026-08-16 15:03:57] INFO - sparse_vector - Model loaded from vectorstore\bm25store\bm25store.pkl
[2026-08-16 15:03:57] INFO - retrieval - Successfully retrieved 7 items
[2026-08-16 15:06:17] INFO - embedding - Loadding embeding model. mainguyen9/vietlegal-harrier-0.6b
[2026-08-16 15:06:33] INFO - embedding - Completed embedding texts 1
[2026-08-16 15:06:33] INFO - sparse_vector - Model loaded from vectorstore\bm25store\bm25store.pkl
[2026-08-16 15:06:33] INFO - retrieval - Successfully retrieved 7 items
[2026-08-16 15:44:07] INFO - embedding - Loadding embeding model. mainguyen9/vietlegal-harrier-0.6b
[2026-08-16 15:44:22] INFO - embedding - Completed embedding texts 1
[2026-08-16 15:44:23] INFO - sparse_vector - Model loaded from vectorstore\bm25store\bm25store.pkl
[2026-08-16 15:44:23] INFO - retrieval - Successfully retrieved 7 items
[2026-08-16 15:46:26] INFO - embedding - Loadding embeding model. mainguyen9/vietlegal-harrier-0.6b
[2026-08-16 15:46:40] INFO - embedding - Completed embedding texts 1
[2026-08-16 15:46:40] INFO - sparse_vector - Model loaded from vectorstore\bm25store\bm25store.pkl
[2026-08-16 15:46:40] INFO - retrieval - Successfully retrieved 7 items
[2026-08-16 15:47:20] INFO - embedding - Loadding embeding model. mainguyen9/vietlegal-harrier-0.6b
[2026-08-16 15:47:33] INFO - embedding - Completed embedding texts 1
[2026-08-16 15:47:33] INFO - sparse_vector - Model loaded from vectorstore\bm25store\bm25store.pkl
[2026-08-16 15:47:33] INFO - retrieval - Successfully retrieved 7 items
[2026-08-16 15:53:41] INFO - embedding - Loadding embeding model. mainguyen9/vietlegal-harrier-0.6b
[2026-08-16 15:53:57] INFO - embedding - Completed embedding texts 1
[2026-08-16 15:53:57] INFO - sparse_vector - Model loaded from vectorstore\bm25store\bm25store.pkl
[2026-08-16 15:53:57] INFO - retrieval - Successfully retrieved 7 items
[2026-08-16 17:47:26] INFO - chat_engine - [QUERY NORMALIZATION] Original: Mức phạt lỗi không đội mũ bảo hiểm là bao nhiêu?
[2026-08-16 17:47:30] INFO - chat_engine - [QUERY NORMALIZATION] Normalized: Mức xử phạt đối với hành vi không đội mũ bảo hiểm là bao nhiêu?
[2026-08-16 17:47:30] INFO - embedding - Loadding embeding model. mainguyen9/vietlegal-harrier-0.6b
[2026-08-16 17:47:46] INFO - embedding - Completed embedding texts 1
[2026-08-16 17:47:47] INFO - sparse_vector - Model loaded from vectorstore\bm25store\bm25store.pkl
[2026-08-16 17:47:47] INFO - retrieval - Successfully retrieved 7 items
[2026-08-20 22:30:20] INFO - embedding - Loadding embeding model. mainguyen9/vietlegal-harrier-0.6b
[2026-08-20 22:30:35] INFO - embedding - Completed embedding texts 1
[2026-08-20 22:42:38] INFO - embedding - Loadding embeding model. mainguyen9/vietlegal-harrier-0.6b
[2026-08-20 22:42:52] INFO - embedding - Completed embedding texts 1
[2026-08-20 22:42:52] INFO - sparse_vector - Model loaded from vectorstore\bm25store\bm25store.pkl
[2026-08-20 22:42:53] INFO - retrieval - Successfully retrieved 7 items
[2026-08-20 22:42:53] INFO - embedding - Completed embedding texts 1
[2026-08-20 22:42:53] INFO - sparse_vector - Model loaded from vectorstore\bm25store\bm25store.pkl
[2026-08-20 22:42:53] INFO - retrieval - Successfully retrieved 7 items
[2026-08-20 22:42:53] INFO - embedding - Completed embedding texts 1
[2026-08-20 22:42:53] INFO - sparse_vector - Model loaded from vectorstore\bm25store\bm25store.pkl
[2026-08-20 22:42:53] INFO - retrieval - Successfully retrieved 7 items
[2026-08-20 22:44:56] INFO - embedding - Loadding embeding model. mainguyen9/vietlegal-harrier-0.6b
[2026-08-20 22:45:09] INFO - embedding - Completed embedding texts 1
[2026-08-20 22:45:10] INFO - sparse_vector - Model loaded from vectorstore\bm25store\bm25store.pkl
[2026-08-20 22:45:10] INFO - retrieval - Successfully retrieved 7 items
[2026-08-20 22:45:25] INFO - embedding - Completed embedding texts 1
[2026-08-20 22:45:25] INFO - sparse_vector - Model loaded from vectorstore\bm25store\bm25store.pkl
[2026-08-20 22:45:25] INFO - retrieval - Successfully retrieved 7 items
[2026-08-20 22:45:40] INFO - embedding - Completed embedding texts 1
[2026-08-20 22:45:40] INFO - sparse_vector - Model loaded from vectorstore\bm25store\bm25store.pkl
[2026-08-20 22:45:40] INFO - retrieval - Successfully retrieved 7 items
[2026-08-20 23:01:34] INFO - embedding - Loadding embeding model. mainguyen9/vietlegal-harrier-0.6b
[2026-08-20 23:01:48] INFO - embedding - Completed embedding texts 1
[2026-08-20 23:01:48] INFO - sparse_vector - Model loaded from vectorstore\bm25store\bm25store.pkl
[2026-08-20 23:01:48] INFO - retrieval - Successfully retrieved 7 items
[2026-08-20 23:01:48] INFO - embedding - Completed embedding texts 1
[2026-08-20 23:01:48] INFO - sparse_vector - Model loaded from vectorstore\bm25store\bm25store.pkl
[2026-08-20 23:01:48] INFO - retrieval - Successfully retrieved 7 items
[2026-08-20 23:01:49] INFO - embedding - Completed embedding texts 1
[2026-08-20 23:01:49] INFO - sparse_vector - Model loaded from vectorstore\bm25store\bm25store.pkl
[2026-08-20 23:01:49] INFO - retrieval - Successfully retrieved 7 items
[2026-08-20 23:01:49] INFO - embedding - Completed embedding texts 1
[2026-08-20 23:01:49] INFO - sparse_vector - Model loaded from vectorstore\bm25store\bm25store.pkl
[2026-08-20 23:01:49] INFO - retrieval - Successfully retrieved 7 items
[2026-08-20 23:01:49] INFO - embedding - Completed embedding texts 1
[2026-08-20 23:01:49] INFO - sparse_vector - Model loaded from vectorstore\bm25store\bm25store.pkl
[2026-08-20 23:01:49] INFO - retrieval - Successfully retrieved 7 items
[2026-08-20 23:01:49] INFO - embedding - Completed embedding texts 1
[2026-08-20 23:01:49] INFO - sparse_vector - Model loaded from vectorstore\bm25store\bm25store.pkl
[2026-08-20 23:01:49] INFO - retrieval - Successfully retrieved 7 items
[2026-08-20 23:01:49] INFO - embedding - Completed embedding texts 1
[2026-08-20 23:01:49] INFO - sparse_vector - Model loaded from vectorstore\bm25store\bm25store.pkl
[2026-08-20 23:01:49] INFO - retrieval - Successfully retrieved 7 items
[2026-08-20 23:01:49] INFO - embedding - Completed embedding texts 1
[2026-08-20 23:01:49] INFO - sparse_vector - Model loaded from vectorstore\bm25store\bm25store.pkl
[2026-08-20 23:01:49] INFO - retrieval - Successfully retrieved 7 items
[2026-08-20 23:01:49] INFO - embedding - Completed embedding texts 1
[2026-08-20 23:01:49] INFO - sparse_vector - Model loaded from vectorstore\bm25store\bm25store.pkl
[2026-08-20 23:01:49] INFO - retrieval - Successfully retrieved 7 items
[2026-08-20 23:01:50] INFO - embedding - Completed embedding texts 1
[2026-08-20 23:01:50] INFO - sparse_vector - Model loaded from vectorstore\bm25store\bm25store.pkl
[2026-08-20 23:01:50] INFO - retrieval - Successfully retrieved 7 items
[2026-08-20 23:01:50] INFO - embedding - Completed embedding texts 1
[2026-08-20 23:01:50] INFO - sparse_vector - Model loaded from vectorstore\bm25store\bm25store.pkl
[2026-08-20 23:01:50] INFO - retrieval - Successfully retrieved 7 items
[2026-08-20 23:01:50] INFO - embedding - Completed embedding texts 1
[2026-08-20 23:01:50] INFO - sparse_vector - Model loaded from vectorstore\bm25store\bm25store.pkl
[2026-08-20 23:01:50] INFO - retrieval - Successfully retrieved 7 items
[2026-08-20 23:01:50] INFO - embedding - Completed embedding texts 1
[2026-08-20 23:01:50] INFO - sparse_vector - Model loaded from vectorstore\bm25store\bm25store.pkl
[2026-08-20 23:01:50] INFO - retrieval - Successfully retrieved 7 items
[2026-08-20 23:01:50] INFO - embedding - Completed embedding texts 1
[2026-08-20 23:01:50] INFO - sparse_vector - Model loaded from vectorstore\bm25store\bm25store.pkl
[2026-08-20 23:01:50] INFO - retrieval - Successfully retrieved 7 items
[2026-08-20 23:01:50] INFO - embedding - Completed embedding texts 1
[2026-08-20 23:01:50] INFO - sparse_vector - Model loaded from vectorstore\bm25store\bm25store.pkl
[2026-08-20 23:01:50] INFO - retrieval - Successfully retrieved 7 items
[2026-08-20 23:01:50] INFO - embedding - Completed embedding texts 1
[2026-08-20 23:01:50] INFO - sparse_vector - Model loaded from vectorstore\bm25store\bm25store.pkl
[2026-08-20 23:01:51] INFO - retrieval - Successfully retrieved 7 items
[2026-08-20 23:01:51] INFO - embedding - Completed embedding texts 1
[2026-08-20 23:01:51] INFO - sparse_vector - Model loaded from vectorstore\bm25store\bm25store.pkl
[2026-08-20 23:01:51] INFO - retrieval - Successfully retrieved 7 items
[2026-08-20 23:01:51] INFO - embedding - Completed embedding texts 1
[2026-08-20 23:01:51] INFO - sparse_vector - Model loaded from vectorstore\bm25store\bm25store.pkl
[2026-08-20 23:01:51] INFO - retrieval - Successfully retrieved 7 items
[2026-08-20 23:01:51] INFO - embedding - Completed embedding texts 1
[2026-08-20 23:01:51] INFO - sparse_vector - Model loaded from vectorstore\bm25store\bm25store.pkl
[2026-08-20 23:01:51] INFO - retrieval - Successfully retrieved 7 items
[2026-08-20 23:01:51] INFO - embedding - Completed embedding texts 1
[2026-08-20 23:01:51] INFO - sparse_vector - Model loaded from vectorstore\bm25store\bm25store.pkl
[2026-08-20 23:01:51] INFO - retrieval - Successfully retrieved 7 items
[2026-08-20 23:01:51] INFO - embedding - Completed embedding texts 1
[2026-08-20 23:01:51] INFO - sparse_vector - Model loaded from vectorstore\bm25store\bm25store.pkl
[2026-08-20 23:01:51] INFO - retrieval - Successfully retrieved 7 items
[2026-08-20 23:01:51] INFO - embedding - Completed embedding texts 1
[2026-08-20 23:01:51] INFO - sparse_vector - Model loaded from vectorstore\bm25store\bm25store.pkl
[2026-08-20 23:01:51] INFO - retrieval - Successfully retrieved 7 items
[2026-08-20 23:01:52] INFO - embedding - Completed embedding texts 1
[2026-08-20 23:01:52] INFO - sparse_vector - Model loaded from vectorstore\bm25store\bm25store.pkl
[2026-08-20 23:01:52] INFO - retrieval - Successfully retrieved 7 items
[2026-08-20 23:01:52] INFO - embedding - Completed embedding texts 1
[2026-08-20 23:01:52] INFO - sparse_vector - Model loaded from vectorstore\bm25store\bm25store.pkl
[2026-08-20 23:01:52] INFO - retrieval - Successfully retrieved 7 items
[2026-08-20 23:01:52] INFO - embedding - Completed embedding texts 1
[2026-08-20 23:01:52] INFO - sparse_vector - Model loaded from vectorstore\bm25store\bm25store.pkl
[2026-08-20 23:01:52] INFO - retrieval - Successfully retrieved 7 items
[2026-08-20 23:01:52] INFO - embedding - Completed embedding texts 1
[2026-08-20 23:01:52] INFO - sparse_vector - Model loaded from vectorstore\bm25store\bm25store.pkl
[2026-08-20 23:01:52] INFO - retrieval - Successfully retrieved 7 items
[2026-08-20 23:01:52] INFO - embedding - Completed embedding texts 1
[2026-08-20 23:01:52] INFO - sparse_vector - Model loaded from vectorstore\bm25store\bm25store.pkl
[2026-08-20 23:01:52] INFO - retrieval - Successfully retrieved 7 items
[2026-08-20 23:01:52] INFO - embedding - Completed embedding texts 1
[2026-08-20 23:01:52] INFO - sparse_vector - Model loaded from vectorstore\bm25store\bm25store.pkl
[2026-08-20 23:01:52] INFO - retrieval - Successfully retrieved 7 items
[2026-08-20 23:01:52] INFO - embedding - Completed embedding texts 1
[2026-08-20 23:01:52] INFO - sparse_vector - Model loaded from vectorstore\bm25store\bm25store.pkl
[2026-08-20 23:01:52] INFO - retrieval - Successfully retrieved 7 items
[2026-08-20 23:01:53] INFO - embedding - Completed embedding texts 1
[2026-08-20 23:01:53] INFO - sparse_vector - Model loaded from vectorstore\bm25store\bm25store.pkl
[2026-08-20 23:01:53] INFO - retrieval - Successfully retrieved 7 items
[2026-08-20 23:01:53] INFO - embedding - Completed embedding texts 1
[2026-08-20 23:01:53] INFO - sparse_vector - Model loaded from vectorstore\bm25store\bm25store.pkl
[2026-08-20 23:01:53] INFO - retrieval - Successfully retrieved 7 items
[2026-08-20 23:01:53] INFO - embedding - Completed embedding texts 1
[2026-08-20 23:01:53] INFO - sparse_vector - Model loaded from vectorstore\bm25store\bm25store.pkl
[2026-08-20 23:01:53] INFO - retrieval - Successfully retrieved 7 items
[2026-08-20 23:01:53] INFO - embedding - Completed embedding texts 1
[2026-08-20 23:01:53] INFO - sparse_vector - Model loaded from vectorstore\bm25store\bm25store.pkl
[2026-08-20 23:01:53] INFO - retrieval - Successfully retrieved 7 items
[2026-08-20 23:01:53] INFO - embedding - Completed embedding texts 1
[2026-08-20 23:01:53] INFO - sparse_vector - Model loaded from vectorstore\bm25store\bm25store.pkl
[2026-08-20 23:01:53] INFO - retrieval - Successfully retrieved 7 items
[2026-08-20 23:01:53] INFO - embedding - Completed embedding texts 1
[2026-08-20 23:01:53] INFO - sparse_vector - Model loaded from vectorstore\bm25store\bm25store.pkl
[2026-08-20 23:01:53] INFO - retrieval - Successfully retrieved 7 items
[2026-08-20 23:01:53] INFO - embedding - Completed embedding texts 1
[2026-08-20 23:01:53] INFO - sparse_vector - Model loaded from vectorstore\bm25store\bm25store.pkl
[2026-08-20 23:01:53] INFO - retrieval - Successfully retrieved 7 items
[2026-08-20 23:01:54] INFO - embedding - Completed embedding texts 1
[2026-08-20 23:01:54] INFO - sparse_vector - Model loaded from vectorstore\bm25store\bm25store.pkl
[2026-08-20 23:01:54] INFO - retrieval - Successfully retrieved 7 items
[2026-08-20 23:01:54] INFO - embedding - Completed embedding texts 1
[2026-08-20 23:01:54] INFO - sparse_vector - Model loaded from vectorstore\bm25store\bm25store.pkl
[2026-08-20 23:01:54] INFO - retrieval - Successfully retrieved 7 items
[2026-08-20 23:01:54] INFO - embedding - Completed embedding texts 1
[2026-08-20 23:01:54] INFO - sparse_vector - Model loaded from vectorstore\bm25store\bm25store.pkl
[2026-08-20 23:01:54] INFO - retrieval - Successfully retrieved 7 items
[2026-08-20 23:01:54] INFO - embedding - Completed embedding texts 1
[2026-08-20 23:01:54] INFO - sparse_vector - Model loaded from vectorstore\bm25store\bm25store.pkl
[2026-08-20 23:01:54] INFO - retrieval - Successfully retrieved 7 items
[2026-08-20 23:01:54] INFO - embedding - Completed embedding texts 1
[2026-08-20 23:01:54] INFO - sparse_vector - Model loaded from vectorstore\bm25store\bm25store.pkl
[2026-08-20 23:01:54] INFO - retrieval - Successfully retrieved 7 items
[2026-08-20 23:01:54] INFO - embedding - Completed embedding texts 1
[2026-08-20 23:01:54] INFO - sparse_vector - Model loaded from vectorstore\bm25store\bm25store.pkl
[2026-08-20 23:01:54] INFO - retrieval - Successfully retrieved 7 items
[2026-08-20 23:01:54] INFO - embedding - Completed embedding texts 1
[2026-08-20 23:01:54] INFO - sparse_vector - Model loaded from vectorstore\bm25store\bm25store.pkl
[2026-08-20 23:01:54] INFO - retrieval - Successfully retrieved 7 items
[2026-08-20 23:01:55] INFO - embedding - Completed embedding texts 1
[2026-08-20 23:01:55] INFO - sparse_vector - Model loaded from vectorstore\bm25store\bm25store.pkl
[2026-08-20 23:01:55] INFO - retrieval - Successfully retrieved 7 items
[2026-08-20 23:01:55] INFO - embedding - Completed embedding texts 1
[2026-08-20 23:01:55] INFO - sparse_vector - Model loaded from vectorstore\bm25store\bm25store.pkl
[2026-08-20 23:01:55] INFO - retrieval - Successfully retrieved 7 items
[2026-08-20 23:01:55] INFO - embedding - Completed embedding texts 1
[2026-08-20 23:01:55] INFO - sparse_vector - Model loaded from vectorstore\bm25store\bm25store.pkl
[2026-08-20 23:01:55] INFO - retrieval - Successfully retrieved 7 items
[2026-08-20 23:01:55] INFO - embedding - Completed embedding texts 1
[2026-08-20 23:01:55] INFO - sparse_vector - Model loaded from vectorstore\bm25store\bm25store.pkl
[2026-08-20 23:01:55] INFO - retrieval - Successfully retrieved 7 items
[2026-08-20 23:01:55] INFO - embedding - Completed embedding texts 1
[2026-08-20 23:01:55] INFO - sparse_vector - Model loaded from vectorstore\bm25store\bm25store.pkl
[2026-08-20 23:01:55] INFO - retrieval - Successfully retrieved 7 items
[2026-08-20 23:01:55] INFO - embedding - Completed embedding texts 1
[2026-08-20 23:01:55] INFO - sparse_vector - Model loaded from vectorstore\bm25store\bm25store.pkl
[2026-08-20 23:01:55] INFO - retrieval - Successfully retrieved 7 items
[2026-08-20 23:01:55] INFO - embedding - Completed embedding texts 1
[2026-08-20 23:01:55] INFO - sparse_vector - Model loaded from vectorstore\bm25store\bm25store.pkl
[2026-08-20 23:01:56] INFO - retrieval - Successfully retrieved 7 items
[2026-08-20 23:01:56] INFO - embedding - Completed embedding texts 1
[2026-08-20 23:01:56] INFO - sparse_vector - Model loaded from vectorstore\bm25store\bm25store.pkl
[2026-08-20 23:01:56] INFO - retrieval - Successfully retrieved 7 items
[2026-08-20 23:01:56] INFO - embedding - Completed embedding texts 1
[2026-08-20 23:01:56] INFO - sparse_vector - Model loaded from vectorstore\bm25store\bm25store.pkl
[2026-08-20 23:01:56] INFO - retrieval - Successfully retrieved 7 items
[2026-08-20 23:01:56] INFO - embedding - Completed embedding texts 1
[2026-08-20 23:01:56] INFO - sparse_vector - Model loaded from vectorstore\bm25store\bm25store.pkl
[2026-08-20 23:01:56] INFO - retrieval - Successfully retrieved 7 items
[2026-08-20 23:01:56] INFO - embedding - Completed embedding texts 1
[2026-08-20 23:01:56] INFO - sparse_vector - Model loaded from vectorstore\bm25store\bm25store.pkl
[2026-08-20 23:01:56] INFO - retrieval - Successfully retrieved 7 items
[2026-08-20 23:01:56] INFO - embedding - Completed embedding texts 1
[2026-08-20 23:01:56] INFO - sparse_vector - Model loaded from vectorstore\bm25store\bm25store.pkl
[2026-08-20 23:01:56] INFO - retrieval - Successfully retrieved 7 items
[2026-08-20 23:01:56] INFO - embedding - Completed embedding texts 1
[2026-08-20 23:01:56] INFO - sparse_vector - Model loaded from vectorstore\bm25store\bm25store.pkl
[2026-08-20 23:01:56] INFO - retrieval - Successfully retrieved 7 items
[2026-08-20 23:01:56] INFO - embedding - Completed embedding texts 1
[2026-08-20 23:01:56] INFO - sparse_vector - Model loaded from vectorstore\bm25store\bm25store.pkl
[2026-08-20 23:01:56] INFO - retrieval - Successfully retrieved 7 items
[2026-08-20 23:01:57] INFO - embedding - Completed embedding texts 1
[2026-08-20 23:01:57] INFO - sparse_vector - Model loaded from vectorstore\bm25store\bm25store.pkl
[2026-08-20 23:01:57] INFO - retrieval - Successfully retrieved 7 items
[2026-08-20 23:01:57] INFO - embedding - Completed embedding texts 1
[2026-08-20 23:01:57] INFO - sparse_vector - Model loaded from vectorstore\bm25store\bm25store.pkl
[2026-08-20 23:01:57] INFO - retrieval - Successfully retrieved 7 items
[2026-08-20 23:01:57] INFO - embedding - Completed embedding texts 1
[2026-08-20 23:01:57] INFO - sparse_vector - Model loaded from vectorstore\bm25store\bm25store.pkl
[2026-08-20 23:01:57] INFO - retrieval - Successfully retrieved 7 items
[2026-08-20 23:01:57] INFO - embedding - Completed embedding texts 1
[2026-08-20 23:01:57] INFO - sparse_vector - Model loaded from vectorstore\bm25store\bm25store.pkl
[2026-08-20 23:01:57] INFO - retrieval - Successfully retrieved 7 items
[2026-08-20 23:01:57] INFO - embedding - Completed embedding texts 1
[2026-08-20 23:01:57] INFO - sparse_vector - Model loaded from vectorstore\bm25store\bm25store.pkl
[2026-08-20 23:01:57] INFO - retrieval - Successfully retrieved 7 items
[2026-08-20 23:01:57] INFO - embedding - Completed embedding texts 1
[2026-08-20 23:01:57] INFO - sparse_vector - Model loaded from vectorstore\bm25store\bm25store.pkl
[2026-08-20 23:01:57] INFO - retrieval - Successfully retrieved 7 items
[2026-08-20 23:01:57] INFO - embedding - Completed embedding texts 1
[2026-08-20 23:01:57] INFO - sparse_vector - Model loaded from vectorstore\bm25store\bm25store.pkl
[2026-08-20 23:01:58] INFO - retrieval - Successfully retrieved 7 items
[2026-08-20 23:01:58] INFO - embedding - Completed embedding texts 1
[2026-08-20 23:01:58] INFO - sparse_vector - Model loaded from vectorstore\bm25store\bm25store.pkl
[2026-08-20 23:01:58] INFO - retrieval - Successfully retrieved 7 items
[2026-08-20 23:01:58] INFO - embedding - Completed embedding texts 1
[2026-08-20 23:01:58] INFO - sparse_vector - Model loaded from vectorstore\bm25store\bm25store.pkl
[2026-08-20 23:01:58] INFO - retrieval - Successfully retrieved 7 items
[2026-08-20 23:01:58] INFO - embedding - Completed embedding texts 1
[2026-08-20 23:01:58] INFO - sparse_vector - Model loaded from vectorstore\bm25store\bm25store.pkl
[2026-08-20 23:01:58] INFO - retrieval - Successfully retrieved 7 items
[2026-08-20 23:01:58] INFO - embedding - Completed embedding texts 1
[2026-08-20 23:01:58] INFO - sparse_vector - Model loaded from vectorstore\bm25store\bm25store.pkl
[2026-08-20 23:01:58] INFO - retrieval - Successfully retrieved 7 items
[2026-08-20 23:01:58] INFO - embedding - Completed embedding texts 1
[2026-08-20 23:01:58] INFO - sparse_vector - Model loaded from vectorstore\bm25store\bm25store.pkl
[2026-08-20 23:01:58] INFO - retrieval - Successfully retrieved 7 items
[2026-08-20 23:01:58] INFO - embedding - Completed embedding texts 1
[2026-08-20 23:01:58] INFO - sparse_vector - Model loaded from vectorstore\bm25store\bm25store.pkl
[2026-08-20 23:01:58] INFO - retrieval - Successfully retrieved 7 items
[2026-08-20 23:01:58] INFO - embedding - Completed embedding texts 1
[2026-08-20 23:01:58] INFO - sparse_vector - Model loaded from vectorstore\bm25store\bm25store.pkl
[2026-08-20 23:01:58] INFO - retrieval - Successfully retrieved 7 items
[2026-08-20 23:01:59] INFO - embedding - Completed embedding texts 1
[2026-08-20 23:01:59] INFO - sparse_vector - Model loaded from vectorstore\bm25store\bm25store.pkl
[2026-08-20 23:01:59] INFO - retrieval - Successfully retrieved 7 items
[2026-08-20 23:01:59] INFO - embedding - Completed embedding texts 1
[2026-08-20 23:01:59] INFO - sparse_vector - Model loaded from vectorstore\bm25store\bm25store.pkl
[2026-08-20 23:01:59] INFO - retrieval - Successfully retrieved 7 items
[2026-08-20 23:01:59] INFO - embedding - Completed embedding texts 1
[2026-08-20 23:01:59] INFO - sparse_vector - Model loaded from vectorstore\bm25store\bm25store.pkl
[2026-08-20 23:01:59] INFO - retrieval - Successfully retrieved 7 items
[2026-08-20 23:01:59] INFO - embedding - Completed embedding texts 1
[2026-08-20 23:01:59] INFO - sparse_vector - Model loaded from vectorstore\bm25store\bm25store.pkl
[2026-08-20 23:01:59] INFO - retrieval - Successfully retrieved 7 items
[2026-08-20 23:01:59] INFO - embedding - Completed embedding texts 1
[2026-08-20 23:01:59] INFO - sparse_vector - Model loaded from vectorstore\bm25store\bm25store.pkl
[2026-08-20 23:01:59] INFO - retrieval - Successfully retrieved 7 items
[2026-08-20 23:01:59] INFO - embedding - Completed embedding texts 1
[2026-08-20 23:01:59] INFO - sparse_vector - Model loaded from vectorstore\bm25store\bm25store.pkl
[2026-08-20 23:01:59] INFO - retrieval - Successfully retrieved 7 items
[2026-08-20 23:01:59] INFO - embedding - Completed embedding texts 1
[2026-08-20 23:01:59] INFO - sparse_vector - Model loaded from vectorstore\bm25store\bm25store.pkl
[2026-08-20 23:01:59] INFO - retrieval - Successfully retrieved 7 items
[2026-08-20 23:01:59] INFO - embedding - Completed embedding texts 1
[2026-08-20 23:01:59] INFO - sparse_vector - Model loaded from vectorstore\bm25store\bm25store.pkl
[2026-08-20 23:02:00] INFO - retrieval - Successfully retrieved 7 items
[2026-08-20 23:02:00] INFO - embedding - Completed embedding texts 1
[2026-08-20 23:02:00] INFO - sparse_vector - Model loaded from vectorstore\bm25store\bm25store.pkl
[2026-08-20 23:02:00] INFO - retrieval - Successfully retrieved 7 items
[2026-08-20 23:02:00] INFO - embedding - Completed embedding texts 1
[2026-08-20 23:02:00] INFO - sparse_vector - Model loaded from vectorstore\bm25store\bm25store.pkl
[2026-08-20 23:02:00] INFO - retrieval - Successfully retrieved 7 items
[2026-08-20 23:02:00] INFO - embedding - Completed embedding texts 1
[2026-08-20 23:02:00] INFO - sparse_vector - Model loaded from vectorstore\bm25store\bm25store.pkl
[2026-08-20 23:02:00] INFO - retrieval - Successfully retrieved 7 items
[2026-08-20 23:02:00] INFO - embedding - Completed embedding texts 1
[2026-08-20 23:02:00] INFO - sparse_vector - Model loaded from vectorstore\bm25store\bm25store.pkl
[2026-08-20 23:02:00] INFO - retrieval - Successfully retrieved 7 items
[2026-08-20 23:02:00] INFO - embedding - Completed embedding texts 1
[2026-08-20 23:02:00] INFO - sparse_vector - Model loaded from vectorstore\bm25store\bm25store.pkl
[2026-08-20 23:02:00] INFO - retrieval - Successfully retrieved 7 items
[2026-08-20 23:02:00] INFO - embedding - Completed embedding texts 1
[2026-08-20 23:02:00] INFO - sparse_vector - Model loaded from vectorstore\bm25store\bm25store.pkl
[2026-08-20 23:02:00] INFO - retrieval - Successfully retrieved 7 items
[2026-08-20 23:02:01] INFO - embedding - Completed embedding texts 1
[2026-08-20 23:02:01] INFO - sparse_vector - Model loaded from vectorstore\bm25store\bm25store.pkl
[2026-08-20 23:02:01] INFO - retrieval - Successfully retrieved 7 items
[2026-08-20 23:02:01] INFO - embedding - Completed embedding texts 1
[2026-08-20 23:02:01] INFO - sparse_vector - Model loaded from vectorstore\bm25store\bm25store.pkl
[2026-08-20 23:02:01] INFO - retrieval - Successfully retrieved 7 items
[2026-08-20 23:02:01] INFO - embedding - Completed embedding texts 1
[2026-08-20 23:02:01] INFO - sparse_vector - Model loaded from vectorstore\bm25store\bm25store.pkl
[2026-08-20 23:02:01] INFO - retrieval - Successfully retrieved 7 items
[2026-08-20 23:02:01] INFO - embedding - Completed embedding texts 1
[2026-08-20 23:02:01] INFO - sparse_vector - Model loaded from vectorstore\bm25store\bm25store.pkl
[2026-08-20 23:02:01] INFO - retrieval - Successfully retrieved 7 items
[2026-08-20 23:02:01] INFO - embedding - Completed embedding texts 1
[2026-08-20 23:02:01] INFO - sparse_vector - Model loaded from vectorstore\bm25store\bm25store.pkl
[2026-08-20 23:02:01] INFO - retrieval - Successfully retrieved 7 items
[2026-08-20 23:02:01] INFO - embedding - Completed embedding texts 1
[2026-08-20 23:02:01] INFO - sparse_vector - Model loaded from vectorstore\bm25store\bm25store.pkl
[2026-08-20 23:02:01] INFO - retrieval - Successfully retrieved 7 items
[2026-08-20 23:02:01] INFO - embedding - Completed embedding texts 1
[2026-08-20 23:02:01] INFO - sparse_vector - Model loaded from vectorstore\bm25store\bm25store.pkl
[2026-08-20 23:02:01] INFO - retrieval - Successfully retrieved 7 items
[2026-08-20 23:02:02] INFO - embedding - Completed embedding texts 1
[2026-08-20 23:02:02] INFO - sparse_vector - Model loaded from vectorstore\bm25store\bm25store.pkl
[2026-08-20 23:02:02] INFO - retrieval - Successfully retrieved 7 items
[2026-08-20 23:02:02] INFO - embedding - Completed embedding texts 1
[2026-08-20 23:02:02] INFO - sparse_vector - Model loaded from vectorstore\bm25store\bm25store.pkl
[2026-08-20 23:02:02] INFO - retrieval - Successfully retrieved 7 items
[2026-08-20 23:02:02] INFO - embedding - Completed embedding texts 1
[2026-08-20 23:02:02] INFO - sparse_vector - Model loaded from vectorstore\bm25store\bm25store.pkl
[2026-08-20 23:02:02] INFO - retrieval - Successfully retrieved 7 items
[2026-08-20 23:02:02] INFO - embedding - Completed embedding texts 1
[2026-08-20 23:02:02] INFO - sparse_vector - Model loaded from vectorstore\bm25store\bm25store.pkl
[2026-08-20 23:02:02] INFO - retrieval - Successfully retrieved 7 items
[2026-08-20 23:02:02] INFO - embedding - Completed embedding texts 1
[2026-08-20 23:02:02] INFO - sparse_vector - Model loaded from vectorstore\bm25store\bm25store.pkl
[2026-08-20 23:02:02] INFO - retrieval - Successfully retrieved 7 items
[2026-08-20 23:02:02] INFO - embedding - Completed embedding texts 1
[2026-08-20 23:02:02] INFO - sparse_vector - Model loaded from vectorstore\bm25store\bm25store.pkl
[2026-08-20 23:02:02] INFO - retrieval - Successfully retrieved 7 items
[2026-08-20 23:02:02] INFO - embedding - Completed embedding texts 1
[2026-08-20 23:02:02] INFO - sparse_vector - Model loaded from vectorstore\bm25store\bm25store.pkl
[2026-08-20 23:02:02] INFO - retrieval - Successfully retrieved 7 items
[2026-08-20 23:02:02] INFO - embedding - Completed embedding texts 1
[2026-08-20 23:02:02] INFO - sparse_vector - Model loaded from vectorstore\bm25store\bm25store.pkl
[2026-08-20 23:02:02] INFO - retrieval - Successfully retrieved 7 items
[2026-08-20 23:03:54] INFO - embedding - Loadding embeding model. mainguyen9/vietlegal-harrier-0.6b
[2026-08-20 23:04:06] INFO - embedding - Completed embedding texts 1
[2026-08-20 23:04:07] INFO - sparse_vector - Model loaded from vectorstore\bm25store\bm25store.pkl
[2026-08-20 23:04:07] INFO - retrieval - Successfully retrieved 7 items
[2026-08-20 23:04:07] INFO - embedding - Completed embedding texts 1
[2026-08-20 23:04:07] INFO - sparse_vector - Model loaded from vectorstore\bm25store\bm25store.pkl
[2026-08-20 23:04:07] INFO - retrieval - Successfully retrieved 7 items
[2026-08-20 23:04:07] INFO - embedding - Completed embedding texts 1
[2026-08-20 23:04:07] INFO - sparse_vector - Model loaded from vectorstore\bm25store\bm25store.pkl
[2026-08-20 23:04:07] INFO - retrieval - Successfully retrieved 7 items
[2026-08-20 23:04:07] INFO - embedding - Completed embedding texts 1
[2026-08-20 23:04:07] INFO - sparse_vector - Model loaded from vectorstore\bm25store\bm25store.pkl
[2026-08-20 23:04:07] INFO - retrieval - Successfully retrieved 7 items
[2026-08-20 23:04:07] INFO - embedding - Completed embedding texts 1
[2026-08-20 23:04:07] INFO - sparse_vector - Model loaded from vectorstore\bm25store\bm25store.pkl
[2026-08-20 23:04:07] INFO - retrieval - Successfully retrieved 7 items
[2026-08-20 23:04:07] INFO - embedding - Completed embedding texts 1
[2026-08-20 23:04:07] INFO - sparse_vector - Model loaded from vectorstore\bm25store\bm25store.pkl
[2026-08-20 23:04:07] INFO - retrieval - Successfully retrieved 7 items
[2026-08-20 23:04:08] INFO - embedding - Completed embedding texts 1
[2026-08-20 23:04:08] INFO - sparse_vector - Model loaded from vectorstore\bm25store\bm25store.pkl
[2026-08-20 23:04:08] INFO - retrieval - Successfully retrieved 7 items
[2026-08-20 23:04:08] INFO - embedding - Completed embedding texts 1
[2026-08-20 23:04:08] INFO - sparse_vector - Model loaded from vectorstore\bm25store\bm25store.pkl
[2026-08-20 23:04:08] INFO - retrieval - Successfully retrieved 7 items
[2026-08-20 23:04:08] INFO - embedding - Completed embedding texts 1
[2026-08-20 23:04:08] INFO - sparse_vector - Model loaded from vectorstore\bm25store\bm25store.pkl
[2026-08-20 23:04:08] INFO - retrieval - Successfully retrieved 7 items
[2026-08-20 23:04:08] INFO - embedding - Completed embedding texts 1
[2026-08-20 23:04:08] INFO - sparse_vector - Model loaded from vectorstore\bm25store\bm25store.pkl
[2026-08-20 23:04:08] INFO - retrieval - Successfully retrieved 7 items
[2026-08-20 23:04:08] INFO - embedding - Completed embedding texts 1
[2026-08-20 23:04:08] INFO - sparse_vector - Model loaded from vectorstore\bm25store\bm25store.pkl
[2026-08-20 23:04:08] INFO - retrieval - Successfully retrieved 7 items
[2026-08-20 23:04:08] INFO - embedding - Completed embedding texts 1
[2026-08-20 23:04:08] INFO - sparse_vector - Model loaded from vectorstore\bm25store\bm25store.pkl
[2026-08-20 23:04:08] INFO - retrieval - Successfully retrieved 7 items
[2026-08-20 23:04:09] INFO - embedding - Completed embedding texts 1
[2026-08-20 23:04:09] INFO - sparse_vector - Model loaded from vectorstore\bm25store\bm25store.pkl
[2026-08-20 23:04:09] INFO - retrieval - Successfully retrieved 7 items
[2026-08-20 23:04:09] INFO - embedding - Completed embedding texts 1
[2026-08-20 23:04:09] INFO - sparse_vector - Model loaded from vectorstore\bm25store\bm25store.pkl
[2026-08-20 23:04:09] INFO - retrieval - Successfully retrieved 7 items
[2026-08-20 23:04:09] INFO - embedding - Completed embedding texts 1
[2026-08-20 23:04:09] INFO - sparse_vector - Model loaded from vectorstore\bm25store\bm25store.pkl
[2026-08-20 23:04:09] INFO - retrieval - Successfully retrieved 7 items
[2026-08-20 23:04:09] INFO - embedding - Completed embedding texts 1
[2026-08-20 23:04:09] INFO - sparse_vector - Model loaded from vectorstore\bm25store\bm25store.pkl
[2026-08-20 23:04:09] INFO - retrieval - Successfully retrieved 7 items
[2026-08-20 23:04:09] INFO - embedding - Completed embedding texts 1
[2026-08-20 23:04:09] INFO - sparse_vector - Model loaded from vectorstore\bm25store\bm25store.pkl
[2026-08-20 23:04:09] INFO - retrieval - Successfully retrieved 7 items
[2026-08-20 23:04:09] INFO - embedding - Completed embedding texts 1
[2026-08-20 23:04:09] INFO - sparse_vector - Model loaded from vectorstore\bm25store\bm25store.pkl
[2026-08-20 23:04:09] INFO - retrieval - Successfully retrieved 7 items
[2026-08-20 23:04:09] INFO - embedding - Completed embedding texts 1
[2026-08-20 23:04:09] INFO - sparse_vector - Model loaded from vectorstore\bm25store\bm25store.pkl
[2026-08-20 23:04:09] INFO - retrieval - Successfully retrieved 7 items
[2026-08-20 23:04:10] INFO - embedding - Completed embedding texts 1
[2026-08-20 23:04:10] INFO - sparse_vector - Model loaded from vectorstore\bm25store\bm25store.pkl
[2026-08-20 23:04:10] INFO - retrieval - Successfully retrieved 7 items
[2026-08-20 23:04:10] INFO - embedding - Completed embedding texts 1
[2026-08-20 23:04:10] INFO - sparse_vector - Model loaded from vectorstore\bm25store\bm25store.pkl
[2026-08-20 23:04:10] INFO - retrieval - Successfully retrieved 7 items
[2026-08-20 23:04:10] INFO - embedding - Completed embedding texts 1
[2026-08-20 23:04:10] INFO - sparse_vector - Model loaded from vectorstore\bm25store\bm25store.pkl
[2026-08-20 23:04:10] INFO - retrieval - Successfully retrieved 7 items
[2026-08-20 23:04:10] INFO - embedding - Completed embedding texts 1
[2026-08-20 23:04:10] INFO - sparse_vector - Model loaded from vectorstore\bm25store\bm25store.pkl
[2026-08-20 23:04:10] INFO - retrieval - Successfully retrieved 7 items
[2026-08-20 23:04:10] INFO - embedding - Completed embedding texts 1
[2026-08-20 23:04:10] INFO - sparse_vector - Model loaded from vectorstore\bm25store\bm25store.pkl
[2026-08-20 23:04:10] INFO - retrieval - Successfully retrieved 7 items
[2026-08-20 23:04:10] INFO - embedding - Completed embedding texts 1
[2026-08-20 23:04:10] INFO - sparse_vector - Model loaded from vectorstore\bm25store\bm25store.pkl
[2026-08-20 23:04:10] INFO - retrieval - Successfully retrieved 7 items
[2026-08-20 23:04:11] INFO - embedding - Completed embedding texts 1
[2026-08-20 23:04:11] INFO - sparse_vector - Model loaded from vectorstore\bm25store\bm25store.pkl
[2026-08-20 23:04:11] INFO - retrieval - Successfully retrieved 7 items
[2026-08-20 23:04:11] INFO - embedding - Completed embedding texts 1
[2026-08-20 23:04:11] INFO - sparse_vector - Model loaded from vectorstore\bm25store\bm25store.pkl
[2026-08-20 23:04:11] INFO - retrieval - Successfully retrieved 7 items
[2026-08-20 23:04:11] INFO - embedding - Completed embedding texts 1
[2026-08-20 23:04:11] INFO - sparse_vector - Model loaded from vectorstore\bm25store\bm25store.pkl
[2026-08-20 23:04:11] INFO - retrieval - Successfully retrieved 7 items
[2026-08-20 23:04:11] INFO - embedding - Completed embedding texts 1
[2026-08-20 23:04:11] INFO - sparse_vector - Model loaded from vectorstore\bm25store\bm25store.pkl
[2026-08-20 23:04:11] INFO - retrieval - Successfully retrieved 7 items
[2026-08-20 23:04:11] INFO - embedding - Completed embedding texts 1
[2026-08-20 23:04:11] INFO - sparse_vector - Model loaded from vectorstore\bm25store\bm25store.pkl
[2026-08-20 23:04:11] INFO - retrieval - Successfully retrieved 7 items
[2026-08-20 23:04:11] INFO - embedding - Completed embedding texts 1
[2026-08-20 23:04:11] INFO - sparse_vector - Model loaded from vectorstore\bm25store\bm25store.pkl
[2026-08-20 23:04:11] INFO - retrieval - Successfully retrieved 7 items
[2026-08-20 23:04:12] INFO - embedding - Completed embedding texts 1
[2026-08-20 23:04:12] INFO - sparse_vector - Model loaded from vectorstore\bm25store\bm25store.pkl
[2026-08-20 23:04:12] INFO - retrieval - Successfully retrieved 7 items
[2026-08-20 23:04:12] INFO - embedding - Completed embedding texts 1
[2026-08-20 23:04:12] INFO - sparse_vector - Model loaded from vectorstore\bm25store\bm25store.pkl
[2026-08-20 23:04:12] INFO - retrieval - Successfully retrieved 7 items
[2026-08-20 23:04:12] INFO - embedding - Completed embedding texts 1
[2026-08-20 23:04:12] INFO - sparse_vector - Model loaded from vectorstore\bm25store\bm25store.pkl
[2026-08-20 23:04:12] INFO - retrieval - Successfully retrieved 7 items
[2026-08-20 23:04:12] INFO - embedding - Completed embedding texts 1
[2026-08-20 23:04:12] INFO - sparse_vector - Model loaded from vectorstore\bm25store\bm25store.pkl
[2026-08-20 23:04:12] INFO - retrieval - Successfully retrieved 7 items
[2026-08-20 23:04:12] INFO - embedding - Completed embedding texts 1
[2026-08-20 23:04:12] INFO - sparse_vector - Model loaded from vectorstore\bm25store\bm25store.pkl
[2026-08-20 23:04:12] INFO - retrieval - Successfully retrieved 7 items
[2026-08-20 23:04:12] INFO - embedding - Completed embedding texts 1
[2026-08-20 23:04:12] INFO - sparse_vector - Model loaded from vectorstore\bm25store\bm25store.pkl
[2026-08-20 23:04:12] INFO - retrieval - Successfully retrieved 7 items
[2026-08-20 23:04:12] INFO - embedding - Completed embedding texts 1
[2026-08-20 23:04:12] INFO - sparse_vector - Model loaded from vectorstore\bm25store\bm25store.pkl
[2026-08-20 23:04:12] INFO - retrieval - Successfully retrieved 7 items
[2026-08-20 23:04:13] INFO - embedding - Completed embedding texts 1
[2026-08-20 23:04:13] INFO - sparse_vector - Model loaded from vectorstore\bm25store\bm25store.pkl
[2026-08-20 23:04:13] INFO - retrieval - Successfully retrieved 7 items
[2026-08-20 23:04:13] INFO - embedding - Completed embedding texts 1
[2026-08-20 23:04:13] INFO - sparse_vector - Model loaded from vectorstore\bm25store\bm25store.pkl
[2026-08-20 23:04:13] INFO - retrieval - Successfully retrieved 7 items
[2026-08-20 23:04:13] INFO - embedding - Completed embedding texts 1
[2026-08-20 23:04:13] INFO - sparse_vector - Model loaded from vectorstore\bm25store\bm25store.pkl
[2026-08-20 23:04:13] INFO - retrieval - Successfully retrieved 7 items
[2026-08-20 23:04:13] INFO - embedding - Completed embedding texts 1
[2026-08-20 23:04:13] INFO - sparse_vector - Model loaded from vectorstore\bm25store\bm25store.pkl
[2026-08-20 23:04:13] INFO - retrieval - Successfully retrieved 7 items
[2026-08-20 23:04:13] INFO - embedding - Completed embedding texts 1
[2026-08-20 23:04:13] INFO - sparse_vector - Model loaded from vectorstore\bm25store\bm25store.pkl
[2026-08-20 23:04:13] INFO - retrieval - Successfully retrieved 7 items
[2026-08-20 23:04:13] INFO - embedding - Completed embedding texts 1
[2026-08-20 23:04:13] INFO - sparse_vector - Model loaded from vectorstore\bm25store\bm25store.pkl
[2026-08-20 23:04:13] INFO - retrieval - Successfully retrieved 7 items
[2026-08-20 23:04:13] INFO - embedding - Completed embedding texts 1
[2026-08-20 23:04:13] INFO - sparse_vector - Model loaded from vectorstore\bm25store\bm25store.pkl
[2026-08-20 23:04:13] INFO - retrieval - Successfully retrieved 7 items
[2026-08-20 23:04:14] INFO - embedding - Completed embedding texts 1
[2026-08-20 23:04:14] INFO - sparse_vector - Model loaded from vectorstore\bm25store\bm25store.pkl
[2026-08-20 23:04:14] INFO - retrieval - Successfully retrieved 7 items
[2026-08-20 23:04:14] INFO - embedding - Completed embedding texts 1
[2026-08-20 23:04:14] INFO - sparse_vector - Model loaded from vectorstore\bm25store\bm25store.pkl
[2026-08-20 23:04:14] INFO - retrieval - Successfully retrieved 7 items
[2026-08-20 23:04:14] INFO - embedding - Completed embedding texts 1
[2026-08-20 23:04:14] INFO - sparse_vector - Model loaded from vectorstore\bm25store\bm25store.pkl
[2026-08-20 23:04:14] INFO - retrieval - Successfully retrieved 7 items
[2026-08-20 23:04:14] INFO - embedding - Completed embedding texts 1
[2026-08-20 23:04:14] INFO - sparse_vector - Model loaded from vectorstore\bm25store\bm25store.pkl
[2026-08-20 23:04:14] INFO - retrieval - Successfully retrieved 7 items
[2026-08-20 23:04:14] INFO - embedding - Completed embedding texts 1
[2026-08-20 23:04:14] INFO - sparse_vector - Model loaded from vectorstore\bm25store\bm25store.pkl
[2026-08-20 23:04:14] INFO - retrieval - Successfully retrieved 7 items
[2026-08-20 23:04:14] INFO - embedding - Completed embedding texts 1
[2026-08-20 23:04:14] INFO - sparse_vector - Model loaded from vectorstore\bm25store\bm25store.pkl
[2026-08-20 23:04:14] INFO - retrieval - Successfully retrieved 7 items
[2026-08-20 23:04:15] INFO - embedding - Completed embedding texts 1
[2026-08-20 23:04:15] INFO - sparse_vector - Model loaded from vectorstore\bm25store\bm25store.pkl
[2026-08-20 23:04:15] INFO - retrieval - Successfully retrieved 7 items
[2026-08-20 23:04:15] INFO - embedding - Completed embedding texts 1
[2026-08-20 23:04:15] INFO - sparse_vector - Model loaded from vectorstore\bm25store\bm25store.pkl
[2026-08-20 23:04:15] INFO - retrieval - Successfully retrieved 7 items
[2026-08-20 23:04:15] INFO - embedding - Completed embedding texts 1
[2026-08-20 23:04:15] INFO - sparse_vector - Model loaded from vectorstore\bm25store\bm25store.pkl
[2026-08-20 23:04:15] INFO - retrieval - Successfully retrieved 7 items
[2026-08-20 23:04:15] INFO - embedding - Completed embedding texts 1
[2026-08-20 23:04:15] INFO - sparse_vector - Model loaded from vectorstore\bm25store\bm25store.pkl
[2026-08-20 23:04:15] INFO - retrieval - Successfully retrieved 7 items
[2026-08-20 23:04:15] INFO - embedding - Completed embedding texts 1
[2026-08-20 23:04:15] INFO - sparse_vector - Model loaded from vectorstore\bm25store\bm25store.pkl
[2026-08-20 23:04:15] INFO - retrieval - Successfully retrieved 7 items
[2026-08-20 23:04:15] INFO - embedding - Completed embedding texts 1
[2026-08-20 23:04:15] INFO - sparse_vector - Model loaded from vectorstore\bm25store\bm25store.pkl
[2026-08-20 23:04:15] INFO - retrieval - Successfully retrieved 7 items
[2026-08-20 23:04:15] INFO - embedding - Completed embedding texts 1
[2026-08-20 23:04:15] INFO - sparse_vector - Model loaded from vectorstore\bm25store\bm25store.pkl
[2026-08-20 23:04:15] INFO - retrieval - Successfully retrieved 7 items
[2026-08-20 23:04:16] INFO - embedding - Completed embedding texts 1
[2026-08-20 23:04:16] INFO - sparse_vector - Model loaded from vectorstore\bm25store\bm25store.pkl
[2026-08-20 23:04:16] INFO - retrieval - Successfully retrieved 7 items
[2026-08-20 23:04:16] INFO - embedding - Completed embedding texts 1
[2026-08-20 23:04:16] INFO - sparse_vector - Model loaded from vectorstore\bm25store\bm25store.pkl
[2026-08-20 23:04:16] INFO - retrieval - Successfully retrieved 7 items
[2026-08-20 23:04:16] INFO - embedding - Completed embedding texts 1
[2026-08-20 23:04:16] INFO - sparse_vector - Model loaded from vectorstore\bm25store\bm25store.pkl
[2026-08-20 23:04:16] INFO - retrieval - Successfully retrieved 7 items
[2026-08-20 23:04:16] INFO - embedding - Completed embedding texts 1
[2026-08-20 23:04:16] INFO - sparse_vector - Model loaded from vectorstore\bm25store\bm25store.pkl
[2026-08-20 23:04:16] INFO - retrieval - Successfully retrieved 7 items
[2026-08-20 23:04:16] INFO - embedding - Completed embedding texts 1
[2026-08-20 23:04:16] INFO - sparse_vector - Model loaded from vectorstore\bm25store\bm25store.pkl
[2026-08-20 23:04:16] INFO - retrieval - Successfully retrieved 7 items
[2026-08-20 23:04:16] INFO - embedding - Completed embedding texts 1
[2026-08-20 23:04:16] INFO - sparse_vector - Model loaded from vectorstore\bm25store\bm25store.pkl
[2026-08-20 23:04:16] INFO - retrieval - Successfully retrieved 7 items
[2026-08-20 23:04:16] INFO - embedding - Completed embedding texts 1
[2026-08-20 23:04:16] INFO - sparse_vector - Model loaded from vectorstore\bm25store\bm25store.pkl
[2026-08-20 23:04:16] INFO - retrieval - Successfully retrieved 7 items
[2026-08-20 23:04:16] INFO - embedding - Completed embedding texts 1
[2026-08-20 23:04:16] INFO - sparse_vector - Model loaded from vectorstore\bm25store\bm25store.pkl
[2026-08-20 23:04:16] INFO - retrieval - Successfully retrieved 7 items
[2026-08-20 23:04:17] INFO - embedding - Completed embedding texts 1
[2026-08-20 23:04:17] INFO - sparse_vector - Model loaded from vectorstore\bm25store\bm25store.pkl
[2026-08-20 23:04:17] INFO - retrieval - Successfully retrieved 7 items
[2026-08-20 23:04:17] INFO - embedding - Completed embedding texts 1
[2026-08-20 23:04:17] INFO - sparse_vector - Model loaded from vectorstore\bm25store\bm25store.pkl
[2026-08-20 23:04:17] INFO - retrieval - Successfully retrieved 7 items
[2026-08-20 23:04:17] INFO - embedding - Completed embedding texts 1
[2026-08-20 23:04:17] INFO - sparse_vector - Model loaded from vectorstore\bm25store\bm25store.pkl
[2026-08-20 23:04:17] INFO - retrieval - Successfully retrieved 7 items
[2026-08-20 23:04:17] INFO - embedding - Completed embedding texts 1
[2026-08-20 23:04:17] INFO - sparse_vector - Model loaded from vectorstore\bm25store\bm25store.pkl
[2026-08-20 23:04:17] INFO - retrieval - Successfully retrieved 7 items
[2026-08-20 23:04:17] INFO - embedding - Completed embedding texts 1
[2026-08-20 23:04:17] INFO - sparse_vector - Model loaded from vectorstore\bm25store\bm25store.pkl
[2026-08-20 23:04:17] INFO - retrieval - Successfully retrieved 7 items
[2026-08-20 23:04:17] INFO - embedding - Completed embedding texts 1
[2026-08-20 23:04:17] INFO - sparse_vector - Model loaded from vectorstore\bm25store\bm25store.pkl
[2026-08-20 23:04:17] INFO - retrieval - Successfully retrieved 7 items
[2026-08-20 23:04:17] INFO - embedding - Completed embedding texts 1
[2026-08-20 23:04:17] INFO - sparse_vector - Model loaded from vectorstore\bm25store\bm25store.pkl
[2026-08-20 23:04:17] INFO - retrieval - Successfully retrieved 7 items
[2026-08-20 23:04:18] INFO - embedding - Completed embedding texts 1
[2026-08-20 23:04:18] INFO - sparse_vector - Model loaded from vectorstore\bm25store\bm25store.pkl
[2026-08-20 23:04:18] INFO - retrieval - Successfully retrieved 7 items
[2026-08-20 23:04:18] INFO - embedding - Completed embedding texts 1
[2026-08-20 23:04:18] INFO - sparse_vector - Model loaded from vectorstore\bm25store\bm25store.pkl
[2026-08-20 23:04:18] INFO - retrieval - Successfully retrieved 7 items
[2026-08-20 23:04:18] INFO - embedding - Completed embedding texts 1
[2026-08-20 23:04:18] INFO - sparse_vector - Model loaded from vectorstore\bm25store\bm25store.pkl
[2026-08-20 23:04:18] INFO - retrieval - Successfully retrieved 7 items
[2026-08-20 23:04:18] INFO - embedding - Completed embedding texts 1
[2026-08-20 23:04:18] INFO - sparse_vector - Model loaded from vectorstore\bm25store\bm25store.pkl
[2026-08-20 23:04:18] INFO - retrieval - Successfully retrieved 7 items
[2026-08-20 23:04:18] INFO - embedding - Completed embedding texts 1
[2026-08-20 23:04:18] INFO - sparse_vector - Model loaded from vectorstore\bm25store\bm25store.pkl
[2026-08-20 23:04:18] INFO - retrieval - Successfully retrieved 7 items
[2026-08-20 23:04:18] INFO - embedding - Completed embedding texts 1
[2026-08-20 23:04:18] INFO - sparse_vector - Model loaded from vectorstore\bm25store\bm25store.pkl
[2026-08-20 23:04:18] INFO - retrieval - Successfully retrieved 7 items
[2026-08-20 23:04:18] INFO - embedding - Completed embedding texts 1
[2026-08-20 23:04:18] INFO - sparse_vector - Model loaded from vectorstore\bm25store\bm25store.pkl
[2026-08-20 23:04:18] INFO - retrieval - Successfully retrieved 7 items
[2026-08-20 23:04:19] INFO - embedding - Completed embedding texts 1
[2026-08-20 23:04:19] INFO - sparse_vector - Model loaded from vectorstore\bm25store\bm25store.pkl
[2026-08-20 23:04:19] INFO - retrieval - Successfully retrieved 7 items
[2026-08-20 23:04:19] INFO - embedding - Completed embedding texts 1
[2026-08-20 23:04:19] INFO - sparse_vector - Model loaded from vectorstore\bm25store\bm25store.pkl
[2026-08-20 23:04:19] INFO - retrieval - Successfully retrieved 7 items
[2026-08-20 23:04:19] INFO - embedding - Completed embedding texts 1
[2026-08-20 23:04:19] INFO - sparse_vector - Model loaded from vectorstore\bm25store\bm25store.pkl
[2026-08-20 23:04:19] INFO - retrieval - Successfully retrieved 7 items
[2026-08-20 23:04:19] INFO - embedding - Completed embedding texts 1
[2026-08-20 23:04:19] INFO - sparse_vector - Model loaded from vectorstore\bm25store\bm25store.pkl
[2026-08-20 23:04:19] INFO - retrieval - Successfully retrieved 7 items
[2026-08-20 23:04:19] INFO - embedding - Completed embedding texts 1
[2026-08-20 23:04:19] INFO - sparse_vector - Model loaded from vectorstore\bm25store\bm25store.pkl
[2026-08-20 23:04:19] INFO - retrieval - Successfully retrieved 7 items
[2026-08-20 23:04:19] INFO - embedding - Completed embedding texts 1
[2026-08-20 23:04:19] INFO - sparse_vector - Model loaded from vectorstore\bm25store\bm25store.pkl
[2026-08-20 23:04:19] INFO - retrieval - Successfully retrieved 7 items
[2026-08-20 23:04:19] INFO - embedding - Completed embedding texts 1
[2026-08-20 23:04:19] INFO - sparse_vector - Model loaded from vectorstore\bm25store\bm25store.pkl
[2026-08-20 23:04:19] INFO - retrieval - Successfully retrieved 7 items
[2026-08-20 23:04:19] INFO - embedding - Completed embedding texts 1
[2026-08-20 23:04:19] INFO - sparse_vector - Model loaded from vectorstore\bm25store\bm25store.pkl
[2026-08-20 23:04:19] INFO - retrieval - Successfully retrieved 7 items
[2026-08-20 23:04:20] INFO - embedding - Completed embedding texts 1
[2026-08-20 23:04:20] INFO - sparse_vector - Model loaded from vectorstore\bm25store\bm25store.pkl
[2026-08-20 23:04:20] INFO - retrieval - Successfully retrieved 7 items
[2026-08-20 23:04:20] INFO - embedding - Completed embedding texts 1
[2026-08-20 23:04:20] INFO - sparse_vector - Model loaded from vectorstore\bm25store\bm25store.pkl
[2026-08-20 23:04:20] INFO - retrieval - Successfully retrieved 7 items
[2026-08-20 23:04:20] INFO - embedding - Completed embedding texts 1
[2026-08-20 23:04:20] INFO - sparse_vector - Model loaded from vectorstore\bm25store\bm25store.pkl
[2026-08-20 23:04:20] INFO - retrieval - Successfully retrieved 7 items
[2026-08-20 23:04:20] INFO - embedding - Completed embedding texts 1
[2026-08-20 23:04:20] INFO - sparse_vector - Model loaded from vectorstore\bm25store\bm25store.pkl
[2026-08-20 23:04:20] INFO - retrieval - Successfully retrieved 7 items
[2026-08-20 23:04:20] INFO - embedding - Completed embedding texts 1
[2026-08-20 23:04:20] INFO - sparse_vector - Model loaded from vectorstore\bm25store\bm25store.pkl
[2026-08-20 23:04:20] INFO - retrieval - Successfully retrieved 7 items
[2026-08-20 23:04:20] INFO - embedding - Completed embedding texts 1
[2026-08-20 23:04:20] INFO - sparse_vector - Model loaded from vectorstore\bm25store\bm25store.pkl
[2026-08-20 23:04:20] INFO - retrieval - Successfully retrieved 7 items
[2026-08-20 23:04:20] INFO - embedding - Completed embedding texts 1
[2026-08-20 23:04:20] INFO - sparse_vector - Model loaded from vectorstore\bm25store\bm25store.pkl
[2026-08-20 23:04:20] INFO - retrieval - Successfully retrieved 7 items
[2026-08-20 23:04:21] INFO - embedding - Completed embedding texts 1
[2026-08-20 23:04:21] INFO - sparse_vector - Model loaded from vectorstore\bm25store\bm25store.pkl
[2026-08-20 23:04:21] INFO - retrieval - Successfully retrieved 7 items
[2026-08-20 23:04:21] INFO - embedding - Completed embedding texts 1
[2026-08-20 23:04:21] INFO - sparse_vector - Model loaded from vectorstore\bm25store\bm25store.pkl
[2026-08-20 23:04:21] INFO - retrieval - Successfully retrieved 7 items
[2026-08-20 23:04:21] INFO - embedding - Completed embedding texts 1
[2026-08-20 23:04:21] INFO - sparse_vector - Model loaded from vectorstore\bm25store\bm25store.pkl
[2026-08-20 23:04:21] INFO - retrieval - Successfully retrieved 7 items
[2026-08-20 23:04:21] INFO - embedding - Completed embedding texts 1
[2026-08-20 23:04:21] INFO - sparse_vector - Model loaded from vectorstore\bm25store\bm25store.pkl
[2026-08-20 23:04:21] INFO - retrieval - Successfully retrieved 7 items
[2026-08-20 23:04:21] INFO - embedding - Completed embedding texts 1
[2026-08-20 23:04:21] INFO - sparse_vector - Model loaded from vectorstore\bm25store\bm25store.pkl
[2026-08-20 23:04:21] INFO - retrieval - Successfully retrieved 7 items
[2026-08-25 21:07:40] ERROR - chat_engine - Error during query normalization: Client.__init__() got an unexpected keyword argument 'header'
[2026-08-25 21:09:41] ERROR - chat_engine - Error during query normalization: 'NoneType' object has no attribute 'strip'
[2026-08-25 21:11:43] ERROR - chat_engine - Error during query normalization: 'NoneType' object has no attribute 'strip'
[2026-08-25 21:32:53] ERROR - chat_engine - Error during query normalization: 'NoneType' object has no attribute 'strip'
[2026-08-25 21:38:48] ERROR - chat_engine - Error during query normalization: 'ChatResponse' object has no attribute 'content'
[2026-08-26 08:24:17] INFO - chat_engine - [QUERY NORMALIZATION] Original: Hôm qua tôi vượt đèn đỏ thì có sao không?
[2026-08-26 08:24:17] ERROR - chat_engine - Error during query normalization: 'generator' object has no attribute 'strip'
[2026-08-26 08:24:17] INFO - chat_engine - [QUERY NORMALIZATION] Normalized: Hôm qua tôi vượt đèn đỏ thì có sao không?
[2026-08-26 08:24:17] INFO - embedding - Loadding embeding model. mainguyen9/vietlegal-harrier-0.6b
[2026-08-26 08:24:19] INFO - sentence_transformers.base.model - No device provided, using cuda:0
[2026-08-26 08:24:19] INFO - httpx - HTTP Request: HEAD https://huggingface.co/mainguyen9/vietlegal-harrier-0.6b/resolve/main/modules.json "HTTP/1.1 307 Temporary Redirect"
[2026-08-26 08:24:19] WARNING - huggingface_hub.utils._http - Warning: You are sending unauthenticated requests to the HF Hub. Please set a HF_TOKEN to enable higher rate limits and faster downloads.
[2026-08-26 08:24:19] INFO - httpx - HTTP Request: HEAD https://huggingface.co/api/resolve-cache/models/mainguyen9/vietlegal-harrier-0.6b/91a0e1ebe4b63b4475bbae40658b8ca9231bea74/modules.json "HTTP/1.1 200 OK"
[2026-08-26 08:24:20] INFO - httpx - HTTP Request: HEAD https://huggingface.co/mainguyen9/vietlegal-harrier-0.6b/resolve/main/config_sentence_transformers.json "HTTP/1.1 307 Temporary Redirect"
[2026-08-26 08:24:20] INFO - httpx - HTTP Request: HEAD https://huggingface.co/api/resolve-cache/models/mainguyen9/vietlegal-harrier-0.6b/91a0e1ebe4b63b4475bbae40658b8ca9231bea74/config_sentence_transformers.json "HTTP/1.1 200 OK"
[2026-08-26 08:24:20] INFO - sentence_transformers.base.model - Loading SentenceTransformer model from mainguyen9/vietlegal-harrier-0.6b.
[2026-08-26 08:24:20] INFO - httpx - HTTP Request: HEAD https://huggingface.co/mainguyen9/vietlegal-harrier-0.6b/resolve/main/config_sentence_transformers.json "HTTP/1.1 307 Temporary Redirect"
[2026-08-26 08:24:20] INFO - httpx - HTTP Request: HEAD https://huggingface.co/api/resolve-cache/models/mainguyen9/vietlegal-harrier-0.6b/91a0e1ebe4b63b4475bbae40658b8ca9231bea74/config_sentence_transformers.json "HTTP/1.1 200 OK"
[2026-08-26 08:24:20] INFO - httpx - HTTP Request: HEAD https://huggingface.co/mainguyen9/vietlegal-harrier-0.6b/resolve/main/README.md "HTTP/1.1 307 Temporary Redirect"
[2026-08-26 08:24:20] INFO - httpx - HTTP Request: HEAD https://huggingface.co/api/resolve-cache/models/mainguyen9/vietlegal-harrier-0.6b/91a0e1ebe4b63b4475bbae40658b8ca9231bea74/README.md "HTTP/1.1 200 OK"
[2026-08-26 08:24:21] INFO - httpx - HTTP Request: HEAD https://huggingface.co/mainguyen9/vietlegal-harrier-0.6b/resolve/main/modules.json "HTTP/1.1 307 Temporary Redirect"
[2026-08-26 08:24:21] INFO - httpx - HTTP Request: HEAD https://huggingface.co/api/resolve-cache/models/mainguyen9/vietlegal-harrier-0.6b/91a0e1ebe4b63b4475bbae40658b8ca9231bea74/modules.json "HTTP/1.1 200 OK"
[2026-08-26 08:24:21] INFO - httpx - HTTP Request: HEAD https://huggingface.co/mainguyen9/vietlegal-harrier-0.6b/resolve/main/sentence_bert_config.json "HTTP/1.1 307 Temporary Redirect"
[2026-08-26 08:24:21] INFO - httpx - HTTP Request: HEAD https://huggingface.co/api/resolve-cache/models/mainguyen9/vietlegal-harrier-0.6b/91a0e1ebe4b63b4475bbae40658b8ca9231bea74/sentence_bert_config.json "HTTP/1.1 200 OK"
[2026-08-26 08:24:21] INFO - httpx - HTTP Request: HEAD https://huggingface.co/mainguyen9/vietlegal-harrier-0.6b/resolve/main/adapter_config.json "HTTP/1.1 404 Not Found"
[2026-08-26 08:24:21] INFO - httpx - HTTP Request: HEAD https://huggingface.co/mainguyen9/vietlegal-harrier-0.6b/resolve/main/config.json "HTTP/1.1 307 Temporary Redirect"
[2026-08-26 08:24:21] INFO - httpx - HTTP Request: HEAD https://huggingface.co/api/resolve-cache/models/mainguyen9/vietlegal-harrier-0.6b/91a0e1ebe4b63b4475bbae40658b8ca9231bea74/config.json "HTTP/1.1 200 OK"
[2026-08-26 08:24:22] INFO - httpx - HTTP Request: HEAD https://huggingface.co/mainguyen9/vietlegal-harrier-0.6b/resolve/main/config.json "HTTP/1.1 307 Temporary Redirect"
[2026-08-26 08:24:22] INFO - httpx - HTTP Request: HEAD https://huggingface.co/api/resolve-cache/models/mainguyen9/vietlegal-harrier-0.6b/91a0e1ebe4b63b4475bbae40658b8ca9231bea74/config.json "HTTP/1.1 200 OK"
[2026-08-26 08:24:22] INFO - httpx - HTTP Request: HEAD https://huggingface.co/mainguyen9/vietlegal-harrier-0.6b/resolve/main/processor_config.json "HTTP/1.1 404 Not Found"
[2026-08-26 08:24:23] INFO - httpx - HTTP Request: HEAD https://huggingface.co/mainguyen9/vietlegal-harrier-0.6b/resolve/main/preprocessor_config.json "HTTP/1.1 404 Not Found"
[2026-08-26 08:24:23] INFO - httpx - HTTP Request: HEAD https://huggingface.co/mainguyen9/vietlegal-harrier-0.6b/resolve/main/video_preprocessor_config.json "HTTP/1.1 404 Not Found"
[2026-08-26 08:24:23] INFO - httpx - HTTP Request: HEAD https://huggingface.co/mainguyen9/vietlegal-harrier-0.6b/resolve/main/preprocessor_config.json "HTTP/1.1 404 Not Found"
[2026-08-26 08:24:23] INFO - httpx - HTTP Request: HEAD https://huggingface.co/mainguyen9/vietlegal-harrier-0.6b/resolve/main/tokenizer_config.json "HTTP/1.1 307 Temporary Redirect"
[2026-08-26 08:24:23] INFO - httpx - HTTP Request: HEAD https://huggingface.co/api/resolve-cache/models/mainguyen9/vietlegal-harrier-0.6b/91a0e1ebe4b63b4475bbae40658b8ca9231bea74/tokenizer_config.json "HTTP/1.1 200 OK"
[2026-08-26 08:24:24] INFO - httpx - HTTP Request: HEAD https://huggingface.co/mainguyen9/vietlegal-harrier-0.6b/resolve/main/config.json "HTTP/1.1 307 Temporary Redirect"
[2026-08-26 08:24:24] INFO - httpx - HTTP Request: HEAD https://huggingface.co/api/resolve-cache/models/mainguyen9/vietlegal-harrier-0.6b/91a0e1ebe4b63b4475bbae40658b8ca9231bea74/config.json "HTTP/1.1 200 OK"
[2026-08-26 08:24:24] INFO - httpx - HTTP Request: HEAD https://huggingface.co/mainguyen9/vietlegal-harrier-0.6b/resolve/main/config.json "HTTP/1.1 307 Temporary Redirect"
[2026-08-26 08:24:24] INFO - httpx - HTTP Request: HEAD https://huggingface.co/api/resolve-cache/models/mainguyen9/vietlegal-harrier-0.6b/91a0e1ebe4b63b4475bbae40658b8ca9231bea74/config.json "HTTP/1.1 200 OK"
[2026-08-26 08:24:24] INFO - httpx - HTTP Request: HEAD https://huggingface.co/mainguyen9/vietlegal-harrier-0.6b/resolve/main/tokenizer_config.json "HTTP/1.1 307 Temporary Redirect"
[2026-08-26 08:24:24] INFO - httpx - HTTP Request: HEAD https://huggingface.co/api/resolve-cache/models/mainguyen9/vietlegal-harrier-0.6b/91a0e1ebe4b63b4475bbae40658b8ca9231bea74/tokenizer_config.json "HTTP/1.1 200 OK"
[2026-08-26 08:24:25] INFO - httpx - HTTP Request: GET https://huggingface.co/api/models/mainguyen9/vietlegal-harrier-0.6b/tree/main/additional_chat_templates?recursive=false&expand=false "HTTP/1.1 404 Not Found"
[2026-08-26 08:24:25] INFO - httpx - HTTP Request: GET https://huggingface.co/api/models/mainguyen9/vietlegal-harrier-0.6b/tree/main?recursive=true&expand=false "HTTP/1.1 200 OK"
[2026-08-26 08:24:26] INFO - httpx - HTTP Request: GET https://huggingface.co/api/models/mainguyen9/vietlegal-harrier-0.6b "HTTP/1.1 200 OK"
[2026-08-26 08:24:26] INFO - httpx - HTTP Request: HEAD https://huggingface.co/mainguyen9/vietlegal-harrier-0.6b/resolve/main/1_Pooling/config.json "HTTP/1.1 307 Temporary Redirect"
[2026-08-26 08:24:26] INFO - httpx - HTTP Request: HEAD https://huggingface.co/api/resolve-cache/models/mainguyen9/vietlegal-harrier-0.6b/91a0e1ebe4b63b4475bbae40658b8ca9231bea74/1_Pooling%2Fconfig.json "HTTP/1.1 200 OK"
[2026-08-26 08:24:26] INFO - httpx - HTTP Request: GET https://huggingface.co/api/models/mainguyen9/vietlegal-harrier-0.6b "HTTP/1.1 200 OK"
[2026-08-26 08:24:32] INFO - sentence_transformers.base.model - Loaded 1 prompt with these keys: ['query']
[2026-08-26 08:24:32] INFO - embedding - Completed embedding texts 1
[2026-08-26 08:24:32] INFO - vector_datatbase - Connecting to Qdrant via URL
[2026-08-26 08:24:37] ERROR - vector_datatbase - Failed to connect to Qdrant: [WinError 10061] No connection could be made because the target machine actively refused it
[2026-08-26 09:22:15] INFO - chat_engine - [QUERY NORMALIZATION] Original: Hôm qua tôi vượt đèn đỏ thì có sao không?
[2026-08-26 09:22:15] ERROR - chat_engine - Error during query normalization: 'generator' object has no attribute 'strip'
[2026-08-26 09:22:15] INFO - chat_engine - [QUERY NORMALIZATION] Normalized: Hôm qua tôi vượt đèn đỏ thì có sao không?
[2026-08-26 09:22:15] INFO - embedding - Loadding embeding model. mainguyen9/vietlegal-harrier-0.6b
[2026-08-26 09:22:16] INFO - sentence_transformers.base.model - No device provided, using cuda:0
[2026-08-26 09:22:16] INFO - httpx - HTTP Request: HEAD https://huggingface.co/mainguyen9/vietlegal-harrier-0.6b/resolve/main/modules.json "HTTP/1.1 307 Temporary Redirect"
[2026-08-26 09:22:16] WARNING - huggingface_hub.utils._http - Warning: You are sending unauthenticated requests to the HF Hub. Please set a HF_TOKEN to enable higher rate limits and faster downloads.
[2026-08-26 09:22:16] INFO - httpx - HTTP Request: HEAD https://huggingface.co/api/resolve-cache/models/mainguyen9/vietlegal-harrier-0.6b/91a0e1ebe4b63b4475bbae40658b8ca9231bea74/modules.json "HTTP/1.1 200 OK"
[2026-08-26 09:22:17] INFO - httpx - HTTP Request: HEAD https://huggingface.co/mainguyen9/vietlegal-harrier-0.6b/resolve/main/config_sentence_transformers.json "HTTP/1.1 307 Temporary Redirect"
[2026-08-26 09:22:17] INFO - httpx - HTTP Request: HEAD https://huggingface.co/api/resolve-cache/models/mainguyen9/vietlegal-harrier-0.6b/91a0e1ebe4b63b4475bbae40658b8ca9231bea74/config_sentence_transformers.json "HTTP/1.1 200 OK"
[2026-08-26 09:22:17] INFO - sentence_transformers.base.model - Loading SentenceTransformer model from mainguyen9/vietlegal-harrier-0.6b.
[2026-08-26 09:22:17] INFO - httpx - HTTP Request: HEAD https://huggingface.co/mainguyen9/vietlegal-harrier-0.6b/resolve/main/config_sentence_transformers.json "HTTP/1.1 307 Temporary Redirect"
[2026-08-26 09:22:17] INFO - httpx - HTTP Request: HEAD https://huggingface.co/api/resolve-cache/models/mainguyen9/vietlegal-harrier-0.6b/91a0e1ebe4b63b4475bbae40658b8ca9231bea74/config_sentence_transformers.json "HTTP/1.1 200 OK"
[2026-08-26 09:22:17] INFO - httpx - HTTP Request: HEAD https://huggingface.co/mainguyen9/vietlegal-harrier-0.6b/resolve/main/README.md "HTTP/1.1 307 Temporary Redirect"
[2026-08-26 09:22:17] INFO - httpx - HTTP Request: HEAD https://huggingface.co/api/resolve-cache/models/mainguyen9/vietlegal-harrier-0.6b/91a0e1ebe4b63b4475bbae40658b8ca9231bea74/README.md "HTTP/1.1 200 OK"
[2026-08-26 09:22:18] INFO - httpx - HTTP Request: HEAD https://huggingface.co/mainguyen9/vietlegal-harrier-0.6b/resolve/main/modules.json "HTTP/1.1 307 Temporary Redirect"
[2026-08-26 09:22:18] INFO - httpx - HTTP Request: HEAD https://huggingface.co/api/resolve-cache/models/mainguyen9/vietlegal-harrier-0.6b/91a0e1ebe4b63b4475bbae40658b8ca9231bea74/modules.json "HTTP/1.1 200 OK"
[2026-08-26 09:22:18] INFO - httpx - HTTP Request: HEAD https://huggingface.co/mainguyen9/vietlegal-harrier-0.6b/resolve/main/sentence_bert_config.json "HTTP/1.1 307 Temporary Redirect"
[2026-08-26 09:22:18] INFO - httpx - HTTP Request: HEAD https://huggingface.co/api/resolve-cache/models/mainguyen9/vietlegal-harrier-0.6b/91a0e1ebe4b63b4475bbae40658b8ca9231bea74/sentence_bert_config.json "HTTP/1.1 200 OK"
[2026-08-26 09:22:18] INFO - httpx - HTTP Request: HEAD https://huggingface.co/mainguyen9/vietlegal-harrier-0.6b/resolve/main/adapter_config.json "HTTP/1.1 404 Not Found"
[2026-08-26 09:22:18] INFO - httpx - HTTP Request: HEAD https://huggingface.co/mainguyen9/vietlegal-harrier-0.6b/resolve/main/config.json "HTTP/1.1 307 Temporary Redirect"
[2026-08-26 09:22:19] INFO - httpx - HTTP Request: HEAD https://huggingface.co/api/resolve-cache/models/mainguyen9/vietlegal-harrier-0.6b/91a0e1ebe4b63b4475bbae40658b8ca9231bea74/config.json "HTTP/1.1 200 OK"
[2026-08-26 09:22:19] INFO - httpx - HTTP Request: HEAD https://huggingface.co/mainguyen9/vietlegal-harrier-0.6b/resolve/main/config.json "HTTP/1.1 307 Temporary Redirect"
[2026-08-26 09:22:19] INFO - httpx - HTTP Request: HEAD https://huggingface.co/api/resolve-cache/models/mainguyen9/vietlegal-harrier-0.6b/91a0e1ebe4b63b4475bbae40658b8ca9231bea74/config.json "HTTP/1.1 200 OK"
[2026-08-26 09:22:19] INFO - httpx - HTTP Request: HEAD https://huggingface.co/mainguyen9/vietlegal-harrier-0.6b/resolve/main/processor_config.json "HTTP/1.1 404 Not Found"
[2026-08-26 09:22:20] INFO - httpx - HTTP Request: HEAD https://huggingface.co/mainguyen9/vietlegal-harrier-0.6b/resolve/main/preprocessor_config.json "HTTP/1.1 404 Not Found"
[2026-08-26 09:22:20] INFO - httpx - HTTP Request: HEAD https://huggingface.co/mainguyen9/vietlegal-harrier-0.6b/resolve/main/video_preprocessor_config.json "HTTP/1.1 404 Not Found"
[2026-08-26 09:22:20] INFO - httpx - HTTP Request: HEAD https://huggingface.co/mainguyen9/vietlegal-harrier-0.6b/resolve/main/preprocessor_config.json "HTTP/1.1 404 Not Found"
[2026-08-26 09:22:20] INFO - httpx - HTTP Request: HEAD https://huggingface.co/mainguyen9/vietlegal-harrier-0.6b/resolve/main/tokenizer_config.json "HTTP/1.1 307 Temporary Redirect"
[2026-08-26 09:22:20] INFO - httpx - HTTP Request: HEAD https://huggingface.co/api/resolve-cache/models/mainguyen9/vietlegal-harrier-0.6b/91a0e1ebe4b63b4475bbae40658b8ca9231bea74/tokenizer_config.json "HTTP/1.1 200 OK"
[2026-08-26 09:22:21] INFO - httpx - HTTP Request: HEAD https://huggingface.co/mainguyen9/vietlegal-harrier-0.6b/resolve/main/config.json "HTTP/1.1 307 Temporary Redirect"
[2026-08-26 09:22:21] INFO - httpx - HTTP Request: HEAD https://huggingface.co/api/resolve-cache/models/mainguyen9/vietlegal-harrier-0.6b/91a0e1ebe4b63b4475bbae40658b8ca9231bea74/config.json "HTTP/1.1 200 OK"
[2026-08-26 09:22:21] INFO - httpx - HTTP Request: HEAD https://huggingface.co/mainguyen9/vietlegal-harrier-0.6b/resolve/main/config.json "HTTP/1.1 307 Temporary Redirect"
[2026-08-26 09:22:21] INFO - httpx - HTTP Request: HEAD https://huggingface.co/api/resolve-cache/models/mainguyen9/vietlegal-harrier-0.6b/91a0e1ebe4b63b4475bbae40658b8ca9231bea74/config.json "HTTP/1.1 200 OK"
[2026-08-26 09:22:21] INFO - httpx - HTTP Request: HEAD https://huggingface.co/mainguyen9/vietlegal-harrier-0.6b/resolve/main/tokenizer_config.json "HTTP/1.1 307 Temporary Redirect"
[2026-08-26 09:22:21] INFO - httpx - HTTP Request: HEAD https://huggingface.co/api/resolve-cache/models/mainguyen9/vietlegal-harrier-0.6b/91a0e1ebe4b63b4475bbae40658b8ca9231bea74/tokenizer_config.json "HTTP/1.1 200 OK"
[2026-08-26 09:22:22] INFO - httpx - HTTP Request: GET https://huggingface.co/api/models/mainguyen9/vietlegal-harrier-0.6b/tree/main/additional_chat_templates?recursive=false&expand=false "HTTP/1.1 404 Not Found"
[2026-08-26 09:22:22] INFO - httpx - HTTP Request: GET https://huggingface.co/api/models/mainguyen9/vietlegal-harrier-0.6b/tree/main?recursive=true&expand=false "HTTP/1.1 200 OK"
[2026-08-26 09:22:23] INFO - httpx - HTTP Request: GET https://huggingface.co/api/models/mainguyen9/vietlegal-harrier-0.6b "HTTP/1.1 200 OK"
[2026-08-26 09:22:23] INFO - httpx - HTTP Request: HEAD https://huggingface.co/mainguyen9/vietlegal-harrier-0.6b/resolve/main/1_Pooling/config.json "HTTP/1.1 307 Temporary Redirect"
[2026-08-26 09:22:23] INFO - httpx - HTTP Request: HEAD https://huggingface.co/api/resolve-cache/models/mainguyen9/vietlegal-harrier-0.6b/91a0e1ebe4b63b4475bbae40658b8ca9231bea74/1_Pooling%2Fconfig.json "HTTP/1.1 200 OK"
[2026-08-26 09:22:23] INFO - httpx - HTTP Request: GET https://huggingface.co/api/models/mainguyen9/vietlegal-harrier-0.6b "HTTP/1.1 200 OK"
[2026-08-26 09:22:29] INFO - sentence_transformers.base.model - Loaded 1 prompt with these keys: ['query']
[2026-08-26 09:22:29] INFO - embedding - Completed embedding texts 1
[2026-08-26 09:22:29] INFO - vector_datatbase - Connecting to Qdrant via URL
[2026-08-26 09:22:33] ERROR - vector_datatbase - Failed to connect to Qdrant: [WinError 10061] No connection could be made because the target machine actively refused it
[2026-08-26 09:30:17] INFO - chat_engine - [QUERY NORMALIZATION] Original: Hôm qua tôi vượt đèn đỏ bằng xe máy thì có bị sao không?
[2026-08-26 09:30:17] ERROR - chat_engine - Error during query normalization: 'generator' object has no attribute 'strip'
[2026-08-26 09:30:17] INFO - chat_engine - [QUERY NORMALIZATION] Normalized: Hôm qua tôi vượt đèn đỏ bằng xe máy thì có bị sao không?
[2026-08-26 09:30:17] INFO - embedding - Loadding embeding model. mainguyen9/vietlegal-harrier-0.6b
[2026-08-26 09:30:18] INFO - sentence_transformers.base.model - No device provided, using cuda:0
[2026-08-26 09:30:18] INFO - httpx - HTTP Request: HEAD https://huggingface.co/mainguyen9/vietlegal-harrier-0.6b/resolve/main/modules.json "HTTP/1.1 307 Temporary Redirect"
[2026-08-26 09:30:18] WARNING - huggingface_hub.utils._http - Warning: You are sending unauthenticated requests to the HF Hub. Please set a HF_TOKEN to enable higher rate limits and faster downloads.
[2026-08-26 09:30:18] INFO - httpx - HTTP Request: HEAD https://huggingface.co/api/resolve-cache/models/mainguyen9/vietlegal-harrier-0.6b/91a0e1ebe4b63b4475bbae40658b8ca9231bea74/modules.json "HTTP/1.1 200 OK"
[2026-08-26 09:30:19] INFO - httpx - HTTP Request: HEAD https://huggingface.co/mainguyen9/vietlegal-harrier-0.6b/resolve/main/config_sentence_transformers.json "HTTP/1.1 307 Temporary Redirect"
[2026-08-26 09:30:19] INFO - httpx - HTTP Request: HEAD https://huggingface.co/api/resolve-cache/models/mainguyen9/vietlegal-harrier-0.6b/91a0e1ebe4b63b4475bbae40658b8ca9231bea74/config_sentence_transformers.json "HTTP/1.1 200 OK"
[2026-08-26 09:30:19] INFO - sentence_transformers.base.model - Loading SentenceTransformer model from mainguyen9/vietlegal-harrier-0.6b.
[2026-08-26 09:30:19] INFO - httpx - HTTP Request: HEAD https://huggingface.co/mainguyen9/vietlegal-harrier-0.6b/resolve/main/config_sentence_transformers.json "HTTP/1.1 307 Temporary Redirect"
[2026-08-26 09:30:19] INFO - httpx - HTTP Request: HEAD https://huggingface.co/api/resolve-cache/models/mainguyen9/vietlegal-harrier-0.6b/91a0e1ebe4b63b4475bbae40658b8ca9231bea74/config_sentence_transformers.json "HTTP/1.1 200 OK"
[2026-08-26 09:30:19] INFO - httpx - HTTP Request: HEAD https://huggingface.co/mainguyen9/vietlegal-harrier-0.6b/resolve/main/README.md "HTTP/1.1 307 Temporary Redirect"
[2026-08-26 09:30:19] INFO - httpx - HTTP Request: HEAD https://huggingface.co/api/resolve-cache/models/mainguyen9/vietlegal-harrier-0.6b/91a0e1ebe4b63b4475bbae40658b8ca9231bea74/README.md "HTTP/1.1 200 OK"
[2026-08-26 09:30:20] INFO - httpx - HTTP Request: HEAD https://huggingface.co/mainguyen9/vietlegal-harrier-0.6b/resolve/main/modules.json "HTTP/1.1 307 Temporary Redirect"
[2026-08-26 09:30:20] INFO - httpx - HTTP Request: HEAD https://huggingface.co/api/resolve-cache/models/mainguyen9/vietlegal-harrier-0.6b/91a0e1ebe4b63b4475bbae40658b8ca9231bea74/modules.json "HTTP/1.1 200 OK"
[2026-08-26 09:30:20] INFO - httpx - HTTP Request: HEAD https://huggingface.co/mainguyen9/vietlegal-harrier-0.6b/resolve/main/sentence_bert_config.json "HTTP/1.1 307 Temporary Redirect"
[2026-08-26 09:30:20] INFO - httpx - HTTP Request: HEAD https://huggingface.co/api/resolve-cache/models/mainguyen9/vietlegal-harrier-0.6b/91a0e1ebe4b63b4475bbae40658b8ca9231bea74/sentence_bert_config.json "HTTP/1.1 200 OK"
[2026-08-26 09:30:20] INFO - httpx - HTTP Request: HEAD https://huggingface.co/mainguyen9/vietlegal-harrier-0.6b/resolve/main/adapter_config.json "HTTP/1.1 404 Not Found"
[2026-08-26 09:30:20] INFO - httpx - HTTP Request: HEAD https://huggingface.co/mainguyen9/vietlegal-harrier-0.6b/resolve/main/config.json "HTTP/1.1 307 Temporary Redirect"
[2026-08-26 09:30:20] INFO - httpx - HTTP Request: HEAD https://huggingface.co/api/resolve-cache/models/mainguyen9/vietlegal-harrier-0.6b/91a0e1ebe4b63b4475bbae40658b8ca9231bea74/config.json "HTTP/1.1 200 OK"
[2026-08-26 09:30:21] INFO - httpx - HTTP Request: HEAD https://huggingface.co/mainguyen9/vietlegal-harrier-0.6b/resolve/main/config.json "HTTP/1.1 307 Temporary Redirect"
[2026-08-26 09:30:21] INFO - httpx - HTTP Request: HEAD https://huggingface.co/api/resolve-cache/models/mainguyen9/vietlegal-harrier-0.6b/91a0e1ebe4b63b4475bbae40658b8ca9231bea74/config.json "HTTP/1.1 200 OK"
[2026-08-26 09:30:21] INFO - httpx - HTTP Request: HEAD https://huggingface.co/mainguyen9/vietlegal-harrier-0.6b/resolve/main/processor_config.json "HTTP/1.1 404 Not Found"
[2026-08-26 09:30:22] INFO - httpx - HTTP Request: HEAD https://huggingface.co/mainguyen9/vietlegal-harrier-0.6b/resolve/main/preprocessor_config.json "HTTP/1.1 404 Not Found"
[2026-08-26 09:30:22] INFO - httpx - HTTP Request: HEAD https://huggingface.co/mainguyen9/vietlegal-harrier-0.6b/resolve/main/video_preprocessor_config.json "HTTP/1.1 404 Not Found"
[2026-08-26 09:30:22] INFO - httpx - HTTP Request: HEAD https://huggingface.co/mainguyen9/vietlegal-harrier-0.6b/resolve/main/preprocessor_config.json "HTTP/1.1 404 Not Found"
[2026-08-26 09:30:22] INFO - httpx - HTTP Request: HEAD https://huggingface.co/mainguyen9/vietlegal-harrier-0.6b/resolve/main/tokenizer_config.json "HTTP/1.1 307 Temporary Redirect"
[2026-08-26 09:30:22] INFO - httpx - HTTP Request: HEAD https://huggingface.co/api/resolve-cache/models/mainguyen9/vietlegal-harrier-0.6b/91a0e1ebe4b63b4475bbae40658b8ca9231bea74/tokenizer_config.json "HTTP/1.1 200 OK"
[2026-08-26 09:30:23] INFO - httpx - HTTP Request: HEAD https://huggingface.co/mainguyen9/vietlegal-harrier-0.6b/resolve/main/config.json "HTTP/1.1 307 Temporary Redirect"
[2026-08-26 09:30:23] INFO - httpx - HTTP Request: HEAD https://huggingface.co/api/resolve-cache/models/mainguyen9/vietlegal-harrier-0.6b/91a0e1ebe4b63b4475bbae40658b8ca9231bea74/config.json "HTTP/1.1 200 OK"
[2026-08-26 09:30:23] INFO - httpx - HTTP Request: HEAD https://huggingface.co/mainguyen9/vietlegal-harrier-0.6b/resolve/main/config.json "HTTP/1.1 307 Temporary Redirect"
[2026-08-26 09:30:23] INFO - httpx - HTTP Request: HEAD https://huggingface.co/api/resolve-cache/models/mainguyen9/vietlegal-harrier-0.6b/91a0e1ebe4b63b4475bbae40658b8ca9231bea74/config.json "HTTP/1.1 200 OK"
[2026-08-26 09:30:23] INFO - httpx - HTTP Request: HEAD https://huggingface.co/mainguyen9/vietlegal-harrier-0.6b/resolve/main/tokenizer_config.json "HTTP/1.1 307 Temporary Redirect"
[2026-08-26 09:30:23] INFO - httpx - HTTP Request: HEAD https://huggingface.co/api/resolve-cache/models/mainguyen9/vietlegal-harrier-0.6b/91a0e1ebe4b63b4475bbae40658b8ca9231bea74/tokenizer_config.json "HTTP/1.1 200 OK"
[2026-08-26 09:30:24] INFO - httpx - HTTP Request: GET https://huggingface.co/api/models/mainguyen9/vietlegal-harrier-0.6b/tree/main/additional_chat_templates?recursive=false&expand=false "HTTP/1.1 404 Not Found"
[2026-08-26 09:30:24] INFO - httpx - HTTP Request: GET https://huggingface.co/api/models/mainguyen9/vietlegal-harrier-0.6b/tree/main?recursive=true&expand=false "HTTP/1.1 200 OK"
[2026-08-26 09:30:25] INFO - httpx - HTTP Request: GET https://huggingface.co/api/models/mainguyen9/vietlegal-harrier-0.6b "HTTP/1.1 200 OK"
[2026-08-26 09:30:25] INFO - httpx - HTTP Request: HEAD https://huggingface.co/mainguyen9/vietlegal-harrier-0.6b/resolve/main/1_Pooling/config.json "HTTP/1.1 307 Temporary Redirect"
[2026-08-26 09:30:25] INFO - httpx - HTTP Request: HEAD https://huggingface.co/api/resolve-cache/models/mainguyen9/vietlegal-harrier-0.6b/91a0e1ebe4b63b4475bbae40658b8ca9231bea74/1_Pooling%2Fconfig.json "HTTP/1.1 200 OK"
[2026-08-26 09:30:26] INFO - httpx - HTTP Request: GET https://huggingface.co/api/models/mainguyen9/vietlegal-harrier-0.6b "HTTP/1.1 200 OK"
[2026-08-26 09:30:30] INFO - sentence_transformers.base.model - Loaded 1 prompt with these keys: ['query']
[2026-08-26 09:30:31] INFO - embedding - Completed embedding texts 1
[2026-08-26 09:30:31] INFO - vector_datatbase - Connecting to Qdrant via URL
[2026-08-26 09:30:31] INFO - httpx - HTTP Request: GET http://localhost:6333/collections "HTTP/1.1 200 OK"
[2026-08-26 09:30:31] INFO - vector_datatbase - Successfully connected to Qdrant
[2026-08-26 09:30:31] INFO - httpx - HTTP Request: GET http://localhost:6333/collections "HTTP/1.1 200 OK"
[2026-08-26 09:30:31] INFO - vector_datatbase - Collection 'nmk_chatbot_collection' already exists.
[2026-08-26 09:30:31] INFO - sparse_vector - Model loaded from vectorstore\bm25store\bm25store.pkl
[2026-08-26 09:30:31] INFO - httpx - HTTP Request: POST http://localhost:6333/collections/nmk_chatbot_collection/points/query "HTTP/1.1 200 OK"
[2026-08-26 09:30:31] INFO - retrieval - Successfully retrieved 7 items
[2026-08-26 09:30:32] INFO - httpx - HTTP Request: GET http://localhost:6333 "HTTP/1.1 200 OK"
[2026-08-26 09:34:53] INFO - chat_engine - [QUERY NORMALIZATION] Original: Hôm qua tôi đi xe máy nhưng vượt đèn đỏ thì có sao không?
[2026-08-26 09:34:53] ERROR - chat_engine - Error during query normalization: 'generator' object has no attribute 'strip'
[2026-08-26 09:34:53] INFO - chat_engine - [QUERY NORMALIZATION] Normalized: Hôm qua tôi đi xe máy nhưng vượt đèn đỏ thì có sao không?
[2026-08-26 09:34:53] INFO - embedding - Loadding embeding model. mainguyen9/vietlegal-harrier-0.6b
[2026-08-26 09:34:54] INFO - sentence_transformers.base.model - No device provided, using cuda:0
[2026-08-26 09:34:55] INFO - httpx - HTTP Request: HEAD https://huggingface.co/mainguyen9/vietlegal-harrier-0.6b/resolve/main/modules.json "HTTP/1.1 307 Temporary Redirect"
[2026-08-26 09:34:55] WARNING - huggingface_hub.utils._http - Warning: You are sending unauthenticated requests to the HF Hub. Please set a HF_TOKEN to enable higher rate limits and faster downloads.
[2026-08-26 09:34:55] INFO - httpx - HTTP Request: HEAD https://huggingface.co/api/resolve-cache/models/mainguyen9/vietlegal-harrier-0.6b/91a0e1ebe4b63b4475bbae40658b8ca9231bea74/modules.json "HTTP/1.1 200 OK"
[2026-08-26 09:34:55] INFO - httpx - HTTP Request: HEAD https://huggingface.co/mainguyen9/vietlegal-harrier-0.6b/resolve/main/config_sentence_transformers.json "HTTP/1.1 307 Temporary Redirect"
[2026-08-26 09:34:55] INFO - httpx - HTTP Request: HEAD https://huggingface.co/api/resolve-cache/models/mainguyen9/vietlegal-harrier-0.6b/91a0e1ebe4b63b4475bbae40658b8ca9231bea74/config_sentence_transformers.json "HTTP/1.1 200 OK"
[2026-08-26 09:34:55] INFO - sentence_transformers.base.model - Loading SentenceTransformer model from mainguyen9/vietlegal-harrier-0.6b.
[2026-08-26 09:34:55] INFO - httpx - HTTP Request: HEAD https://huggingface.co/mainguyen9/vietlegal-harrier-0.6b/resolve/main/config_sentence_transformers.json "HTTP/1.1 307 Temporary Redirect"
[2026-08-26 09:34:55] INFO - httpx - HTTP Request: HEAD https://huggingface.co/api/resolve-cache/models/mainguyen9/vietlegal-harrier-0.6b/91a0e1ebe4b63b4475bbae40658b8ca9231bea74/config_sentence_transformers.json "HTTP/1.1 200 OK"
[2026-08-26 09:34:55] INFO - httpx - HTTP Request: HEAD https://huggingface.co/mainguyen9/vietlegal-harrier-0.6b/resolve/main/README.md "HTTP/1.1 307 Temporary Redirect"
[2026-08-26 09:34:55] INFO - httpx - HTTP Request: HEAD https://huggingface.co/api/resolve-cache/models/mainguyen9/vietlegal-harrier-0.6b/91a0e1ebe4b63b4475bbae40658b8ca9231bea74/README.md "HTTP/1.1 200 OK"
[2026-08-26 09:34:56] INFO - httpx - HTTP Request: HEAD https://huggingface.co/mainguyen9/vietlegal-harrier-0.6b/resolve/main/modules.json "HTTP/1.1 307 Temporary Redirect"
[2026-08-26 09:34:56] INFO - httpx - HTTP Request: HEAD https://huggingface.co/api/resolve-cache/models/mainguyen9/vietlegal-harrier-0.6b/91a0e1ebe4b63b4475bbae40658b8ca9231bea74/modules.json "HTTP/1.1 200 OK"
[2026-08-26 09:34:56] INFO - httpx - HTTP Request: HEAD https://huggingface.co/mainguyen9/vietlegal-harrier-0.6b/resolve/main/sentence_bert_config.json "HTTP/1.1 307 Temporary Redirect"
[2026-08-26 09:34:56] INFO - httpx - HTTP Request: HEAD https://huggingface.co/api/resolve-cache/models/mainguyen9/vietlegal-harrier-0.6b/91a0e1ebe4b63b4475bbae40658b8ca9231bea74/sentence_bert_config.json "HTTP/1.1 200 OK"
[2026-08-26 09:34:56] INFO - httpx - HTTP Request: HEAD https://huggingface.co/mainguyen9/vietlegal-harrier-0.6b/resolve/main/adapter_config.json "HTTP/1.1 404 Not Found"
[2026-08-26 09:34:57] INFO - httpx - HTTP Request: HEAD https://huggingface.co/mainguyen9/vietlegal-harrier-0.6b/resolve/main/config.json "HTTP/1.1 307 Temporary Redirect"
[2026-08-26 09:34:57] INFO - httpx - HTTP Request: HEAD https://huggingface.co/api/resolve-cache/models/mainguyen9/vietlegal-harrier-0.6b/91a0e1ebe4b63b4475bbae40658b8ca9231bea74/config.json "HTTP/1.1 200 OK"
[2026-08-26 09:34:57] INFO - httpx - HTTP Request: HEAD https://huggingface.co/mainguyen9/vietlegal-harrier-0.6b/resolve/main/config.json "HTTP/1.1 307 Temporary Redirect"
[2026-08-26 09:34:57] INFO - httpx - HTTP Request: HEAD https://huggingface.co/api/resolve-cache/models/mainguyen9/vietlegal-harrier-0.6b/91a0e1ebe4b63b4475bbae40658b8ca9231bea74/config.json "HTTP/1.1 200 OK"
[2026-08-26 09:34:57] INFO - httpx - HTTP Request: HEAD https://huggingface.co/mainguyen9/vietlegal-harrier-0.6b/resolve/main/processor_config.json "HTTP/1.1 404 Not Found"
[2026-08-26 09:34:58] INFO - httpx - HTTP Request: HEAD https://huggingface.co/mainguyen9/vietlegal-harrier-0.6b/resolve/main/preprocessor_config.json "HTTP/1.1 404 Not Found"
[2026-08-26 09:34:58] INFO - httpx - HTTP Request: HEAD https://huggingface.co/mainguyen9/vietlegal-harrier-0.6b/resolve/main/video_preprocessor_config.json "HTTP/1.1 404 Not Found"
[2026-08-26 09:34:58] INFO - httpx - HTTP Request: HEAD https://huggingface.co/mainguyen9/vietlegal-harrier-0.6b/resolve/main/preprocessor_config.json "HTTP/1.1 404 Not Found"
[2026-08-26 09:34:58] INFO - httpx - HTTP Request: HEAD https://huggingface.co/mainguyen9/vietlegal-harrier-0.6b/resolve/main/tokenizer_config.json "HTTP/1.1 307 Temporary Redirect"
[2026-08-26 09:34:58] INFO - httpx - HTTP Request: HEAD https://huggingface.co/api/resolve-cache/models/mainguyen9/vietlegal-harrier-0.6b/91a0e1ebe4b63b4475bbae40658b8ca9231bea74/tokenizer_config.json "HTTP/1.1 200 OK"
[2026-08-26 09:34:59] INFO - httpx - HTTP Request: HEAD https://huggingface.co/mainguyen9/vietlegal-harrier-0.6b/resolve/main/config.json "HTTP/1.1 307 Temporary Redirect"
[2026-08-26 09:34:59] INFO - httpx - HTTP Request: HEAD https://huggingface.co/api/resolve-cache/models/mainguyen9/vietlegal-harrier-0.6b/91a0e1ebe4b63b4475bbae40658b8ca9231bea74/config.json "HTTP/1.1 200 OK"
[2026-08-26 09:34:59] INFO - httpx - HTTP Request: HEAD https://huggingface.co/mainguyen9/vietlegal-harrier-0.6b/resolve/main/config.json "HTTP/1.1 307 Temporary Redirect"
[2026-08-26 09:34:59] INFO - httpx - HTTP Request: HEAD https://huggingface.co/api/resolve-cache/models/mainguyen9/vietlegal-harrier-0.6b/91a0e1ebe4b63b4475bbae40658b8ca9231bea74/config.json "HTTP/1.1 200 OK"
[2026-08-26 09:34:59] INFO - httpx - HTTP Request: HEAD https://huggingface.co/mainguyen9/vietlegal-harrier-0.6b/resolve/main/tokenizer_config.json "HTTP/1.1 307 Temporary Redirect"
[2026-08-26 09:34:59] INFO - httpx - HTTP Request: HEAD https://huggingface.co/api/resolve-cache/models/mainguyen9/vietlegal-harrier-0.6b/91a0e1ebe4b63b4475bbae40658b8ca9231bea74/tokenizer_config.json "HTTP/1.1 200 OK"
[2026-08-26 09:35:00] INFO - httpx - HTTP Request: GET https://huggingface.co/api/models/mainguyen9/vietlegal-harrier-0.6b/tree/main/additional_chat_templates?recursive=false&expand=false "HTTP/1.1 404 Not Found"
[2026-08-26 09:35:00] INFO - httpx - HTTP Request: GET https://huggingface.co/api/models/mainguyen9/vietlegal-harrier-0.6b/tree/main?recursive=true&expand=false "HTTP/1.1 200 OK"
[2026-08-26 09:35:01] INFO - httpx - HTTP Request: GET https://huggingface.co/api/models/mainguyen9/vietlegal-harrier-0.6b "HTTP/1.1 200 OK"
[2026-08-26 09:35:01] INFO - httpx - HTTP Request: HEAD https://huggingface.co/mainguyen9/vietlegal-harrier-0.6b/resolve/main/1_Pooling/config.json "HTTP/1.1 307 Temporary Redirect"
[2026-08-26 09:35:01] INFO - httpx - HTTP Request: HEAD https://huggingface.co/api/resolve-cache/models/mainguyen9/vietlegal-harrier-0.6b/91a0e1ebe4b63b4475bbae40658b8ca9231bea74/1_Pooling%2Fconfig.json "HTTP/1.1 200 OK"
[2026-08-26 09:35:01] INFO - httpx - HTTP Request: GET https://huggingface.co/api/models/mainguyen9/vietlegal-harrier-0.6b "HTTP/1.1 200 OK"
[2026-08-26 09:35:06] INFO - sentence_transformers.base.model - Loaded 1 prompt with these keys: ['query']
[2026-08-26 09:35:07] INFO - embedding - Completed embedding texts 1
[2026-08-26 09:35:07] INFO - vector_datatbase - Connecting to Qdrant via URL
[2026-08-26 09:35:07] INFO - httpx - HTTP Request: GET http://localhost:6333/collections "HTTP/1.1 200 OK"
[2026-08-26 09:35:07] INFO - vector_datatbase - Successfully connected to Qdrant
[2026-08-26 09:35:07] INFO - httpx - HTTP Request: GET http://localhost:6333/collections "HTTP/1.1 200 OK"
[2026-08-26 09:35:07] INFO - vector_datatbase - Collection 'nmk_chatbot_collection' already exists.
[2026-08-26 09:35:07] INFO - sparse_vector - Model loaded from vectorstore\bm25store\bm25store.pkl
[2026-08-26 09:35:07] INFO - httpx - HTTP Request: POST http://localhost:6333/collections/nmk_chatbot_collection/points/query "HTTP/1.1 200 OK"
[2026-08-26 09:35:07] INFO - retrieval - Successfully retrieved 7 items
[2026-08-26 09:35:07] INFO - httpx - HTTP Request: GET http://localhost:6333 "HTTP/1.1 200 OK"
[2026-08-26 09:38:21] INFO - chat_engine - [QUERY NORMALIZATION] Original: Hôm qua tôi vượt đèn đỏ thì có sao không
[2026-08-26 09:38:21] ERROR - chat_engine - Error during query normalization: 'generator' object has no attribute 'strip'
[2026-08-26 09:38:21] INFO - chat_engine - [QUERY NORMALIZATION] Normalized: Hôm qua tôi vượt đèn đỏ thì có sao không
[2026-08-26 09:38:21] INFO - embedding - Loadding embeding model. mainguyen9/vietlegal-harrier-0.6b
[2026-08-26 09:38:22] INFO - sentence_transformers.base.model - No device provided, using cuda:0
[2026-08-26 09:38:23] INFO - httpx - HTTP Request: HEAD https://huggingface.co/mainguyen9/vietlegal-harrier-0.6b/resolve/main/modules.json "HTTP/1.1 307 Temporary Redirect"
[2026-08-26 09:38:23] INFO - httpx - HTTP Request: HEAD https://huggingface.co/api/resolve-cache/models/mainguyen9/vietlegal-harrier-0.6b/91a0e1ebe4b63b4475bbae40658b8ca9231bea74/modules.json "HTTP/1.1 200 OK"
[2026-08-26 09:38:23] INFO - httpx - HTTP Request: HEAD https://huggingface.co/mainguyen9/vietlegal-harrier-0.6b/resolve/main/config_sentence_transformers.json "HTTP/1.1 307 Temporary Redirect"
[2026-08-26 09:38:23] WARNING - huggingface_hub.utils._http - Warning: You are sending unauthenticated requests to the HF Hub. Please set a HF_TOKEN to enable higher rate limits and faster downloads.
[2026-08-26 09:38:23] INFO - httpx - HTTP Request: HEAD https://huggingface.co/api/resolve-cache/models/mainguyen9/vietlegal-harrier-0.6b/91a0e1ebe4b63b4475bbae40658b8ca9231bea74/config_sentence_transformers.json "HTTP/1.1 200 OK"
[2026-08-26 09:38:23] INFO - sentence_transformers.base.model - Loading SentenceTransformer model from mainguyen9/vietlegal-harrier-0.6b.
[2026-08-26 09:38:24] INFO - httpx - HTTP Request: HEAD https://huggingface.co/mainguyen9/vietlegal-harrier-0.6b/resolve/main/config_sentence_transformers.json "HTTP/1.1 307 Temporary Redirect"
[2026-08-26 09:38:24] INFO - httpx - HTTP Request: HEAD https://huggingface.co/api/resolve-cache/models/mainguyen9/vietlegal-harrier-0.6b/91a0e1ebe4b63b4475bbae40658b8ca9231bea74/config_sentence_transformers.json "HTTP/1.1 200 OK"
[2026-08-26 09:38:24] INFO - httpx - HTTP Request: HEAD https://huggingface.co/mainguyen9/vietlegal-harrier-0.6b/resolve/main/README.md "HTTP/1.1 307 Temporary Redirect"
[2026-08-26 09:38:24] INFO - httpx - HTTP Request: HEAD https://huggingface.co/api/resolve-cache/models/mainguyen9/vietlegal-harrier-0.6b/91a0e1ebe4b63b4475bbae40658b8ca9231bea74/README.md "HTTP/1.1 200 OK"
[2026-08-26 09:38:24] INFO - httpx - HTTP Request: HEAD https://huggingface.co/mainguyen9/vietlegal-harrier-0.6b/resolve/main/modules.json "HTTP/1.1 307 Temporary Redirect"
[2026-08-26 09:38:24] INFO - httpx - HTTP Request: HEAD https://huggingface.co/api/resolve-cache/models/mainguyen9/vietlegal-harrier-0.6b/91a0e1ebe4b63b4475bbae40658b8ca9231bea74/modules.json "HTTP/1.1 200 OK"
[2026-08-26 09:38:25] INFO - httpx - HTTP Request: HEAD https://huggingface.co/mainguyen9/vietlegal-harrier-0.6b/resolve/main/sentence_bert_config.json "HTTP/1.1 307 Temporary Redirect"
[2026-08-26 09:38:25] INFO - httpx - HTTP Request: HEAD https://huggingface.co/api/resolve-cache/models/mainguyen9/vietlegal-harrier-0.6b/91a0e1ebe4b63b4475bbae40658b8ca9231bea74/sentence_bert_config.json "HTTP/1.1 200 OK"
[2026-08-26 09:38:25] INFO - httpx - HTTP Request: HEAD https://huggingface.co/mainguyen9/vietlegal-harrier-0.6b/resolve/main/adapter_config.json "HTTP/1.1 404 Not Found"
[2026-08-26 09:38:25] INFO - httpx - HTTP Request: HEAD https://huggingface.co/mainguyen9/vietlegal-harrier-0.6b/resolve/main/config.json "HTTP/1.1 307 Temporary Redirect"
[2026-08-26 09:38:25] INFO - httpx - HTTP Request: HEAD https://huggingface.co/api/resolve-cache/models/mainguyen9/vietlegal-harrier-0.6b/91a0e1ebe4b63b4475bbae40658b8ca9231bea74/config.json "HTTP/1.1 200 OK"
[2026-08-26 09:38:25] INFO - httpx - HTTP Request: HEAD https://huggingface.co/mainguyen9/vietlegal-harrier-0.6b/resolve/main/config.json "HTTP/1.1 307 Temporary Redirect"
[2026-08-26 09:38:26] INFO - httpx - HTTP Request: HEAD https://huggingface.co/api/resolve-cache/models/mainguyen9/vietlegal-harrier-0.6b/91a0e1ebe4b63b4475bbae40658b8ca9231bea74/config.json "HTTP/1.1 200 OK"
[2026-08-26 09:38:26] INFO - httpx - HTTP Request: HEAD https://huggingface.co/mainguyen9/vietlegal-harrier-0.6b/resolve/main/processor_config.json "HTTP/1.1 404 Not Found"
[2026-08-26 09:38:26] INFO - httpx - HTTP Request: HEAD https://huggingface.co/mainguyen9/vietlegal-harrier-0.6b/resolve/main/preprocessor_config.json "HTTP/1.1 404 Not Found"
[2026-08-26 09:38:27] INFO - httpx - HTTP Request: HEAD https://huggingface.co/mainguyen9/vietlegal-harrier-0.6b/resolve/main/video_preprocessor_config.json "HTTP/1.1 404 Not Found"
[2026-08-26 09:38:27] INFO - httpx - HTTP Request: HEAD https://huggingface.co/mainguyen9/vietlegal-harrier-0.6b/resolve/main/preprocessor_config.json "HTTP/1.1 404 Not Found"
[2026-08-26 09:38:27] INFO - httpx - HTTP Request: HEAD https://huggingface.co/mainguyen9/vietlegal-harrier-0.6b/resolve/main/tokenizer_config.json "HTTP/1.1 307 Temporary Redirect"
[2026-08-26 09:38:27] INFO - httpx - HTTP Request: HEAD https://huggingface.co/api/resolve-cache/models/mainguyen9/vietlegal-harrier-0.6b/91a0e1ebe4b63b4475bbae40658b8ca9231bea74/tokenizer_config.json "HTTP/1.1 200 OK"
[2026-08-26 09:38:27] INFO - httpx - HTTP Request: HEAD https://huggingface.co/mainguyen9/vietlegal-harrier-0.6b/resolve/main/config.json "HTTP/1.1 307 Temporary Redirect"
[2026-08-26 09:38:27] INFO - httpx - HTTP Request: HEAD https://huggingface.co/api/resolve-cache/models/mainguyen9/vietlegal-harrier-0.6b/91a0e1ebe4b63b4475bbae40658b8ca9231bea74/config.json "HTTP/1.1 200 OK"
[2026-08-26 09:38:28] INFO - httpx - HTTP Request: HEAD https://huggingface.co/mainguyen9/vietlegal-harrier-0.6b/resolve/main/config.json "HTTP/1.1 307 Temporary Redirect"
[2026-08-26 09:38:28] INFO - httpx - HTTP Request: HEAD https://huggingface.co/api/resolve-cache/models/mainguyen9/vietlegal-harrier-0.6b/91a0e1ebe4b63b4475bbae40658b8ca9231bea74/config.json "HTTP/1.1 200 OK"
[2026-08-26 09:38:28] INFO - httpx - HTTP Request: HEAD https://huggingface.co/mainguyen9/vietlegal-harrier-0.6b/resolve/main/tokenizer_config.json "HTTP/1.1 307 Temporary Redirect"
[2026-08-26 09:38:28] INFO - httpx - HTTP Request: HEAD https://huggingface.co/api/resolve-cache/models/mainguyen9/vietlegal-harrier-0.6b/91a0e1ebe4b63b4475bbae40658b8ca9231bea74/tokenizer_config.json "HTTP/1.1 200 OK"
[2026-08-26 09:38:28] INFO - httpx - HTTP Request: GET https://huggingface.co/api/models/mainguyen9/vietlegal-harrier-0.6b/tree/main/additional_chat_templates?recursive=false&expand=false "HTTP/1.1 404 Not Found"
[2026-08-26 09:38:29] INFO - httpx - HTTP Request: GET https://huggingface.co/api/models/mainguyen9/vietlegal-harrier-0.6b/tree/main?recursive=true&expand=false "HTTP/1.1 200 OK"
[2026-08-26 09:38:30] INFO - httpx - HTTP Request: GET https://huggingface.co/api/models/mainguyen9/vietlegal-harrier-0.6b "HTTP/1.1 200 OK"
[2026-08-26 09:38:30] INFO - httpx - HTTP Request: HEAD https://huggingface.co/mainguyen9/vietlegal-harrier-0.6b/resolve/main/1_Pooling/config.json "HTTP/1.1 307 Temporary Redirect"
[2026-08-26 09:38:30] INFO - httpx - HTTP Request: HEAD https://huggingface.co/api/resolve-cache/models/mainguyen9/vietlegal-harrier-0.6b/91a0e1ebe4b63b4475bbae40658b8ca9231bea74/1_Pooling%2Fconfig.json "HTTP/1.1 200 OK"
[2026-08-26 09:38:30] INFO - httpx - HTTP Request: GET https://huggingface.co/api/models/mainguyen9/vietlegal-harrier-0.6b "HTTP/1.1 200 OK"
[2026-08-26 09:38:33] INFO - sentence_transformers.base.model - Loaded 1 prompt with these keys: ['query']
[2026-08-26 09:38:33] INFO - embedding - Completed embedding texts 1
[2026-08-26 09:38:33] INFO - vector_datatbase - Connecting to Qdrant via URL
[2026-08-26 09:38:33] INFO - httpx - HTTP Request: GET http://localhost:6333/collections "HTTP/1.1 200 OK"
[2026-08-26 09:38:33] INFO - vector_datatbase - Successfully connected to Qdrant
[2026-08-26 09:38:33] INFO - httpx - HTTP Request: GET http://localhost:6333/collections "HTTP/1.1 200 OK"
[2026-08-26 09:38:33] INFO - vector_datatbase - Collection 'nmk_chatbot_collection' already exists.
[2026-08-26 09:38:33] INFO - sparse_vector - Model loaded from vectorstore\bm25store\bm25store.pkl
[2026-08-26 09:38:33] INFO - httpx - HTTP Request: POST http://localhost:6333/collections/nmk_chatbot_collection/points/query "HTTP/1.1 200 OK"
[2026-08-26 09:38:33] INFO - retrieval - Successfully retrieved 7 items
[2026-08-26 09:38:34] INFO - httpx - HTTP Request: GET http://localhost:6333 "HTTP/1.1 200 OK"
[2026-08-26 09:38:39] INFO - httpx - HTTP Request: POST https://ollama.com/api/chat "HTTP/1.1 200 OK"
[2026-08-26 09:47:34] INFO - chat_engine - [QUERY NORMALIZATION] Original: Hôm qua tôi vượt đèn đỏ thì có bị sao không?
[2026-08-26 09:47:34] ERROR - chat_engine - Error during query normalization: 'generator' object has no attribute 'strip'
[2026-08-26 09:47:34] INFO - chat_engine - [QUERY NORMALIZATION] Normalized: Hôm qua tôi vượt đèn đỏ thì có bị sao không?
[2026-08-26 09:47:34] INFO - embedding - Loadding embeding model. mainguyen9/vietlegal-harrier-0.6b
[2026-08-26 09:47:35] INFO - sentence_transformers.base.model - No device provided, using cuda:0
[2026-08-26 09:47:36] INFO - httpx - HTTP Request: HEAD https://huggingface.co/mainguyen9/vietlegal-harrier-0.6b/resolve/main/modules.json "HTTP/1.1 307 Temporary Redirect"
[2026-08-26 09:47:36] WARNING - huggingface_hub.utils._http - Warning: You are sending unauthenticated requests to the HF Hub. Please set a HF_TOKEN to enable higher rate limits and faster downloads.
[2026-08-26 09:47:36] INFO - httpx - HTTP Request: HEAD https://huggingface.co/api/resolve-cache/models/mainguyen9/vietlegal-harrier-0.6b/91a0e1ebe4b63b4475bbae40658b8ca9231bea74/modules.json "HTTP/1.1 200 OK"
[2026-08-26 09:47:36] INFO - httpx - HTTP Request: HEAD https://huggingface.co/mainguyen9/vietlegal-harrier-0.6b/resolve/main/config_sentence_transformers.json "HTTP/1.1 307 Temporary Redirect"
[2026-08-26 09:47:36] INFO - httpx - HTTP Request: HEAD https://huggingface.co/api/resolve-cache/models/mainguyen9/vietlegal-harrier-0.6b/91a0e1ebe4b63b4475bbae40658b8ca9231bea74/config_sentence_transformers.json "HTTP/1.1 200 OK"
[2026-08-26 09:47:36] INFO - sentence_transformers.base.model - Loading SentenceTransformer model from mainguyen9/vietlegal-harrier-0.6b.
[2026-08-26 09:47:37] INFO - httpx - HTTP Request: HEAD https://huggingface.co/mainguyen9/vietlegal-harrier-0.6b/resolve/main/config_sentence_transformers.json "HTTP/1.1 307 Temporary Redirect"
[2026-08-26 09:47:37] INFO - httpx - HTTP Request: HEAD https://huggingface.co/api/resolve-cache/models/mainguyen9/vietlegal-harrier-0.6b/91a0e1ebe4b63b4475bbae40658b8ca9231bea74/config_sentence_transformers.json "HTTP/1.1 200 OK"
[2026-08-26 09:47:37] INFO - httpx - HTTP Request: HEAD https://huggingface.co/mainguyen9/vietlegal-harrier-0.6b/resolve/main/README.md "HTTP/1.1 307 Temporary Redirect"
[2026-08-26 09:47:37] INFO - httpx - HTTP Request: HEAD https://huggingface.co/api/resolve-cache/models/mainguyen9/vietlegal-harrier-0.6b/91a0e1ebe4b63b4475bbae40658b8ca9231bea74/README.md "HTTP/1.1 200 OK"
[2026-08-26 09:47:37] INFO - httpx - HTTP Request: HEAD https://huggingface.co/mainguyen9/vietlegal-harrier-0.6b/resolve/main/modules.json "HTTP/1.1 307 Temporary Redirect"
[2026-08-26 09:47:37] INFO - httpx - HTTP Request: HEAD https://huggingface.co/api/resolve-cache/models/mainguyen9/vietlegal-harrier-0.6b/91a0e1ebe4b63b4475bbae40658b8ca9231bea74/modules.json "HTTP/1.1 200 OK"
[2026-08-26 09:47:37] INFO - httpx - HTTP Request: HEAD https://huggingface.co/mainguyen9/vietlegal-harrier-0.6b/resolve/main/sentence_bert_config.json "HTTP/1.1 307 Temporary Redirect"
[2026-08-26 09:47:37] INFO - httpx - HTTP Request: HEAD https://huggingface.co/api/resolve-cache/models/mainguyen9/vietlegal-harrier-0.6b/91a0e1ebe4b63b4475bbae40658b8ca9231bea74/sentence_bert_config.json "HTTP/1.1 200 OK"
[2026-08-26 09:47:38] INFO - httpx - HTTP Request: HEAD https://huggingface.co/mainguyen9/vietlegal-harrier-0.6b/resolve/main/adapter_config.json "HTTP/1.1 404 Not Found"
[2026-08-26 09:47:38] INFO - httpx - HTTP Request: HEAD https://huggingface.co/mainguyen9/vietlegal-harrier-0.6b/resolve/main/config.json "HTTP/1.1 307 Temporary Redirect"
[2026-08-26 09:47:38] INFO - httpx - HTTP Request: HEAD https://huggingface.co/api/resolve-cache/models/mainguyen9/vietlegal-harrier-0.6b/91a0e1ebe4b63b4475bbae40658b8ca9231bea74/config.json "HTTP/1.1 200 OK"
[2026-08-26 09:47:38] INFO - httpx - HTTP Request: HEAD https://huggingface.co/mainguyen9/vietlegal-harrier-0.6b/resolve/main/config.json "HTTP/1.1 307 Temporary Redirect"
[2026-08-26 09:47:38] INFO - httpx - HTTP Request: HEAD https://huggingface.co/api/resolve-cache/models/mainguyen9/vietlegal-harrier-0.6b/91a0e1ebe4b63b4475bbae40658b8ca9231bea74/config.json "HTTP/1.1 200 OK"
[2026-08-26 09:47:39] INFO - httpx - HTTP Request: HEAD https://huggingface.co/mainguyen9/vietlegal-harrier-0.6b/resolve/main/processor_config.json "HTTP/1.1 404 Not Found"
[2026-08-26 09:47:39] INFO - httpx - HTTP Request: HEAD https://huggingface.co/mainguyen9/vietlegal-harrier-0.6b/resolve/main/preprocessor_config.json "HTTP/1.1 404 Not Found"
[2026-08-26 09:47:39] INFO - httpx - HTTP Request: HEAD https://huggingface.co/mainguyen9/vietlegal-harrier-0.6b/resolve/main/video_preprocessor_config.json "HTTP/1.1 404 Not Found"
[2026-08-26 09:47:40] INFO - httpx - HTTP Request: HEAD https://huggingface.co/mainguyen9/vietlegal-harrier-0.6b/resolve/main/preprocessor_config.json "HTTP/1.1 404 Not Found"
[2026-08-26 09:47:40] INFO - httpx - HTTP Request: HEAD https://huggingface.co/mainguyen9/vietlegal-harrier-0.6b/resolve/main/tokenizer_config.json "HTTP/1.1 307 Temporary Redirect"
[2026-08-26 09:47:40] INFO - httpx - HTTP Request: HEAD https://huggingface.co/api/resolve-cache/models/mainguyen9/vietlegal-harrier-0.6b/91a0e1ebe4b63b4475bbae40658b8ca9231bea74/tokenizer_config.json "HTTP/1.1 200 OK"
[2026-08-26 09:47:40] INFO - httpx - HTTP Request: HEAD https://huggingface.co/mainguyen9/vietlegal-harrier-0.6b/resolve/main/config.json "HTTP/1.1 307 Temporary Redirect"
[2026-08-26 09:47:40] INFO - httpx - HTTP Request: HEAD https://huggingface.co/api/resolve-cache/models/mainguyen9/vietlegal-harrier-0.6b/91a0e1ebe4b63b4475bbae40658b8ca9231bea74/config.json "HTTP/1.1 200 OK"
[2026-08-26 09:47:40] INFO - httpx - HTTP Request: HEAD https://huggingface.co/mainguyen9/vietlegal-harrier-0.6b/resolve/main/config.json "HTTP/1.1 307 Temporary Redirect"
[2026-08-26 09:47:41] INFO - httpx - HTTP Request: HEAD https://huggingface.co/api/resolve-cache/models/mainguyen9/vietlegal-harrier-0.6b/91a0e1ebe4b63b4475bbae40658b8ca9231bea74/config.json "HTTP/1.1 200 OK"
[2026-08-26 09:47:41] INFO - httpx - HTTP Request: HEAD https://huggingface.co/mainguyen9/vietlegal-harrier-0.6b/resolve/main/tokenizer_config.json "HTTP/1.1 307 Temporary Redirect"
[2026-08-26 09:47:41] INFO - httpx - HTTP Request: HEAD https://huggingface.co/api/resolve-cache/models/mainguyen9/vietlegal-harrier-0.6b/91a0e1ebe4b63b4475bbae40658b8ca9231bea74/tokenizer_config.json "HTTP/1.1 200 OK"
[2026-08-26 09:47:41] INFO - httpx - HTTP Request: GET https://huggingface.co/api/models/mainguyen9/vietlegal-harrier-0.6b/tree/main/additional_chat_templates?recursive=false&expand=false "HTTP/1.1 404 Not Found"
[2026-08-26 09:47:41] INFO - httpx - HTTP Request: GET https://huggingface.co/api/models/mainguyen9/vietlegal-harrier-0.6b/tree/main?recursive=true&expand=false "HTTP/1.1 200 OK"
[2026-08-26 09:47:42] INFO - httpx - HTTP Request: GET https://huggingface.co/api/models/mainguyen9/vietlegal-harrier-0.6b "HTTP/1.1 200 OK"
[2026-08-26 09:47:43] INFO - httpx - HTTP Request: HEAD https://huggingface.co/mainguyen9/vietlegal-harrier-0.6b/resolve/main/1_Pooling/config.json "HTTP/1.1 307 Temporary Redirect"
[2026-08-26 09:47:43] INFO - httpx - HTTP Request: HEAD https://huggingface.co/api/resolve-cache/models/mainguyen9/vietlegal-harrier-0.6b/91a0e1ebe4b63b4475bbae40658b8ca9231bea74/1_Pooling%2Fconfig.json "HTTP/1.1 200 OK"
[2026-08-26 09:47:43] INFO - httpx - HTTP Request: GET https://huggingface.co/api/models/mainguyen9/vietlegal-harrier-0.6b "HTTP/1.1 200 OK"
[2026-08-26 09:47:46] INFO - sentence_transformers.base.model - Loaded 1 prompt with these keys: ['query']
[2026-08-26 09:47:47] INFO - embedding - Completed embedding texts 1
[2026-08-26 09:47:47] INFO - vector_datatbase - Connecting to Qdrant via URL
[2026-08-26 09:47:47] INFO - httpx - HTTP Request: GET http://localhost:6333/collections "HTTP/1.1 200 OK"
[2026-08-26 09:47:47] INFO - vector_datatbase - Successfully connected to Qdrant
[2026-08-26 09:47:47] INFO - httpx - HTTP Request: GET http://localhost:6333/collections "HTTP/1.1 200 OK"
[2026-08-26 09:47:47] INFO - vector_datatbase - Collection 'nmk_chatbot_collection' already exists.
[2026-08-26 09:47:47] INFO - sparse_vector - Model loaded from vectorstore\bm25store\bm25store.pkl
[2026-08-26 09:47:47] INFO - httpx - HTTP Request: POST http://localhost:6333/collections/nmk_chatbot_collection/points/query "HTTP/1.1 200 OK"
[2026-08-26 09:47:47] INFO - retrieval - Successfully retrieved 7 items
[2026-08-26 09:47:47] INFO - httpx - HTTP Request: GET http://localhost:6333 "HTTP/1.1 200 OK"
[2026-08-26 09:47:48] INFO - httpx - HTTP Request: POST https://ollama.com/api/chat "HTTP/1.1 200 OK"
[2026-08-26 09:57:31] INFO - chat_engine - [QUERY NORMALIZATION] Original: Hôm qua tôi vượt đèn đỏ thì có bị sao không?
[2026-08-26 09:57:31] ERROR - chat_engine - Error during query normalization: LLMModel.generate_with_tools() got an unexpected keyword argument 'stream'
[2026-08-26 09:57:31] INFO - chat_engine - [QUERY NORMALIZATION] Normalized: Hôm qua tôi vượt đèn đỏ thì có bị sao không?
[2026-08-26 09:57:31] INFO - embedding - Loadding embeding model. mainguyen9/vietlegal-harrier-0.6b
[2026-08-26 09:57:32] INFO - sentence_transformers.base.model - No device provided, using cuda:0
[2026-08-26 09:57:32] INFO - httpx - HTTP Request: HEAD https://huggingface.co/mainguyen9/vietlegal-harrier-0.6b/resolve/main/modules.json "HTTP/1.1 307 Temporary Redirect"
[2026-08-26 09:57:32] WARNING - huggingface_hub.utils._http - Warning: You are sending unauthenticated requests to the HF Hub. Please set a HF_TOKEN to enable higher rate limits and faster downloads.
[2026-08-26 09:57:32] INFO - httpx - HTTP Request: HEAD https://huggingface.co/api/resolve-cache/models/mainguyen9/vietlegal-harrier-0.6b/91a0e1ebe4b63b4475bbae40658b8ca9231bea74/modules.json "HTTP/1.1 200 OK"
[2026-08-26 09:57:33] INFO - httpx - HTTP Request: HEAD https://huggingface.co/mainguyen9/vietlegal-harrier-0.6b/resolve/main/config_sentence_transformers.json "HTTP/1.1 307 Temporary Redirect"
[2026-08-26 09:57:33] INFO - httpx - HTTP Request: HEAD https://huggingface.co/api/resolve-cache/models/mainguyen9/vietlegal-harrier-0.6b/91a0e1ebe4b63b4475bbae40658b8ca9231bea74/config_sentence_transformers.json "HTTP/1.1 200 OK"
[2026-08-26 09:57:33] INFO - sentence_transformers.base.model - Loading SentenceTransformer model from mainguyen9/vietlegal-harrier-0.6b.
[2026-08-26 09:57:33] INFO - httpx - HTTP Request: HEAD https://huggingface.co/mainguyen9/vietlegal-harrier-0.6b/resolve/main/config_sentence_transformers.json "HTTP/1.1 307 Temporary Redirect"
[2026-08-26 09:57:33] INFO - httpx - HTTP Request: HEAD https://huggingface.co/api/resolve-cache/models/mainguyen9/vietlegal-harrier-0.6b/91a0e1ebe4b63b4475bbae40658b8ca9231bea74/config_sentence_transformers.json "HTTP/1.1 200 OK"
[2026-08-26 09:57:33] INFO - httpx - HTTP Request: HEAD https://huggingface.co/mainguyen9/vietlegal-harrier-0.6b/resolve/main/README.md "HTTP/1.1 307 Temporary Redirect"
[2026-08-26 09:57:33] INFO - httpx - HTTP Request: HEAD https://huggingface.co/api/resolve-cache/models/mainguyen9/vietlegal-harrier-0.6b/91a0e1ebe4b63b4475bbae40658b8ca9231bea74/README.md "HTTP/1.1 200 OK"
[2026-08-26 09:57:34] INFO - httpx - HTTP Request: HEAD https://huggingface.co/mainguyen9/vietlegal-harrier-0.6b/resolve/main/modules.json "HTTP/1.1 307 Temporary Redirect"
[2026-08-26 09:57:34] INFO - httpx - HTTP Request: HEAD https://huggingface.co/api/resolve-cache/models/mainguyen9/vietlegal-harrier-0.6b/91a0e1ebe4b63b4475bbae40658b8ca9231bea74/modules.json "HTTP/1.1 200 OK"
[2026-08-26 09:57:34] INFO - httpx - HTTP Request: HEAD https://huggingface.co/mainguyen9/vietlegal-harrier-0.6b/resolve/main/sentence_bert_config.json "HTTP/1.1 307 Temporary Redirect"
[2026-08-26 09:57:34] INFO - httpx - HTTP Request: HEAD https://huggingface.co/api/resolve-cache/models/mainguyen9/vietlegal-harrier-0.6b/91a0e1ebe4b63b4475bbae40658b8ca9231bea74/sentence_bert_config.json "HTTP/1.1 200 OK"
[2026-08-26 09:57:34] INFO - httpx - HTTP Request: HEAD https://huggingface.co/mainguyen9/vietlegal-harrier-0.6b/resolve/main/adapter_config.json "HTTP/1.1 404 Not Found"
[2026-08-26 09:57:34] INFO - httpx - HTTP Request: HEAD https://huggingface.co/mainguyen9/vietlegal-harrier-0.6b/resolve/main/config.json "HTTP/1.1 307 Temporary Redirect"
[2026-08-26 09:57:34] INFO - httpx - HTTP Request: HEAD https://huggingface.co/api/resolve-cache/models/mainguyen9/vietlegal-harrier-0.6b/91a0e1ebe4b63b4475bbae40658b8ca9231bea74/config.json "HTTP/1.1 200 OK"
[2026-08-26 09:57:35] INFO - httpx - HTTP Request: HEAD https://huggingface.co/mainguyen9/vietlegal-harrier-0.6b/resolve/main/config.json "HTTP/1.1 307 Temporary Redirect"
[2026-08-26 09:57:35] INFO - httpx - HTTP Request: HEAD https://huggingface.co/api/resolve-cache/models/mainguyen9/vietlegal-harrier-0.6b/91a0e1ebe4b63b4475bbae40658b8ca9231bea74/config.json "HTTP/1.1 200 OK"
[2026-08-26 09:57:35] INFO - httpx - HTTP Request: HEAD https://huggingface.co/mainguyen9/vietlegal-harrier-0.6b/resolve/main/processor_config.json "HTTP/1.1 404 Not Found"
[2026-08-26 09:57:35] INFO - httpx - HTTP Request: HEAD https://huggingface.co/mainguyen9/vietlegal-harrier-0.6b/resolve/main/preprocessor_config.json "HTTP/1.1 404 Not Found"
[2026-08-26 09:57:36] INFO - httpx - HTTP Request: HEAD https://huggingface.co/mainguyen9/vietlegal-harrier-0.6b/resolve/main/video_preprocessor_config.json "HTTP/1.1 404 Not Found"
[2026-08-26 09:57:36] INFO - httpx - HTTP Request: HEAD https://huggingface.co/mainguyen9/vietlegal-harrier-0.6b/resolve/main/preprocessor_config.json "HTTP/1.1 404 Not Found"
[2026-08-26 09:57:36] INFO - httpx - HTTP Request: HEAD https://huggingface.co/mainguyen9/vietlegal-harrier-0.6b/resolve/main/tokenizer_config.json "HTTP/1.1 307 Temporary Redirect"
[2026-08-26 09:57:36] INFO - httpx - HTTP Request: HEAD https://huggingface.co/api/resolve-cache/models/mainguyen9/vietlegal-harrier-0.6b/91a0e1ebe4b63b4475bbae40658b8ca9231bea74/tokenizer_config.json "HTTP/1.1 200 OK"
[2026-08-26 09:57:37] INFO - httpx - HTTP Request: HEAD https://huggingface.co/mainguyen9/vietlegal-harrier-0.6b/resolve/main/config.json "HTTP/1.1 307 Temporary Redirect"
[2026-08-26 09:57:37] INFO - httpx - HTTP Request: HEAD https://huggingface.co/api/resolve-cache/models/mainguyen9/vietlegal-harrier-0.6b/91a0e1ebe4b63b4475bbae40658b8ca9231bea74/config.json "HTTP/1.1 200 OK"
[2026-08-26 09:57:37] INFO - httpx - HTTP Request: HEAD https://huggingface.co/mainguyen9/vietlegal-harrier-0.6b/resolve/main/config.json "HTTP/1.1 307 Temporary Redirect"
[2026-08-26 09:57:37] INFO - httpx - HTTP Request: HEAD https://huggingface.co/api/resolve-cache/models/mainguyen9/vietlegal-harrier-0.6b/91a0e1ebe4b63b4475bbae40658b8ca9231bea74/config.json "HTTP/1.1 200 OK"
[2026-08-26 09:57:37] INFO - httpx - HTTP Request: HEAD https://huggingface.co/mainguyen9/vietlegal-harrier-0.6b/resolve/main/tokenizer_config.json "HTTP/1.1 307 Temporary Redirect"
[2026-08-26 09:57:37] INFO - httpx - HTTP Request: HEAD https://huggingface.co/api/resolve-cache/models/mainguyen9/vietlegal-harrier-0.6b/91a0e1ebe4b63b4475bbae40658b8ca9231bea74/tokenizer_config.json "HTTP/1.1 200 OK"
[2026-08-26 09:57:38] INFO - httpx - HTTP Request: GET https://huggingface.co/api/models/mainguyen9/vietlegal-harrier-0.6b/tree/main/additional_chat_templates?recursive=false&expand=false "HTTP/1.1 404 Not Found"
[2026-08-26 09:57:38] INFO - httpx - HTTP Request: GET https://huggingface.co/api/models/mainguyen9/vietlegal-harrier-0.6b/tree/main?recursive=true&expand=false "HTTP/1.1 200 OK"
[2026-08-26 09:57:39] INFO - httpx - HTTP Request: GET https://huggingface.co/api/models/mainguyen9/vietlegal-harrier-0.6b "HTTP/1.1 200 OK"
[2026-08-26 09:57:39] INFO - httpx - HTTP Request: HEAD https://huggingface.co/mainguyen9/vietlegal-harrier-0.6b/resolve/main/1_Pooling/config.json "HTTP/1.1 307 Temporary Redirect"
[2026-08-26 09:57:39] INFO - httpx - HTTP Request: HEAD https://huggingface.co/api/resolve-cache/models/mainguyen9/vietlegal-harrier-0.6b/91a0e1ebe4b63b4475bbae40658b8ca9231bea74/1_Pooling%2Fconfig.json "HTTP/1.1 200 OK"
[2026-08-26 09:57:39] INFO - httpx - HTTP Request: GET https://huggingface.co/api/models/mainguyen9/vietlegal-harrier-0.6b "HTTP/1.1 200 OK"
[2026-08-26 09:57:44] INFO - sentence_transformers.base.model - Loaded 1 prompt with these keys: ['query']
[2026-08-26 09:57:44] INFO - embedding - Completed embedding texts 1
[2026-08-26 09:57:44] INFO - vector_datatbase - Connecting to Qdrant via URL
[2026-08-26 09:57:44] INFO - httpx - HTTP Request: GET http://localhost:6333/collections "HTTP/1.1 200 OK"
[2026-08-26 09:57:44] INFO - vector_datatbase - Successfully connected to Qdrant
[2026-08-26 09:57:44] INFO - httpx - HTTP Request: GET http://localhost:6333/collections "HTTP/1.1 200 OK"
[2026-08-26 09:57:44] INFO - vector_datatbase - Collection 'nmk_chatbot_collection' already exists.
[2026-08-26 09:57:44] INFO - sparse_vector - Model loaded from vectorstore\bm25store\bm25store.pkl
[2026-08-26 09:57:45] INFO - httpx - HTTP Request: POST http://localhost:6333/collections/nmk_chatbot_collection/points/query "HTTP/1.1 200 OK"
[2026-08-26 09:57:45] INFO - retrieval - Successfully retrieved 7 items
[2026-08-26 09:57:45] INFO - httpx - HTTP Request: GET http://localhost:6333 "HTTP/1.1 200 OK"
[2026-08-26 09:57:46] INFO - httpx - HTTP Request: POST https://ollama.com/api/chat "HTTP/1.1 200 OK"
[2026-08-26 10:03:25] INFO - chat_engine - [QUERY NORMALIZATION] Original: Hôm qua tôi đi xe máy nhưng vượt đèn đỏ thì có sao không?
[2026-08-26 10:03:25] ERROR - chat_engine - Error during query normalization: LLMModel.generate_with_tools() got an unexpected keyword argument 'stream'
[2026-08-26 10:03:25] INFO - chat_engine - [QUERY NORMALIZATION] Normalized: Hôm qua tôi đi xe máy nhưng vượt đèn đỏ thì có sao không?
[2026-08-26 10:03:25] INFO - embedding - Loadding embeding model. mainguyen9/vietlegal-harrier-0.6b
[2026-08-26 10:03:26] INFO - sentence_transformers.base.model - No device provided, using cuda:0
[2026-08-26 10:03:27] INFO - httpx - HTTP Request: HEAD https://huggingface.co/mainguyen9/vietlegal-harrier-0.6b/resolve/main/modules.json "HTTP/1.1 307 Temporary Redirect"
[2026-08-26 10:03:27] WARNING - huggingface_hub.utils._http - Warning: You are sending unauthenticated requests to the HF Hub. Please set a HF_TOKEN to enable higher rate limits and faster downloads.
[2026-08-26 10:03:27] INFO - httpx - HTTP Request: HEAD https://huggingface.co/api/resolve-cache/models/mainguyen9/vietlegal-harrier-0.6b/91a0e1ebe4b63b4475bbae40658b8ca9231bea74/modules.json "HTTP/1.1 200 OK"
[2026-08-26 10:03:27] INFO - httpx - HTTP Request: HEAD https://huggingface.co/mainguyen9/vietlegal-harrier-0.6b/resolve/main/config_sentence_transformers.json "HTTP/1.1 307 Temporary Redirect"
[2026-08-26 10:03:27] INFO - httpx - HTTP Request: HEAD https://huggingface.co/api/resolve-cache/models/mainguyen9/vietlegal-harrier-0.6b/91a0e1ebe4b63b4475bbae40658b8ca9231bea74/config_sentence_transformers.json "HTTP/1.1 200 OK"
[2026-08-26 10:03:27] INFO - sentence_transformers.base.model - Loading SentenceTransformer model from mainguyen9/vietlegal-harrier-0.6b.
[2026-08-26 10:03:28] INFO - httpx - HTTP Request: HEAD https://huggingface.co/mainguyen9/vietlegal-harrier-0.6b/resolve/main/config_sentence_transformers.json "HTTP/1.1 307 Temporary Redirect"
[2026-08-26 10:03:28] INFO - httpx - HTTP Request: HEAD https://huggingface.co/api/resolve-cache/models/mainguyen9/vietlegal-harrier-0.6b/91a0e1ebe4b63b4475bbae40658b8ca9231bea74/config_sentence_transformers.json "HTTP/1.1 200 OK"
[2026-08-26 10:03:28] INFO - httpx - HTTP Request: HEAD https://huggingface.co/mainguyen9/vietlegal-harrier-0.6b/resolve/main/README.md "HTTP/1.1 307 Temporary Redirect"
[2026-08-26 10:03:28] INFO - httpx - HTTP Request: HEAD https://huggingface.co/api/resolve-cache/models/mainguyen9/vietlegal-harrier-0.6b/91a0e1ebe4b63b4475bbae40658b8ca9231bea74/README.md "HTTP/1.1 200 OK"
[2026-08-26 10:03:28] INFO - httpx - HTTP Request: HEAD https://huggingface.co/mainguyen9/vietlegal-harrier-0.6b/resolve/main/modules.json "HTTP/1.1 307 Temporary Redirect"
[2026-08-26 10:03:28] INFO - httpx - HTTP Request: HEAD https://huggingface.co/api/resolve-cache/models/mainguyen9/vietlegal-harrier-0.6b/91a0e1ebe4b63b4475bbae40658b8ca9231bea74/modules.json "HTTP/1.1 200 OK"
[2026-08-26 10:03:28] INFO - httpx - HTTP Request: HEAD https://huggingface.co/mainguyen9/vietlegal-harrier-0.6b/resolve/main/sentence_bert_config.json "HTTP/1.1 307 Temporary Redirect"
[2026-08-26 10:03:29] INFO - httpx - HTTP Request: HEAD https://huggingface.co/api/resolve-cache/models/mainguyen9/vietlegal-harrier-0.6b/91a0e1ebe4b63b4475bbae40658b8ca9231bea74/sentence_bert_config.json "HTTP/1.1 200 OK"
[2026-08-26 10:03:29] INFO - httpx - HTTP Request: HEAD https://huggingface.co/mainguyen9/vietlegal-harrier-0.6b/resolve/main/adapter_config.json "HTTP/1.1 404 Not Found"
[2026-08-26 10:03:29] INFO - httpx - HTTP Request: HEAD https://huggingface.co/mainguyen9/vietlegal-harrier-0.6b/resolve/main/config.json "HTTP/1.1 307 Temporary Redirect"
[2026-08-26 10:03:29] INFO - httpx - HTTP Request: HEAD https://huggingface.co/api/resolve-cache/models/mainguyen9/vietlegal-harrier-0.6b/91a0e1ebe4b63b4475bbae40658b8ca9231bea74/config.json "HTTP/1.1 200 OK"
[2026-08-26 10:03:29] INFO - httpx - HTTP Request: HEAD https://huggingface.co/mainguyen9/vietlegal-harrier-0.6b/resolve/main/config.json "HTTP/1.1 307 Temporary Redirect"
[2026-08-26 10:03:29] INFO - httpx - HTTP Request: HEAD https://huggingface.co/api/resolve-cache/models/mainguyen9/vietlegal-harrier-0.6b/91a0e1ebe4b63b4475bbae40658b8ca9231bea74/config.json "HTTP/1.1 200 OK"
[2026-08-26 10:03:30] INFO - httpx - HTTP Request: HEAD https://huggingface.co/mainguyen9/vietlegal-harrier-0.6b/resolve/main/processor_config.json "HTTP/1.1 404 Not Found"
[2026-08-26 10:03:30] INFO - httpx - HTTP Request: HEAD https://huggingface.co/mainguyen9/vietlegal-harrier-0.6b/resolve/main/preprocessor_config.json "HTTP/1.1 404 Not Found"
[2026-08-26 10:03:30] INFO - httpx - HTTP Request: HEAD https://huggingface.co/mainguyen9/vietlegal-harrier-0.6b/resolve/main/video_preprocessor_config.json "HTTP/1.1 404 Not Found"
[2026-08-26 10:03:31] INFO - httpx - HTTP Request: HEAD https://huggingface.co/mainguyen9/vietlegal-harrier-0.6b/resolve/main/preprocessor_config.json "HTTP/1.1 404 Not Found"
[2026-08-26 10:03:31] INFO - httpx - HTTP Request: HEAD https://huggingface.co/mainguyen9/vietlegal-harrier-0.6b/resolve/main/tokenizer_config.json "HTTP/1.1 307 Temporary Redirect"
[2026-08-26 10:03:31] INFO - httpx - HTTP Request: HEAD https://huggingface.co/api/resolve-cache/models/mainguyen9/vietlegal-harrier-0.6b/91a0e1ebe4b63b4475bbae40658b8ca9231bea74/tokenizer_config.json "HTTP/1.1 200 OK"
[2026-08-26 10:03:31] INFO - httpx - HTTP Request: HEAD https://huggingface.co/mainguyen9/vietlegal-harrier-0.6b/resolve/main/config.json "HTTP/1.1 307 Temporary Redirect"
[2026-08-26 10:03:31] INFO - httpx - HTTP Request: HEAD https://huggingface.co/api/resolve-cache/models/mainguyen9/vietlegal-harrier-0.6b/91a0e1ebe4b63b4475bbae40658b8ca9231bea74/config.json "HTTP/1.1 200 OK"
[2026-08-26 10:03:31] INFO - httpx - HTTP Request: HEAD https://huggingface.co/mainguyen9/vietlegal-harrier-0.6b/resolve/main/config.json "HTTP/1.1 307 Temporary Redirect"
[2026-08-26 10:03:32] INFO - httpx - HTTP Request: HEAD https://huggingface.co/api/resolve-cache/models/mainguyen9/vietlegal-harrier-0.6b/91a0e1ebe4b63b4475bbae40658b8ca9231bea74/config.json "HTTP/1.1 200 OK"
[2026-08-26 10:03:32] INFO - httpx - HTTP Request: HEAD https://huggingface.co/mainguyen9/vietlegal-harrier-0.6b/resolve/main/tokenizer_config.json "HTTP/1.1 307 Temporary Redirect"
[2026-08-26 10:03:32] INFO - httpx - HTTP Request: HEAD https://huggingface.co/api/resolve-cache/models/mainguyen9/vietlegal-harrier-0.6b/91a0e1ebe4b63b4475bbae40658b8ca9231bea74/tokenizer_config.json "HTTP/1.1 200 OK"
[2026-08-26 10:03:32] INFO - httpx - HTTP Request: GET https://huggingface.co/api/models/mainguyen9/vietlegal-harrier-0.6b/tree/main/additional_chat_templates?recursive=false&expand=false "HTTP/1.1 404 Not Found"
[2026-08-26 10:03:32] INFO - httpx - HTTP Request: GET https://huggingface.co/api/models/mainguyen9/vietlegal-harrier-0.6b/tree/main?recursive=true&expand=false "HTTP/1.1 200 OK"
[2026-08-26 10:03:34] INFO - httpx - HTTP Request: GET https://huggingface.co/api/models/mainguyen9/vietlegal-harrier-0.6b "HTTP/1.1 200 OK"
[2026-08-26 10:03:34] INFO - httpx - HTTP Request: HEAD https://huggingface.co/mainguyen9/vietlegal-harrier-0.6b/resolve/main/1_Pooling/config.json "HTTP/1.1 307 Temporary Redirect"
[2026-08-26 10:03:34] INFO - httpx - HTTP Request: HEAD https://huggingface.co/api/resolve-cache/models/mainguyen9/vietlegal-harrier-0.6b/91a0e1ebe4b63b4475bbae40658b8ca9231bea74/1_Pooling%2Fconfig.json "HTTP/1.1 200 OK"
[2026-08-26 10:03:34] INFO - httpx - HTTP Request: GET https://huggingface.co/api/models/mainguyen9/vietlegal-harrier-0.6b "HTTP/1.1 200 OK"
[2026-08-26 10:03:37] INFO - sentence_transformers.base.model - Loaded 1 prompt with these keys: ['query']
[2026-08-26 10:03:37] INFO - embedding - Completed embedding texts 1
[2026-08-26 10:03:37] INFO - vector_datatbase - Connecting to Qdrant via URL
[2026-08-26 10:03:37] INFO - httpx - HTTP Request: GET http://localhost:6333/collections "HTTP/1.1 200 OK"
[2026-08-26 10:03:37] INFO - vector_datatbase - Successfully connected to Qdrant
[2026-08-26 10:03:37] INFO - httpx - HTTP Request: GET http://localhost:6333/collections "HTTP/1.1 200 OK"
[2026-08-26 10:03:37] INFO - vector_datatbase - Collection 'nmk_chatbot_collection' already exists.
[2026-08-26 10:03:37] INFO - sparse_vector - Model loaded from vectorstore\bm25store\bm25store.pkl
[2026-08-26 10:03:37] INFO - httpx - HTTP Request: POST http://localhost:6333/collections/nmk_chatbot_collection/points/query "HTTP/1.1 200 OK"
[2026-08-26 10:03:37] INFO - retrieval - Successfully retrieved 7 items
[2026-08-26 10:03:38] INFO - httpx - HTTP Request: GET http://localhost:6333 "HTTP/1.1 200 OK"
[2026-08-26 10:03:38] INFO - httpx - HTTP Request: POST https://ollama.com/api/chat "HTTP/1.1 200 OK"
[2026-08-26 10:07:59] INFO - chat_engine - [QUERY NORMALIZATION] Original: Hôm qua tôi vượt đèn đỏ thì có sao không?
[2026-08-26 10:07:59] ERROR - chat_engine - Error during query normalization: LLMModel.generate_with_tools() got an unexpected keyword argument 'stream'
[2026-08-26 10:07:59] INFO - chat_engine - [QUERY NORMALIZATION] Normalized: Hôm qua tôi vượt đèn đỏ thì có sao không?
[2026-08-26 10:07:59] INFO - embedding - Loadding embeding model. mainguyen9/vietlegal-harrier-0.6b
[2026-08-26 10:08:00] INFO - sentence_transformers.base.model - No device provided, using cuda:0
[2026-08-26 10:08:01] INFO - httpx - HTTP Request: HEAD https://huggingface.co/mainguyen9/vietlegal-harrier-0.6b/resolve/main/modules.json "HTTP/1.1 307 Temporary Redirect"
[2026-08-26 10:08:01] WARNING - huggingface_hub.utils._http - Warning: You are sending unauthenticated requests to the HF Hub. Please set a HF_TOKEN to enable higher rate limits and faster downloads.
[2026-08-26 10:08:01] INFO - httpx - HTTP Request: HEAD https://huggingface.co/api/resolve-cache/models/mainguyen9/vietlegal-harrier-0.6b/91a0e1ebe4b63b4475bbae40658b8ca9231bea74/modules.json "HTTP/1.1 200 OK"
[2026-08-26 10:08:02] INFO - httpx - HTTP Request: HEAD https://huggingface.co/mainguyen9/vietlegal-harrier-0.6b/resolve/main/config_sentence_transformers.json "HTTP/1.1 307 Temporary Redirect"
[2026-08-26 10:08:02] INFO - httpx - HTTP Request: HEAD https://huggingface.co/api/resolve-cache/models/mainguyen9/vietlegal-harrier-0.6b/91a0e1ebe4b63b4475bbae40658b8ca9231bea74/config_sentence_transformers.json "HTTP/1.1 200 OK"
[2026-08-26 10:08:02] INFO - sentence_transformers.base.model - Loading SentenceTransformer model from mainguyen9/vietlegal-harrier-0.6b.
[2026-08-26 10:08:02] INFO - httpx - HTTP Request: HEAD https://huggingface.co/mainguyen9/vietlegal-harrier-0.6b/resolve/main/config_sentence_transformers.json "HTTP/1.1 307 Temporary Redirect"
[2026-08-26 10:08:02] INFO - httpx - HTTP Request: HEAD https://huggingface.co/api/resolve-cache/models/mainguyen9/vietlegal-harrier-0.6b/91a0e1ebe4b63b4475bbae40658b8ca9231bea74/config_sentence_transformers.json "HTTP/1.1 200 OK"
[2026-08-26 10:08:02] INFO - httpx - HTTP Request: HEAD https://huggingface.co/mainguyen9/vietlegal-harrier-0.6b/resolve/main/README.md "HTTP/1.1 307 Temporary Redirect"
[2026-08-26 10:08:02] INFO - httpx - HTTP Request: HEAD https://huggingface.co/api/resolve-cache/models/mainguyen9/vietlegal-harrier-0.6b/91a0e1ebe4b63b4475bbae40658b8ca9231bea74/README.md "HTTP/1.1 200 OK"
[2026-08-26 10:08:03] INFO - httpx - HTTP Request: HEAD https://huggingface.co/mainguyen9/vietlegal-harrier-0.6b/resolve/main/modules.json "HTTP/1.1 307 Temporary Redirect"
[2026-08-26 10:08:03] INFO - httpx - HTTP Request: HEAD https://huggingface.co/api/resolve-cache/models/mainguyen9/vietlegal-harrier-0.6b/91a0e1ebe4b63b4475bbae40658b8ca9231bea74/modules.json "HTTP/1.1 200 OK"
[2026-08-26 10:08:03] INFO - httpx - HTTP Request: HEAD https://huggingface.co/mainguyen9/vietlegal-harrier-0.6b/resolve/main/sentence_bert_config.json "HTTP/1.1 307 Temporary Redirect"
[2026-08-26 10:08:03] INFO - httpx - HTTP Request: HEAD https://huggingface.co/api/resolve-cache/models/mainguyen9/vietlegal-harrier-0.6b/91a0e1ebe4b63b4475bbae40658b8ca9231bea74/sentence_bert_config.json "HTTP/1.1 200 OK"
[2026-08-26 10:08:03] INFO - httpx - HTTP Request: HEAD https://huggingface.co/mainguyen9/vietlegal-harrier-0.6b/resolve/main/adapter_config.json "HTTP/1.1 404 Not Found"
[2026-08-26 10:08:04] INFO - httpx - HTTP Request: HEAD https://huggingface.co/mainguyen9/vietlegal-harrier-0.6b/resolve/main/config.json "HTTP/1.1 307 Temporary Redirect"
[2026-08-26 10:08:04] INFO - httpx - HTTP Request: HEAD https://huggingface.co/api/resolve-cache/models/mainguyen9/vietlegal-harrier-0.6b/91a0e1ebe4b63b4475bbae40658b8ca9231bea74/config.json "HTTP/1.1 200 OK"
[2026-08-26 10:08:04] INFO - httpx - HTTP Request: HEAD https://huggingface.co/mainguyen9/vietlegal-harrier-0.6b/resolve/main/config.json "HTTP/1.1 307 Temporary Redirect"
[2026-08-26 10:08:04] INFO - httpx - HTTP Request: HEAD https://huggingface.co/api/resolve-cache/models/mainguyen9/vietlegal-harrier-0.6b/91a0e1ebe4b63b4475bbae40658b8ca9231bea74/config.json "HTTP/1.1 200 OK"
[2026-08-26 10:08:04] INFO - httpx - HTTP Request: HEAD https://huggingface.co/mainguyen9/vietlegal-harrier-0.6b/resolve/main/processor_config.json "HTTP/1.1 404 Not Found"
[2026-08-26 10:08:05] INFO - httpx - HTTP Request: HEAD https://huggingface.co/mainguyen9/vietlegal-harrier-0.6b/resolve/main/preprocessor_config.json "HTTP/1.1 404 Not Found"
[2026-08-26 10:08:05] INFO - httpx - HTTP Request: HEAD https://huggingface.co/mainguyen9/vietlegal-harrier-0.6b/resolve/main/video_preprocessor_config.json "HTTP/1.1 404 Not Found"
[2026-08-26 10:08:05] INFO - httpx - HTTP Request: HEAD https://huggingface.co/mainguyen9/vietlegal-harrier-0.6b/resolve/main/preprocessor_config.json "HTTP/1.1 404 Not Found"
[2026-08-26 10:08:06] INFO - httpx - HTTP Request: HEAD https://huggingface.co/mainguyen9/vietlegal-harrier-0.6b/resolve/main/tokenizer_config.json "HTTP/1.1 307 Temporary Redirect"
[2026-08-26 10:08:06] INFO - httpx - HTTP Request: HEAD https://huggingface.co/api/resolve-cache/models/mainguyen9/vietlegal-harrier-0.6b/91a0e1ebe4b63b4475bbae40658b8ca9231bea74/tokenizer_config.json "HTTP/1.1 200 OK"
[2026-08-26 10:08:06] INFO - httpx - HTTP Request: HEAD https://huggingface.co/mainguyen9/vietlegal-harrier-0.6b/resolve/main/config.json "HTTP/1.1 307 Temporary Redirect"
[2026-08-26 10:08:06] INFO - httpx - HTTP Request: HEAD https://huggingface.co/api/resolve-cache/models/mainguyen9/vietlegal-harrier-0.6b/91a0e1ebe4b63b4475bbae40658b8ca9231bea74/config.json "HTTP/1.1 200 OK"
[2026-08-26 10:08:06] INFO - httpx - HTTP Request: HEAD https://huggingface.co/mainguyen9/vietlegal-harrier-0.6b/resolve/main/config.json "HTTP/1.1 307 Temporary Redirect"
[2026-08-26 10:08:06] INFO - httpx - HTTP Request: HEAD https://huggingface.co/api/resolve-cache/models/mainguyen9/vietlegal-harrier-0.6b/91a0e1ebe4b63b4475bbae40658b8ca9231bea74/config.json "HTTP/1.1 200 OK"
[2026-08-26 10:08:07] INFO - httpx - HTTP Request: HEAD https://huggingface.co/mainguyen9/vietlegal-harrier-0.6b/resolve/main/tokenizer_config.json "HTTP/1.1 307 Temporary Redirect"
[2026-08-26 10:08:07] INFO - httpx - HTTP Request: HEAD https://huggingface.co/api/resolve-cache/models/mainguyen9/vietlegal-harrier-0.6b/91a0e1ebe4b63b4475bbae40658b8ca9231bea74/tokenizer_config.json "HTTP/1.1 200 OK"
[2026-08-26 10:08:07] INFO - httpx - HTTP Request: GET https://huggingface.co/api/models/mainguyen9/vietlegal-harrier-0.6b/tree/main/additional_chat_templates?recursive=false&expand=false "HTTP/1.1 404 Not Found"
[2026-08-26 10:08:07] INFO - httpx - HTTP Request: GET https://huggingface.co/api/models/mainguyen9/vietlegal-harrier-0.6b/tree/main?recursive=true&expand=false "HTTP/1.1 200 OK"
[2026-08-26 10:08:08] INFO - httpx - HTTP Request: GET https://huggingface.co/api/models/mainguyen9/vietlegal-harrier-0.6b "HTTP/1.1 200 OK"
[2026-08-26 10:08:08] INFO - httpx - HTTP Request: HEAD https://huggingface.co/mainguyen9/vietlegal-harrier-0.6b/resolve/main/1_Pooling/config.json "HTTP/1.1 307 Temporary Redirect"
[2026-08-26 10:08:08] INFO - httpx - HTTP Request: HEAD https://huggingface.co/api/resolve-cache/models/mainguyen9/vietlegal-harrier-0.6b/91a0e1ebe4b63b4475bbae40658b8ca9231bea74/1_Pooling%2Fconfig.json "HTTP/1.1 200 OK"
[2026-08-26 10:08:09] INFO - httpx - HTTP Request: GET https://huggingface.co/api/models/mainguyen9/vietlegal-harrier-0.6b "HTTP/1.1 200 OK"
[2026-08-26 10:08:11] INFO - sentence_transformers.base.model - Loaded 1 prompt with these keys: ['query']
[2026-08-26 10:08:12] INFO - embedding - Completed embedding texts 1
[2026-08-26 10:08:12] INFO - vector_datatbase - Connecting to Qdrant via URL
[2026-08-26 10:08:12] INFO - httpx - HTTP Request: GET http://localhost:6333/collections "HTTP/1.1 200 OK"
[2026-08-26 10:08:12] INFO - vector_datatbase - Successfully connected to Qdrant
[2026-08-26 10:08:12] INFO - httpx - HTTP Request: GET http://localhost:6333/collections "HTTP/1.1 200 OK"
[2026-08-26 10:08:12] INFO - vector_datatbase - Collection 'nmk_chatbot_collection' already exists.
[2026-08-26 10:08:12] INFO - sparse_vector - Model loaded from vectorstore\bm25store\bm25store.pkl
[2026-08-26 10:08:12] INFO - httpx - HTTP Request: POST http://localhost:6333/collections/nmk_chatbot_collection/points/query "HTTP/1.1 200 OK"
[2026-08-26 10:08:12] INFO - retrieval - Successfully retrieved 7 items
[2026-08-26 10:08:13] INFO - httpx - HTTP Request: GET http://localhost:6333 "HTTP/1.1 200 OK"
[2026-08-26 10:08:14] INFO - httpx - HTTP Request: POST https://ollama.com/api/chat "HTTP/1.1 200 OK"
[2026-08-26 10:16:58] INFO - chat_engine - [QUERY NORMALIZATION] Original: Hôm qua tôi vượt đèn đỏ thì có bị gì không?
[2026-08-26 10:17:00] INFO - httpx - HTTP Request: POST https://ollama.com/api/chat "HTTP/1.1 200 OK"
[2026-08-26 10:17:00] ERROR - chat_engine - Error during query normalization: not enough values to unpack (expected 2, got 0)
[2026-08-26 10:17:00] INFO - chat_engine - [QUERY NORMALIZATION] Normalized: Hôm qua tôi vượt đèn đỏ thì có bị gì không?
[2026-08-26 10:17:00] INFO - embedding - Loadding embeding model. mainguyen9/vietlegal-harrier-0.6b
[2026-08-26 10:17:01] INFO - sentence_transformers.base.model - No device provided, using cuda:0
[2026-08-26 10:17:01] INFO - httpx - HTTP Request: HEAD https://huggingface.co/mainguyen9/vietlegal-harrier-0.6b/resolve/main/modules.json "HTTP/1.1 307 Temporary Redirect"
[2026-08-26 10:17:01] WARNING - huggingface_hub.utils._http - Warning: You are sending unauthenticated requests to the HF Hub. Please set a HF_TOKEN to enable higher rate limits and faster downloads.
[2026-08-26 10:17:01] INFO - httpx - HTTP Request: HEAD https://huggingface.co/api/resolve-cache/models/mainguyen9/vietlegal-harrier-0.6b/91a0e1ebe4b63b4475bbae40658b8ca9231bea74/modules.json "HTTP/1.1 200 OK"
[2026-08-26 10:17:02] INFO - httpx - HTTP Request: HEAD https://huggingface.co/mainguyen9/vietlegal-harrier-0.6b/resolve/main/config_sentence_transformers.json "HTTP/1.1 307 Temporary Redirect"
[2026-08-26 10:17:02] INFO - httpx - HTTP Request: HEAD https://huggingface.co/api/resolve-cache/models/mainguyen9/vietlegal-harrier-0.6b/91a0e1ebe4b63b4475bbae40658b8ca9231bea74/config_sentence_transformers.json "HTTP/1.1 200 OK"
[2026-08-26 10:17:02] INFO - sentence_transformers.base.model - Loading SentenceTransformer model from mainguyen9/vietlegal-harrier-0.6b.
[2026-08-26 10:17:02] INFO - httpx - HTTP Request: HEAD https://huggingface.co/mainguyen9/vietlegal-harrier-0.6b/resolve/main/config_sentence_transformers.json "HTTP/1.1 307 Temporary Redirect"
[2026-08-26 10:17:02] INFO - httpx - HTTP Request: HEAD https://huggingface.co/api/resolve-cache/models/mainguyen9/vietlegal-harrier-0.6b/91a0e1ebe4b63b4475bbae40658b8ca9231bea74/config_sentence_transformers.json "HTTP/1.1 200 OK"
[2026-08-26 10:17:02] INFO - httpx - HTTP Request: HEAD https://huggingface.co/mainguyen9/vietlegal-harrier-0.6b/resolve/main/README.md "HTTP/1.1 307 Temporary Redirect"
[2026-08-26 10:17:02] INFO - httpx - HTTP Request: HEAD https://huggingface.co/api/resolve-cache/models/mainguyen9/vietlegal-harrier-0.6b/91a0e1ebe4b63b4475bbae40658b8ca9231bea74/README.md "HTTP/1.1 200 OK"
[2026-08-26 10:17:03] INFO - httpx - HTTP Request: HEAD https://huggingface.co/mainguyen9/vietlegal-harrier-0.6b/resolve/main/modules.json "HTTP/1.1 307 Temporary Redirect"
[2026-08-26 10:17:03] INFO - httpx - HTTP Request: HEAD https://huggingface.co/api/resolve-cache/models/mainguyen9/vietlegal-harrier-0.6b/91a0e1ebe4b63b4475bbae40658b8ca9231bea74/modules.json "HTTP/1.1 200 OK"
[2026-08-26 10:17:03] INFO - httpx - HTTP Request: HEAD https://huggingface.co/mainguyen9/vietlegal-harrier-0.6b/resolve/main/sentence_bert_config.json "HTTP/1.1 307 Temporary Redirect"
[2026-08-26 10:17:03] INFO - httpx - HTTP Request: HEAD https://huggingface.co/api/resolve-cache/models/mainguyen9/vietlegal-harrier-0.6b/91a0e1ebe4b63b4475bbae40658b8ca9231bea74/sentence_bert_config.json "HTTP/1.1 200 OK"
[2026-08-26 10:17:03] INFO - httpx - HTTP Request: HEAD https://huggingface.co/mainguyen9/vietlegal-harrier-0.6b/resolve/main/adapter_config.json "HTTP/1.1 404 Not Found"
[2026-08-26 10:17:03] INFO - httpx - HTTP Request: HEAD https://huggingface.co/mainguyen9/vietlegal-harrier-0.6b/resolve/main/config.json "HTTP/1.1 307 Temporary Redirect"
[2026-08-26 10:17:03] INFO - httpx - HTTP Request: HEAD https://huggingface.co/api/resolve-cache/models/mainguyen9/vietlegal-harrier-0.6b/91a0e1ebe4b63b4475bbae40658b8ca9231bea74/config.json "HTTP/1.1 200 OK"
[2026-08-26 10:17:04] INFO - httpx - HTTP Request: HEAD https://huggingface.co/mainguyen9/vietlegal-harrier-0.6b/resolve/main/config.json "HTTP/1.1 307 Temporary Redirect"
[2026-08-26 10:17:04] INFO - httpx - HTTP Request: HEAD https://huggingface.co/api/resolve-cache/models/mainguyen9/vietlegal-harrier-0.6b/91a0e1ebe4b63b4475bbae40658b8ca9231bea74/config.json "HTTP/1.1 200 OK"
[2026-08-26 10:17:04] INFO - httpx - HTTP Request: HEAD https://huggingface.co/mainguyen9/vietlegal-harrier-0.6b/resolve/main/processor_config.json "HTTP/1.1 404 Not Found"
[2026-08-26 10:17:04] INFO - httpx - HTTP Request: HEAD https://huggingface.co/mainguyen9/vietlegal-harrier-0.6b/resolve/main/preprocessor_config.json "HTTP/1.1 404 Not Found"
[2026-08-26 10:17:05] INFO - httpx - HTTP Request: HEAD https://huggingface.co/mainguyen9/vietlegal-harrier-0.6b/resolve/main/video_preprocessor_config.json "HTTP/1.1 404 Not Found"
[2026-08-26 10:17:05] INFO - httpx - HTTP Request: HEAD https://huggingface.co/mainguyen9/vietlegal-harrier-0.6b/resolve/main/preprocessor_config.json "HTTP/1.1 404 Not Found"
[2026-08-26 10:17:05] INFO - httpx - HTTP Request: HEAD https://huggingface.co/mainguyen9/vietlegal-harrier-0.6b/resolve/main/tokenizer_config.json "HTTP/1.1 307 Temporary Redirect"
[2026-08-26 10:17:05] INFO - httpx - HTTP Request: HEAD https://huggingface.co/api/resolve-cache/models/mainguyen9/vietlegal-harrier-0.6b/91a0e1ebe4b63b4475bbae40658b8ca9231bea74/tokenizer_config.json "HTTP/1.1 200 OK"
[2026-08-26 10:17:06] INFO - httpx - HTTP Request: HEAD https://huggingface.co/mainguyen9/vietlegal-harrier-0.6b/resolve/main/config.json "HTTP/1.1 307 Temporary Redirect"
[2026-08-26 10:17:06] INFO - httpx - HTTP Request: HEAD https://huggingface.co/api/resolve-cache/models/mainguyen9/vietlegal-harrier-0.6b/91a0e1ebe4b63b4475bbae40658b8ca9231bea74/config.json "HTTP/1.1 200 OK"
[2026-08-26 10:17:06] INFO - httpx - HTTP Request: HEAD https://huggingface.co/mainguyen9/vietlegal-harrier-0.6b/resolve/main/config.json "HTTP/1.1 307 Temporary Redirect"
[2026-08-26 10:17:06] INFO - httpx - HTTP Request: HEAD https://huggingface.co/api/resolve-cache/models/mainguyen9/vietlegal-harrier-0.6b/91a0e1ebe4b63b4475bbae40658b8ca9231bea74/config.json "HTTP/1.1 200 OK"
[2026-08-26 10:17:06] INFO - httpx - HTTP Request: HEAD https://huggingface.co/mainguyen9/vietlegal-harrier-0.6b/resolve/main/tokenizer_config.json "HTTP/1.1 307 Temporary Redirect"
[2026-08-26 10:17:06] INFO - httpx - HTTP Request: HEAD https://huggingface.co/api/resolve-cache/models/mainguyen9/vietlegal-harrier-0.6b/91a0e1ebe4b63b4475bbae40658b8ca9231bea74/tokenizer_config.json "HTTP/1.1 200 OK"
[2026-08-26 10:17:06] INFO - httpx - HTTP Request: GET https://huggingface.co/api/models/mainguyen9/vietlegal-harrier-0.6b/tree/main/additional_chat_templates?recursive=false&expand=false "HTTP/1.1 404 Not Found"
[2026-08-26 10:17:07] INFO - httpx - HTTP Request: GET https://huggingface.co/api/models/mainguyen9/vietlegal-harrier-0.6b/tree/main?recursive=true&expand=false "HTTP/1.1 200 OK"
[2026-08-26 10:17:08] INFO - httpx - HTTP Request: GET https://huggingface.co/api/models/mainguyen9/vietlegal-harrier-0.6b "HTTP/1.1 200 OK"
[2026-08-26 10:17:08] INFO - httpx - HTTP Request: HEAD https://huggingface.co/mainguyen9/vietlegal-harrier-0.6b/resolve/main/1_Pooling/config.json "HTTP/1.1 307 Temporary Redirect"
[2026-08-26 10:17:08] INFO - httpx - HTTP Request: HEAD https://huggingface.co/api/resolve-cache/models/mainguyen9/vietlegal-harrier-0.6b/91a0e1ebe4b63b4475bbae40658b8ca9231bea74/1_Pooling%2Fconfig.json "HTTP/1.1 200 OK"
[2026-08-26 10:17:08] INFO - httpx - HTTP Request: GET https://huggingface.co/api/models/mainguyen9/vietlegal-harrier-0.6b "HTTP/1.1 200 OK"
[2026-08-26 10:17:13] INFO - sentence_transformers.base.model - Loaded 1 prompt with these keys: ['query']
[2026-08-26 10:17:13] INFO - embedding - Completed embedding texts 1
[2026-08-26 10:17:13] INFO - vector_datatbase - Connecting to Qdrant via URL
[2026-08-26 10:17:14] INFO - httpx - HTTP Request: GET http://localhost:6333/collections "HTTP/1.1 200 OK"
[2026-08-26 10:17:14] INFO - vector_datatbase - Successfully connected to Qdrant
[2026-08-26 10:17:14] INFO - httpx - HTTP Request: GET http://localhost:6333/collections "HTTP/1.1 200 OK"
[2026-08-26 10:17:14] INFO - vector_datatbase - Collection 'nmk_chatbot_collection' already exists.
[2026-08-26 10:17:14] INFO - sparse_vector - Model loaded from vectorstore\bm25store\bm25store.pkl
[2026-08-26 10:17:14] INFO - httpx - HTTP Request: POST http://localhost:6333/collections/nmk_chatbot_collection/points/query "HTTP/1.1 200 OK"
[2026-08-26 10:17:14] INFO - retrieval - Successfully retrieved 7 items
[2026-08-26 10:17:14] INFO - httpx - HTTP Request: GET http://localhost:6333 "HTTP/1.1 200 OK"
[2026-08-26 10:17:15] INFO - httpx - HTTP Request: POST https://ollama.com/api/chat "HTTP/1.1 200 OK"
[2026-08-26 10:26:05] INFO - chat_engine - [QUERY NORMALIZATION] Original: Tôi uống bia rồi lái xe về nhà thì có bị phạt không?
[2026-08-26 10:26:18] ERROR - chat_engine - Error during query normalization: not enough values to unpack (expected 2, got 0)
[2026-08-26 10:26:18] INFO - chat_engine - [QUERY NORMALIZATION] Normalized: Tôi uống bia rồi lái xe về nhà thì có bị phạt không?
[2026-08-26 10:26:18] INFO - embedding - Loadding embeding model. mainguyen9/vietlegal-harrier-0.6b
[2026-08-26 10:26:29] INFO - embedding - Completed embedding texts 1
[2026-08-26 10:26:29] INFO - sparse_vector - Model loaded from vectorstore\bm25store\bm25store.pkl
[2026-08-26 10:26:30] INFO - retrieval - Successfully retrieved 7 items
[2026-08-26 10:32:49] INFO - chat_engine - [QUERY NORMALIZATION] Original: Tôi uống bia rồi lái xe về nhà thì có bị phạt không?
[2026-08-26 10:32:51] INFO - chat_engine - [QUERY NORMALIZATION] Normalized: Lái xe cơ giới trong tình trạng có nồng độ cồn vượt quá mức quy định có bị xử phạt không?
[2026-08-26 10:32:51] INFO - embedding - Loadding embeding model. mainguyen9/vietlegal-harrier-0.6b
[2026-08-26 10:33:02] INFO - embedding - Completed embedding texts 1
[2026-08-26 10:33:02] INFO - sparse_vector - Model loaded from vectorstore\bm25store\bm25store.pkl
[2026-08-26 10:33:02] INFO - retrieval - Successfully retrieved 7 items
[2026-08-26 10:34:38] INFO - chat_engine - [QUERY NORMALIZATION] Original: Tôi uống bia rồi lái xe về nhà thì có bị phạt không?
[2026-08-26 10:34:40] INFO - chat_engine - [QUERY NORMALIZATION] Normalized: Điều khiển phương tiện giao thông trong tình trạng say rượu có bị xử phạt không?
[2026-08-26 10:34:40] INFO - embedding - Loadding embeding model. mainguyen9/vietlegal-harrier-0.6b
[2026-08-26 10:34:52] INFO - embedding - Completed embedding texts 1
[2026-08-26 10:34:52] INFO - sparse_vector - Model loaded from vectorstore\bm25store\bm25store.pkl
[2026-08-26 10:34:52] INFO - retrieval - Successfully retrieved 7 items
[2026-08-26 15:34:27] INFO - chat_engine - [QUERY NORMALIZATION] Original: Tôi uống bia rồi lái xe về nhà thì có bị phạt không?
[2026-08-26 15:34:29] INFO - httpx - HTTP Request: POST https://ollama.com/api/chat "HTTP/1.1 200 OK"
[2026-08-26 15:34:29] INFO - chat_engine - [QUERY NORMALIZATION] Normalized: Điều khiển phương tiện giao thông sau khi uống rượu bia có bị xử phạt không?
[2026-08-26 15:34:29] INFO - embedding - Loadding embeding model. mainguyen9/vietlegal-harrier-0.6b
[2026-08-26 15:34:30] INFO - sentence_transformers.base.model - No device provided, using cuda:0
[2026-08-26 15:34:31] INFO - httpx - HTTP Request: HEAD https://huggingface.co/mainguyen9/vietlegal-harrier-0.6b/resolve/main/modules.json "HTTP/1.1 307 Temporary Redirect"
[2026-08-26 15:34:31] WARNING - huggingface_hub.utils._http - Warning: You are sending unauthenticated requests to the HF Hub. Please set a HF_TOKEN to enable higher rate limits and faster downloads.
[2026-08-26 15:34:31] INFO - httpx - HTTP Request: HEAD https://huggingface.co/api/resolve-cache/models/mainguyen9/vietlegal-harrier-0.6b/91a0e1ebe4b63b4475bbae40658b8ca9231bea74/modules.json "HTTP/1.1 200 OK"
[2026-08-26 15:34:31] INFO - httpx - HTTP Request: HEAD https://huggingface.co/mainguyen9/vietlegal-harrier-0.6b/resolve/main/config_sentence_transformers.json "HTTP/1.1 307 Temporary Redirect"
[2026-08-26 15:34:31] INFO - httpx - HTTP Request: HEAD https://huggingface.co/api/resolve-cache/models/mainguyen9/vietlegal-harrier-0.6b/91a0e1ebe4b63b4475bbae40658b8ca9231bea74/config_sentence_transformers.json "HTTP/1.1 200 OK"
[2026-08-26 15:34:31] INFO - sentence_transformers.base.model - Loading SentenceTransformer model from mainguyen9/vietlegal-harrier-0.6b.
[2026-08-26 15:34:31] INFO - httpx - HTTP Request: HEAD https://huggingface.co/mainguyen9/vietlegal-harrier-0.6b/resolve/main/config_sentence_transformers.json "HTTP/1.1 307 Temporary Redirect"
[2026-08-26 15:34:31] INFO - httpx - HTTP Request: HEAD https://huggingface.co/api/resolve-cache/models/mainguyen9/vietlegal-harrier-0.6b/91a0e1ebe4b63b4475bbae40658b8ca9231bea74/config_sentence_transformers.json "HTTP/1.1 200 OK"
[2026-08-26 15:34:32] INFO - httpx - HTTP Request: HEAD https://huggingface.co/mainguyen9/vietlegal-harrier-0.6b/resolve/main/README.md "HTTP/1.1 307 Temporary Redirect"
[2026-08-26 15:34:32] INFO - httpx - HTTP Request: HEAD https://huggingface.co/api/resolve-cache/models/mainguyen9/vietlegal-harrier-0.6b/91a0e1ebe4b63b4475bbae40658b8ca9231bea74/README.md "HTTP/1.1 200 OK"
[2026-08-26 15:34:32] INFO - httpx - HTTP Request: HEAD https://huggingface.co/mainguyen9/vietlegal-harrier-0.6b/resolve/main/modules.json "HTTP/1.1 307 Temporary Redirect"
[2026-08-26 15:34:43] INFO - httpx - HTTP Request: HEAD https://huggingface.co/api/resolve-cache/models/mainguyen9/vietlegal-harrier-0.6b/91a0e1ebe4b63b4475bbae40658b8ca9231bea74/modules.json "HTTP/1.1 200 OK"
[2026-08-26 15:34:43] INFO - httpx - HTTP Request: HEAD https://huggingface.co/mainguyen9/vietlegal-harrier-0.6b/resolve/main/sentence_bert_config.json "HTTP/1.1 307 Temporary Redirect"
[2026-08-26 15:34:44] INFO - httpx - HTTP Request: HEAD https://huggingface.co/api/resolve-cache/models/mainguyen9/vietlegal-harrier-0.6b/91a0e1ebe4b63b4475bbae40658b8ca9231bea74/sentence_bert_config.json "HTTP/1.1 200 OK"
[2026-08-26 15:34:44] INFO - httpx - HTTP Request: HEAD https://huggingface.co/mainguyen9/vietlegal-harrier-0.6b/resolve/main/adapter_config.json "HTTP/1.1 404 Not Found"
[2026-08-26 15:34:44] INFO - httpx - HTTP Request: HEAD https://huggingface.co/mainguyen9/vietlegal-harrier-0.6b/resolve/main/config.json "HTTP/1.1 307 Temporary Redirect"
[2026-08-26 15:34:44] INFO - httpx - HTTP Request: HEAD https://huggingface.co/api/resolve-cache/models/mainguyen9/vietlegal-harrier-0.6b/91a0e1ebe4b63b4475bbae40658b8ca9231bea74/config.json "HTTP/1.1 200 OK"
[2026-08-26 15:34:44] INFO - httpx - HTTP Request: HEAD https://huggingface.co/mainguyen9/vietlegal-harrier-0.6b/resolve/main/config.json "HTTP/1.1 307 Temporary Redirect"
[2026-08-26 15:34:44] INFO - httpx - HTTP Request: HEAD https://huggingface.co/api/resolve-cache/models/mainguyen9/vietlegal-harrier-0.6b/91a0e1ebe4b63b4475bbae40658b8ca9231bea74/config.json "HTTP/1.1 200 OK"
[2026-08-26 15:34:45] INFO - httpx - HTTP Request: HEAD https://huggingface.co/mainguyen9/vietlegal-harrier-0.6b/resolve/main/processor_config.json "HTTP/1.1 404 Not Found"
[2026-08-26 15:34:45] INFO - httpx - HTTP Request: HEAD https://huggingface.co/mainguyen9/vietlegal-harrier-0.6b/resolve/main/preprocessor_config.json "HTTP/1.1 404 Not Found"
[2026-08-26 15:34:45] INFO - httpx - HTTP Request: HEAD https://huggingface.co/mainguyen9/vietlegal-harrier-0.6b/resolve/main/video_preprocessor_config.json "HTTP/1.1 404 Not Found"
[2026-08-26 15:34:46] INFO - httpx - HTTP Request: HEAD https://huggingface.co/mainguyen9/vietlegal-harrier-0.6b/resolve/main/preprocessor_config.json "HTTP/1.1 404 Not Found"
[2026-08-26 15:34:46] INFO - httpx - HTTP Request: HEAD https://huggingface.co/mainguyen9/vietlegal-harrier-0.6b/resolve/main/tokenizer_config.json "HTTP/1.1 307 Temporary Redirect"
[2026-08-26 15:34:46] INFO - httpx - HTTP Request: HEAD https://huggingface.co/api/resolve-cache/models/mainguyen9/vietlegal-harrier-0.6b/91a0e1ebe4b63b4475bbae40658b8ca9231bea74/tokenizer_config.json "HTTP/1.1 200 OK"
[2026-08-26 15:34:46] INFO - httpx - HTTP Request: HEAD https://huggingface.co/mainguyen9/vietlegal-harrier-0.6b/resolve/main/config.json "HTTP/1.1 307 Temporary Redirect"
[2026-08-26 15:34:46] INFO - httpx - HTTP Request: HEAD https://huggingface.co/api/resolve-cache/models/mainguyen9/vietlegal-harrier-0.6b/91a0e1ebe4b63b4475bbae40658b8ca9231bea74/config.json "HTTP/1.1 200 OK"
[2026-08-26 15:34:47] INFO - httpx - HTTP Request: HEAD https://huggingface.co/mainguyen9/vietlegal-harrier-0.6b/resolve/main/config.json "HTTP/1.1 307 Temporary Redirect"
[2026-08-26 15:34:47] INFO - httpx - HTTP Request: HEAD https://huggingface.co/api/resolve-cache/models/mainguyen9/vietlegal-harrier-0.6b/91a0e1ebe4b63b4475bbae40658b8ca9231bea74/config.json "HTTP/1.1 200 OK"
[2026-08-26 15:34:47] INFO - httpx - HTTP Request: HEAD https://huggingface.co/mainguyen9/vietlegal-harrier-0.6b/resolve/main/tokenizer_config.json "HTTP/1.1 307 Temporary Redirect"
[2026-08-26 15:34:47] INFO - httpx - HTTP Request: HEAD https://huggingface.co/api/resolve-cache/models/mainguyen9/vietlegal-harrier-0.6b/91a0e1ebe4b63b4475bbae40658b8ca9231bea74/tokenizer_config.json "HTTP/1.1 200 OK"
[2026-08-26 15:34:47] INFO - httpx - HTTP Request: GET https://huggingface.co/api/models/mainguyen9/vietlegal-harrier-0.6b/tree/main/additional_chat_templates?recursive=false&expand=false "HTTP/1.1 404 Not Found"
[2026-08-26 15:34:47] INFO - httpx - HTTP Request: GET https://huggingface.co/api/models/mainguyen9/vietlegal-harrier-0.6b/tree/main?recursive=true&expand=false "HTTP/1.1 200 OK"
[2026-08-26 15:34:48] INFO - httpx - HTTP Request: GET https://huggingface.co/api/models/mainguyen9/vietlegal-harrier-0.6b "HTTP/1.1 200 OK"
[2026-08-26 15:34:49] INFO - httpx - HTTP Request: HEAD https://huggingface.co/mainguyen9/vietlegal-harrier-0.6b/resolve/main/1_Pooling/config.json "HTTP/1.1 307 Temporary Redirect"
[2026-08-26 15:34:49] INFO - httpx - HTTP Request: HEAD https://huggingface.co/api/resolve-cache/models/mainguyen9/vietlegal-harrier-0.6b/91a0e1ebe4b63b4475bbae40658b8ca9231bea74/1_Pooling%2Fconfig.json "HTTP/1.1 200 OK"
[2026-08-26 15:34:49] INFO - httpx - HTTP Request: GET https://huggingface.co/api/models/mainguyen9/vietlegal-harrier-0.6b "HTTP/1.1 200 OK"
[2026-08-26 15:34:55] INFO - sentence_transformers.base.model - Loaded 1 prompt with these keys: ['query']
[2026-08-26 15:34:56] INFO - embedding - Completed embedding texts 1
[2026-08-26 15:34:56] INFO - vector_datatbase - Connecting to Qdrant via URL
[2026-08-26 15:34:56] INFO - httpx - HTTP Request: GET http://localhost:6333/collections "HTTP/1.1 200 OK"
[2026-08-26 15:34:56] INFO - vector_datatbase - Successfully connected to Qdrant
[2026-08-26 15:34:56] INFO - httpx - HTTP Request: GET http://localhost:6333/collections "HTTP/1.1 200 OK"
[2026-08-26 15:34:56] INFO - vector_datatbase - Collection 'nmk_chatbot_collection' already exists.
[2026-08-26 15:34:56] INFO - sparse_vector - Model loaded from vectorstore\bm25store\bm25store.pkl
[2026-08-26 15:34:56] INFO - httpx - HTTP Request: POST http://localhost:6333/collections/nmk_chatbot_collection/points/query "HTTP/1.1 200 OK"
[2026-08-26 15:34:56] INFO - retrieval - Successfully retrieved 7 items
[2026-08-26 15:34:56] INFO - httpx - HTTP Request: GET http://localhost:6333 "HTTP/1.1 200 OK"
[2026-08-26 15:34:57] INFO - httpx - HTTP Request: POST https://ollama.com/api/chat "HTTP/1.1 200 OK"
[2026-08-26 15:35:26] INFO - chat_engine - [QUERY NORMALIZATION] Original: Tôi uống bia rồi lái xe về nhà thì có bị phạt không?
[2026-08-26 15:35:27] INFO - httpx - HTTP Request: POST https://ollama.com/api/chat "HTTP/1.1 200 OK"
[2026-08-26 15:35:27] INFO - chat_engine - [QUERY NORMALIZATION] Normalized: Lái xe ô tô, xe máy trong tình trạng say rượu có bị xử phạt không?
[2026-08-26 15:35:27] INFO - embedding - Loadding embeding model. mainguyen9/vietlegal-harrier-0.6b
[2026-08-26 15:35:29] INFO - sentence_transformers.base.model - No device provided, using cuda:0
[2026-08-26 15:35:29] INFO - httpx - HTTP Request: HEAD https://huggingface.co/mainguyen9/vietlegal-harrier-0.6b/resolve/main/modules.json "HTTP/1.1 307 Temporary Redirect"
[2026-08-26 15:35:29] WARNING - huggingface_hub.utils._http - Warning: You are sending unauthenticated requests to the HF Hub. Please set a HF_TOKEN to enable higher rate limits and faster downloads.
[2026-08-26 15:35:29] INFO - httpx - HTTP Request: HEAD https://huggingface.co/api/resolve-cache/models/mainguyen9/vietlegal-harrier-0.6b/91a0e1ebe4b63b4475bbae40658b8ca9231bea74/modules.json "HTTP/1.1 200 OK"
[2026-08-26 15:35:30] INFO - httpx - HTTP Request: HEAD https://huggingface.co/mainguyen9/vietlegal-harrier-0.6b/resolve/main/config_sentence_transformers.json "HTTP/1.1 307 Temporary Redirect"
[2026-08-26 15:35:30] INFO - httpx - HTTP Request: HEAD https://huggingface.co/api/resolve-cache/models/mainguyen9/vietlegal-harrier-0.6b/91a0e1ebe4b63b4475bbae40658b8ca9231bea74/config_sentence_transformers.json "HTTP/1.1 200 OK"
[2026-08-26 15:35:30] INFO - sentence_transformers.base.model - Loading SentenceTransformer model from mainguyen9/vietlegal-harrier-0.6b.
[2026-08-26 15:35:30] INFO - httpx - HTTP Request: HEAD https://huggingface.co/mainguyen9/vietlegal-harrier-0.6b/resolve/main/config_sentence_transformers.json "HTTP/1.1 307 Temporary Redirect"
[2026-08-26 15:35:30] INFO - httpx - HTTP Request: HEAD https://huggingface.co/api/resolve-cache/models/mainguyen9/vietlegal-harrier-0.6b/91a0e1ebe4b63b4475bbae40658b8ca9231bea74/config_sentence_transformers.json "HTTP/1.1 200 OK"
[2026-08-26 15:35:30] INFO - httpx - HTTP Request: HEAD https://huggingface.co/mainguyen9/vietlegal-harrier-0.6b/resolve/main/README.md "HTTP/1.1 307 Temporary Redirect"
[2026-08-26 15:35:30] INFO - httpx - HTTP Request: HEAD https://huggingface.co/api/resolve-cache/models/mainguyen9/vietlegal-harrier-0.6b/91a0e1ebe4b63b4475bbae40658b8ca9231bea74/README.md "HTTP/1.1 200 OK"
[2026-08-26 15:35:30] INFO - httpx - HTTP Request: HEAD https://huggingface.co/mainguyen9/vietlegal-harrier-0.6b/resolve/main/modules.json "HTTP/1.1 307 Temporary Redirect"
[2026-08-26 15:35:30] INFO - httpx - HTTP Request: HEAD https://huggingface.co/api/resolve-cache/models/mainguyen9/vietlegal-harrier-0.6b/91a0e1ebe4b63b4475bbae40658b8ca9231bea74/modules.json "HTTP/1.1 200 OK"
[2026-08-26 15:35:31] INFO - httpx - HTTP Request: HEAD https://huggingface.co/mainguyen9/vietlegal-harrier-0.6b/resolve/main/sentence_bert_config.json "HTTP/1.1 307 Temporary Redirect"
[2026-08-26 15:35:31] INFO - httpx - HTTP Request: HEAD https://huggingface.co/api/resolve-cache/models/mainguyen9/vietlegal-harrier-0.6b/91a0e1ebe4b63b4475bbae40658b8ca9231bea74/sentence_bert_config.json "HTTP/1.1 200 OK"
[2026-08-26 15:35:31] INFO - httpx - HTTP Request: HEAD https://huggingface.co/mainguyen9/vietlegal-harrier-0.6b/resolve/main/adapter_config.json "HTTP/1.1 404 Not Found"
[2026-08-26 15:35:31] INFO - httpx - HTTP Request: HEAD https://huggingface.co/mainguyen9/vietlegal-harrier-0.6b/resolve/main/config.json "HTTP/1.1 307 Temporary Redirect"
[2026-08-26 15:35:31] INFO - httpx - HTTP Request: HEAD https://huggingface.co/api/resolve-cache/models/mainguyen9/vietlegal-harrier-0.6b/91a0e1ebe4b63b4475bbae40658b8ca9231bea74/config.json "HTTP/1.1 200 OK"
[2026-08-26 15:35:32] INFO - httpx - HTTP Request: HEAD https://huggingface.co/mainguyen9/vietlegal-harrier-0.6b/resolve/main/config.json "HTTP/1.1 307 Temporary Redirect"
[2026-08-26 15:35:32] INFO - httpx - HTTP Request: HEAD https://huggingface.co/api/resolve-cache/models/mainguyen9/vietlegal-harrier-0.6b/91a0e1ebe4b63b4475bbae40658b8ca9231bea74/config.json "HTTP/1.1 200 OK"
[2026-08-26 15:35:32] INFO - httpx - HTTP Request: HEAD https://huggingface.co/mainguyen9/vietlegal-harrier-0.6b/resolve/main/processor_config.json "HTTP/1.1 404 Not Found"
[2026-08-26 15:35:32] INFO - httpx - HTTP Request: HEAD https://huggingface.co/mainguyen9/vietlegal-harrier-0.6b/resolve/main/preprocessor_config.json "HTTP/1.1 404 Not Found"
[2026-08-26 15:35:33] INFO - httpx - HTTP Request: HEAD https://huggingface.co/mainguyen9/vietlegal-harrier-0.6b/resolve/main/video_preprocessor_config.json "HTTP/1.1 404 Not Found"
[2026-08-26 15:35:33] INFO - httpx - HTTP Request: HEAD https://huggingface.co/mainguyen9/vietlegal-harrier-0.6b/resolve/main/preprocessor_config.json "HTTP/1.1 404 Not Found"
[2026-08-26 15:35:33] INFO - httpx - HTTP Request: HEAD https://huggingface.co/mainguyen9/vietlegal-harrier-0.6b/resolve/main/tokenizer_config.json "HTTP/1.1 307 Temporary Redirect"
[2026-08-26 15:35:33] INFO - httpx - HTTP Request: HEAD https://huggingface.co/api/resolve-cache/models/mainguyen9/vietlegal-harrier-0.6b/91a0e1ebe4b63b4475bbae40658b8ca9231bea74/tokenizer_config.json "HTTP/1.1 200 OK"
[2026-08-26 15:35:33] INFO - httpx - HTTP Request: HEAD https://huggingface.co/mainguyen9/vietlegal-harrier-0.6b/resolve/main/config.json "HTTP/1.1 307 Temporary Redirect"
[2026-08-26 15:35:33] INFO - httpx - HTTP Request: HEAD https://huggingface.co/api/resolve-cache/models/mainguyen9/vietlegal-harrier-0.6b/91a0e1ebe4b63b4475bbae40658b8ca9231bea74/config.json "HTTP/1.1 200 OK"
[2026-08-26 15:35:34] INFO - httpx - HTTP Request: HEAD https://huggingface.co/mainguyen9/vietlegal-harrier-0.6b/resolve/main/config.json "HTTP/1.1 307 Temporary Redirect"
[2026-08-26 15:35:34] INFO - httpx - HTTP Request: HEAD https://huggingface.co/api/resolve-cache/models/mainguyen9/vietlegal-harrier-0.6b/91a0e1ebe4b63b4475bbae40658b8ca9231bea74/config.json "HTTP/1.1 200 OK"
[2026-08-26 15:35:34] INFO - httpx - HTTP Request: HEAD https://huggingface.co/mainguyen9/vietlegal-harrier-0.6b/resolve/main/tokenizer_config.json "HTTP/1.1 307 Temporary Redirect"
[2026-08-26 15:35:34] INFO - httpx - HTTP Request: HEAD https://huggingface.co/api/resolve-cache/models/mainguyen9/vietlegal-harrier-0.6b/91a0e1ebe4b63b4475bbae40658b8ca9231bea74/tokenizer_config.json "HTTP/1.1 200 OK"
[2026-08-26 15:35:34] INFO - httpx - HTTP Request: GET https://huggingface.co/api/models/mainguyen9/vietlegal-harrier-0.6b/tree/main/additional_chat_templates?recursive=false&expand=false "HTTP/1.1 404 Not Found"
[2026-08-26 15:35:35] INFO - httpx - HTTP Request: GET https://huggingface.co/api/models/mainguyen9/vietlegal-harrier-0.6b/tree/main?recursive=true&expand=false "HTTP/1.1 200 OK"
[2026-08-26 15:35:36] INFO - httpx - HTTP Request: GET https://huggingface.co/api/models/mainguyen9/vietlegal-harrier-0.6b "HTTP/1.1 200 OK"
[2026-08-26 15:35:36] INFO - httpx - HTTP Request: HEAD https://huggingface.co/mainguyen9/vietlegal-harrier-0.6b/resolve/main/1_Pooling/config.json "HTTP/1.1 307 Temporary Redirect"
[2026-08-26 15:35:36] INFO - httpx - HTTP Request: HEAD https://huggingface.co/api/resolve-cache/models/mainguyen9/vietlegal-harrier-0.6b/91a0e1ebe4b63b4475bbae40658b8ca9231bea74/1_Pooling%2Fconfig.json "HTTP/1.1 200 OK"
[2026-08-26 15:35:36] INFO - httpx - HTTP Request: GET https://huggingface.co/api/models/mainguyen9/vietlegal-harrier-0.6b "HTTP/1.1 200 OK"
[2026-08-26 15:35:38] INFO - sentence_transformers.base.model - Loaded 1 prompt with these keys: ['query']
[2026-08-26 15:35:38] INFO - embedding - Completed embedding texts 1
[2026-08-26 15:35:38] INFO - vector_datatbase - Connecting to Qdrant via URL
[2026-08-26 15:35:39] INFO - httpx - HTTP Request: GET http://localhost:6333/collections "HTTP/1.1 200 OK"
[2026-08-26 15:35:39] INFO - vector_datatbase - Successfully connected to Qdrant
[2026-08-26 15:35:39] INFO - httpx - HTTP Request: GET http://localhost:6333/collections "HTTP/1.1 200 OK"
[2026-08-26 15:35:39] INFO - vector_datatbase - Collection 'nmk_chatbot_collection' already exists.
[2026-08-26 15:35:39] INFO - sparse_vector - Model loaded from vectorstore\bm25store\bm25store.pkl
[2026-08-26 15:35:39] INFO - httpx - HTTP Request: POST http://localhost:6333/collections/nmk_chatbot_collection/points/query "HTTP/1.1 200 OK"
[2026-08-26 15:35:39] INFO - retrieval - Successfully retrieved 7 items
[2026-08-26 15:35:39] INFO - httpx - HTTP Request: GET http://localhost:6333 "HTTP/1.1 200 OK"
[2026-08-26 15:35:40] INFO - httpx - HTTP Request: POST https://ollama.com/api/chat "HTTP/1.1 200 OK"
[2026-08-26 15:37:13] INFO - chat_engine - [QUERY NORMALIZATION] Original: Tôi uống bia rồi lái xe về nhà thì có bị phạt không?
[2026-08-26 15:37:15] INFO - httpx - HTTP Request: POST https://ollama.com/api/chat "HTTP/1.1 200 OK"
[2026-08-26 15:37:15] INFO - chat_engine - [QUERY NORMALIZATION] Normalized: Điều khiển phương tiện giao thông trong tình trạng say rượu có bị xử phạt không?
[2026-08-26 15:37:15] INFO - embedding - Loadding embeding model. mainguyen9/vietlegal-harrier-0.6b
[2026-08-26 15:37:16] INFO - sentence_transformers.base.model - No device provided, using cuda:0
[2026-08-26 15:37:16] INFO - httpx - HTTP Request: HEAD https://huggingface.co/mainguyen9/vietlegal-harrier-0.6b/resolve/main/modules.json "HTTP/1.1 307 Temporary Redirect"
[2026-08-26 15:37:16] INFO - httpx - HTTP Request: HEAD https://huggingface.co/api/resolve-cache/models/mainguyen9/vietlegal-harrier-0.6b/91a0e1ebe4b63b4475bbae40658b8ca9231bea74/modules.json "HTTP/1.1 200 OK"
[2026-08-26 15:37:17] INFO - httpx - HTTP Request: HEAD https://huggingface.co/mainguyen9/vietlegal-harrier-0.6b/resolve/main/config_sentence_transformers.json "HTTP/1.1 307 Temporary Redirect"
[2026-08-26 15:37:17] INFO - httpx - HTTP Request: HEAD https://huggingface.co/api/resolve-cache/models/mainguyen9/vietlegal-harrier-0.6b/91a0e1ebe4b63b4475bbae40658b8ca9231bea74/config_sentence_transformers.json "HTTP/1.1 200 OK"
[2026-08-26 15:37:17] INFO - sentence_transformers.base.model - Loading SentenceTransformer model from mainguyen9/vietlegal-harrier-0.6b.
[2026-08-26 15:37:17] INFO - httpx - HTTP Request: HEAD https://huggingface.co/mainguyen9/vietlegal-harrier-0.6b/resolve/main/config_sentence_transformers.json "HTTP/1.1 307 Temporary Redirect"
[2026-08-26 15:37:17] WARNING - huggingface_hub.utils._http - Warning: You are sending unauthenticated requests to the HF Hub. Please set a HF_TOKEN to enable higher rate limits and faster downloads.
[2026-08-26 15:37:17] INFO - httpx - HTTP Request: HEAD https://huggingface.co/api/resolve-cache/models/mainguyen9/vietlegal-harrier-0.6b/91a0e1ebe4b63b4475bbae40658b8ca9231bea74/config_sentence_transformers.json "HTTP/1.1 200 OK"
[2026-08-26 15:37:17] INFO - httpx - HTTP Request: HEAD https://huggingface.co/mainguyen9/vietlegal-harrier-0.6b/resolve/main/README.md "HTTP/1.1 307 Temporary Redirect"
[2026-08-26 15:37:17] INFO - httpx - HTTP Request: HEAD https://huggingface.co/api/resolve-cache/models/mainguyen9/vietlegal-harrier-0.6b/91a0e1ebe4b63b4475bbae40658b8ca9231bea74/README.md "HTTP/1.1 200 OK"
[2026-08-26 15:37:17] INFO - httpx - HTTP Request: HEAD https://huggingface.co/mainguyen9/vietlegal-harrier-0.6b/resolve/main/modules.json "HTTP/1.1 307 Temporary Redirect"
[2026-08-26 15:37:17] INFO - httpx - HTTP Request: HEAD https://huggingface.co/api/resolve-cache/models/mainguyen9/vietlegal-harrier-0.6b/91a0e1ebe4b63b4475bbae40658b8ca9231bea74/modules.json "HTTP/1.1 200 OK"
[2026-08-26 15:37:18] INFO - httpx - HTTP Request: HEAD https://huggingface.co/mainguyen9/vietlegal-harrier-0.6b/resolve/main/sentence_bert_config.json "HTTP/1.1 307 Temporary Redirect"
[2026-08-26 15:37:18] INFO - httpx - HTTP Request: HEAD https://huggingface.co/api/resolve-cache/models/mainguyen9/vietlegal-harrier-0.6b/91a0e1ebe4b63b4475bbae40658b8ca9231bea74/sentence_bert_config.json "HTTP/1.1 200 OK"
[2026-08-26 15:37:18] INFO - httpx - HTTP Request: HEAD https://huggingface.co/mainguyen9/vietlegal-harrier-0.6b/resolve/main/adapter_config.json "HTTP/1.1 404 Not Found"
[2026-08-26 15:37:18] INFO - httpx - HTTP Request: HEAD https://huggingface.co/mainguyen9/vietlegal-harrier-0.6b/resolve/main/config.json "HTTP/1.1 307 Temporary Redirect"
[2026-08-26 15:37:18] INFO - httpx - HTTP Request: HEAD https://huggingface.co/api/resolve-cache/models/mainguyen9/vietlegal-harrier-0.6b/91a0e1ebe4b63b4475bbae40658b8ca9231bea74/config.json "HTTP/1.1 200 OK"
[2026-08-26 15:37:19] INFO - httpx - HTTP Request: HEAD https://huggingface.co/mainguyen9/vietlegal-harrier-0.6b/resolve/main/config.json "HTTP/1.1 307 Temporary Redirect"
[2026-08-26 15:37:19] INFO - httpx - HTTP Request: HEAD https://huggingface.co/api/resolve-cache/models/mainguyen9/vietlegal-harrier-0.6b/91a0e1ebe4b63b4475bbae40658b8ca9231bea74/config.json "HTTP/1.1 200 OK"
[2026-08-26 15:37:19] INFO - httpx - HTTP Request: HEAD https://huggingface.co/mainguyen9/vietlegal-harrier-0.6b/resolve/main/processor_config.json "HTTP/1.1 404 Not Found"
[2026-08-26 15:37:19] INFO - httpx - HTTP Request: HEAD https://huggingface.co/mainguyen9/vietlegal-harrier-0.6b/resolve/main/preprocessor_config.json "HTTP/1.1 404 Not Found"
[2026-08-26 15:37:20] INFO - httpx - HTTP Request: HEAD https://huggingface.co/mainguyen9/vietlegal-harrier-0.6b/resolve/main/video_preprocessor_config.json "HTTP/1.1 404 Not Found"
[2026-08-26 15:37:20] INFO - httpx - HTTP Request: HEAD https://huggingface.co/mainguyen9/vietlegal-harrier-0.6b/resolve/main/preprocessor_config.json "HTTP/1.1 404 Not Found"
[2026-08-26 15:37:20] INFO - httpx - HTTP Request: HEAD https://huggingface.co/mainguyen9/vietlegal-harrier-0.6b/resolve/main/tokenizer_config.json "HTTP/1.1 307 Temporary Redirect"
[2026-08-26 15:37:20] INFO - httpx - HTTP Request: HEAD https://huggingface.co/api/resolve-cache/models/mainguyen9/vietlegal-harrier-0.6b/91a0e1ebe4b63b4475bbae40658b8ca9231bea74/tokenizer_config.json "HTTP/1.1 200 OK"
[2026-08-26 15:37:20] INFO - httpx - HTTP Request: HEAD https://huggingface.co/mainguyen9/vietlegal-harrier-0.6b/resolve/main/config.json "HTTP/1.1 307 Temporary Redirect"
[2026-08-26 15:37:20] INFO - httpx - HTTP Request: HEAD https://huggingface.co/api/resolve-cache/models/mainguyen9/vietlegal-harrier-0.6b/91a0e1ebe4b63b4475bbae40658b8ca9231bea74/config.json "HTTP/1.1 200 OK"
[2026-08-26 15:37:21] INFO - httpx - HTTP Request: HEAD https://huggingface.co/mainguyen9/vietlegal-harrier-0.6b/resolve/main/config.json "HTTP/1.1 307 Temporary Redirect"
[2026-08-26 15:37:21] INFO - httpx - HTTP Request: HEAD https://huggingface.co/api/resolve-cache/models/mainguyen9/vietlegal-harrier-0.6b/91a0e1ebe4b63b4475bbae40658b8ca9231bea74/config.json "HTTP/1.1 200 OK"
[2026-08-26 15:37:21] INFO - httpx - HTTP Request: HEAD https://huggingface.co/mainguyen9/vietlegal-harrier-0.6b/resolve/main/tokenizer_config.json "HTTP/1.1 307 Temporary Redirect"
[2026-08-26 15:37:21] INFO - httpx - HTTP Request: HEAD https://huggingface.co/api/resolve-cache/models/mainguyen9/vietlegal-harrier-0.6b/91a0e1ebe4b63b4475bbae40658b8ca9231bea74/tokenizer_config.json "HTTP/1.1 200 OK"
[2026-08-26 15:37:21] INFO - httpx - HTTP Request: GET https://huggingface.co/api/models/mainguyen9/vietlegal-harrier-0.6b/tree/main/additional_chat_templates?recursive=false&expand=false "HTTP/1.1 404 Not Found"
[2026-08-26 15:37:22] INFO - httpx - HTTP Request: GET https://huggingface.co/api/models/mainguyen9/vietlegal-harrier-0.6b/tree/main?recursive=true&expand=false "HTTP/1.1 200 OK"
[2026-08-26 15:37:23] INFO - httpx - HTTP Request: GET https://huggingface.co/api/models/mainguyen9/vietlegal-harrier-0.6b "HTTP/1.1 200 OK"
[2026-08-26 15:37:23] INFO - httpx - HTTP Request: HEAD https://huggingface.co/mainguyen9/vietlegal-harrier-0.6b/resolve/main/1_Pooling/config.json "HTTP/1.1 307 Temporary Redirect"
[2026-08-26 15:37:23] INFO - httpx - HTTP Request: HEAD https://huggingface.co/api/resolve-cache/models/mainguyen9/vietlegal-harrier-0.6b/91a0e1ebe4b63b4475bbae40658b8ca9231bea74/1_Pooling%2Fconfig.json "HTTP/1.1 200 OK"
[2026-08-26 15:37:23] INFO - httpx - HTTP Request: GET https://huggingface.co/api/models/mainguyen9/vietlegal-harrier-0.6b "HTTP/1.1 200 OK"
[2026-08-26 15:37:25] INFO - sentence_transformers.base.model - Loaded 1 prompt with these keys: ['query']
[2026-08-26 15:37:26] INFO - embedding - Completed embedding texts 1
[2026-08-26 15:37:26] INFO - vector_datatbase - Connecting to Qdrant via URL
[2026-08-26 15:37:26] INFO - httpx - HTTP Request: GET http://localhost:6333/collections "HTTP/1.1 200 OK"
[2026-08-26 15:37:26] INFO - vector_datatbase - Successfully connected to Qdrant
[2026-08-26 15:37:26] INFO - httpx - HTTP Request: GET http://localhost:6333/collections "HTTP/1.1 200 OK"
[2026-08-26 15:37:26] INFO - vector_datatbase - Collection 'nmk_chatbot_collection' already exists.
[2026-08-26 15:37:26] INFO - sparse_vector - Model loaded from vectorstore\bm25store\bm25store.pkl
[2026-08-26 15:37:26] INFO - httpx - HTTP Request: POST http://localhost:6333/collections/nmk_chatbot_collection/points/query "HTTP/1.1 200 OK"
[2026-08-26 15:37:26] INFO - retrieval - Successfully retrieved 7 items
[2026-08-26 15:37:27] INFO - httpx - HTTP Request: GET http://localhost:6333 "HTTP/1.1 200 OK"
[2026-08-26 15:37:27] INFO - httpx - HTTP Request: POST https://ollama.com/api/chat "HTTP/1.1 200 OK"
[2026-08-26 15:42:35] INFO - chat_engine - [QUERY NORMALIZATION] Original: Tôi uống bia rồi lái xe về nhà thì có bị phạt không?
[2026-08-26 15:42:37] INFO - httpx - HTTP Request: POST https://ollama.com/api/chat "HTTP/1.1 200 OK"
[2026-08-26 15:42:37] INFO - chat_engine - [QUERY NORMALIZATION] Normalized: Điều khiển phương tiện giao thông trong tình trạng say rượu có bị xử phạt không?
[2026-08-26 15:42:37] INFO - embedding - Completed embedding texts 1
[2026-08-26 15:42:37] INFO - httpx - HTTP Request: GET http://localhost:6333/collections "HTTP/1.1 200 OK"
[2026-08-26 15:42:37] INFO - vector_datatbase - Collection 'nmk_chatbot_collection' already exists.
[2026-08-26 15:42:37] INFO - sparse_vector - Model loaded from vectorstore\bm25store\bm25store.pkl
[2026-08-26 15:42:37] INFO - httpx - HTTP Request: POST http://localhost:6333/collections/nmk_chatbot_collection/points/query "HTTP/1.1 200 OK"
[2026-08-26 15:42:37] INFO - retrieval - Successfully retrieved 7 items
[2026-08-26 15:42:38] INFO - httpx - HTTP Request: POST https://ollama.com/api/chat "HTTP/1.1 200 OK"
[2026-08-26 15:49:09] INFO - chat_engine - [QUERY NORMALIZATION] Original: Tôi uống bia rồi lái xe về nhà thì có bị phạt không?
[2026-08-26 15:49:11] INFO - httpx - HTTP Request: POST https://ollama.com/api/chat "HTTP/1.1 200 OK"
[2026-08-26 15:49:11] INFO - chat_engine - [QUERY NORMALIZATION] Normalized: Điều khiển phương tiện giao thông trong tình trạng bị ảnh hưởng của rượu bia có bị xử phạt không?
[2026-08-26 15:49:11] INFO - embedding - Completed embedding texts 1
[2026-08-26 15:49:11] INFO - httpx - HTTP Request: GET http://localhost:6333/collections "HTTP/1.1 200 OK"
[2026-08-26 15:49:11] INFO - vector_datatbase - Collection 'nmk_chatbot_collection' already exists.
[2026-08-26 15:49:11] INFO - sparse_vector - Model loaded from vectorstore\bm25store\bm25store.pkl
[2026-08-26 15:49:11] INFO - httpx - HTTP Request: POST http://localhost:6333/collections/nmk_chatbot_collection/points/query "HTTP/1.1 200 OK"
[2026-08-26 15:49:11] INFO - retrieval - Successfully retrieved 7 items
[2026-08-26 15:49:13] INFO - httpx - HTTP Request: POST https://ollama.com/api/chat "HTTP/1.1 200 OK"
[2026-08-26 15:52:58] INFO - chat_engine - [QUERY NORMALIZATION] Original: Tôi uống bia rồi lái xe về nhà thì có bị phạt không?
[2026-08-26 15:53:01] INFO - httpx - HTTP Request: POST https://ollama.com/api/chat "HTTP/1.1 200 OK"
[2026-08-26 15:53:01] INFO - chat_engine - [QUERY NORMALIZATION] Normalized: Điều khiển xe cơ giới trong tình trạng say rượu có bị xử phạt không?
[2026-08-26 15:53:01] INFO - embedding - Completed embedding texts 1
[2026-08-26 15:53:01] INFO - httpx - HTTP Request: GET http://localhost:6333/collections "HTTP/1.1 200 OK"
[2026-08-26 15:53:01] INFO - vector_datatbase - Collection 'nmk_chatbot_collection' already exists.
[2026-08-26 15:53:01] INFO - sparse_vector - Model loaded from vectorstore\bm25store\bm25store.pkl
[2026-08-26 15:53:01] INFO - httpx - HTTP Request: POST http://localhost:6333/collections/nmk_chatbot_collection/points/query "HTTP/1.1 200 OK"
[2026-08-26 15:53:01] INFO - retrieval - Successfully retrieved 7 items
[2026-08-26 15:53:02] INFO - httpx - HTTP Request: POST https://ollama.com/api/chat "HTTP/1.1 200 OK"
[2026-08-26 16:24:27] INFO - chat_engine - [QUERY NORMALIZATION] Original: Tôi uống bia rồi lái xe về nhà thì có bị phạt không?
[2026-08-26 16:24:29] INFO - httpx - HTTP Request: POST https://ollama.com/api/chat "HTTP/1.1 200 OK"
[2026-08-26 16:24:29] INFO - chat_engine - [QUERY NORMALIZATION] Normalized: Điều khiển phương tiện giao thông trong tình trạng có nồng độ cồn vượt quá mức cho phép có bị xử phạt không?
[2026-08-26 16:24:29] INFO - embedding - Completed embedding texts 1
[2026-08-26 16:24:29] INFO - httpx - HTTP Request: GET http://localhost:6333/collections "HTTP/1.1 200 OK"
[2026-08-26 16:24:29] INFO - vector_datatbase - Collection 'nmk_chatbot_collection' already exists.
[2026-08-26 16:24:29] INFO - sparse_vector - Model loaded from vectorstore\bm25store\bm25store.pkl
[2026-08-26 16:24:29] INFO - httpx - HTTP Request: POST http://localhost:6333/collections/nmk_chatbot_collection/points/query "HTTP/1.1 200 OK"
[2026-08-26 16:24:29] INFO - retrieval - Successfully retrieved 7 items
[2026-08-26 16:24:30] INFO - httpx - HTTP Request: POST https://ollama.com/api/chat "HTTP/1.1 200 OK"
[2026-08-26 20:21:39] INFO - chat_engine - [QUERY NORMALIZATION] Original: Tôi uống bia rồi lái xe về nhà thì có bị phạt không?
[2026-08-26 20:21:42] INFO - httpx - HTTP Request: POST https://ollama.com/api/chat "HTTP/1.1 200 OK"
[2026-08-26 20:21:42] INFO - chat_engine - [QUERY NORMALIZATION] Normalized: Lái xe sau khi uống bia, trong tình trạng có nồng độ cồn trong máu vượt quá mức cho phép có bị xử phạt không?
[2026-08-26 20:21:42] INFO - embedding - Loadding embeding model. mainguyen9/vietlegal-harrier-0.6b
[2026-08-26 20:21:43] INFO - sentence_transformers.base.model - No device provided, using cuda:0
[2026-08-26 20:21:44] INFO - httpx - HTTP Request: HEAD https://huggingface.co/mainguyen9/vietlegal-harrier-0.6b/resolve/main/modules.json "HTTP/1.1 307 Temporary Redirect"
[2026-08-26 20:21:44] WARNING - huggingface_hub.utils._http - Warning: You are sending unauthenticated requests to the HF Hub. Please set a HF_TOKEN to enable higher rate limits and faster downloads.
[2026-08-26 20:21:44] INFO - httpx - HTTP Request: HEAD https://huggingface.co/api/resolve-cache/models/mainguyen9/vietlegal-harrier-0.6b/91a0e1ebe4b63b4475bbae40658b8ca9231bea74/modules.json "HTTP/1.1 200 OK"
[2026-08-26 20:21:45] INFO - httpx - HTTP Request: HEAD https://huggingface.co/mainguyen9/vietlegal-harrier-0.6b/resolve/main/config_sentence_transformers.json "HTTP/1.1 307 Temporary Redirect"
[2026-08-26 20:21:45] INFO - httpx - HTTP Request: HEAD https://huggingface.co/api/resolve-cache/models/mainguyen9/vietlegal-harrier-0.6b/91a0e1ebe4b63b4475bbae40658b8ca9231bea74/config_sentence_transformers.json "HTTP/1.1 200 OK"
[2026-08-26 20:21:45] INFO - sentence_transformers.base.model - Loading SentenceTransformer model from mainguyen9/vietlegal-harrier-0.6b.
[2026-08-26 20:21:45] INFO - httpx - HTTP Request: HEAD https://huggingface.co/mainguyen9/vietlegal-harrier-0.6b/resolve/main/config_sentence_transformers.json "HTTP/1.1 307 Temporary Redirect"
[2026-08-26 20:21:46] INFO - httpx - HTTP Request: HEAD https://huggingface.co/api/resolve-cache/models/mainguyen9/vietlegal-harrier-0.6b/91a0e1ebe4b63b4475bbae40658b8ca9231bea74/config_sentence_transformers.json "HTTP/1.1 200 OK"
[2026-08-26 20:21:46] INFO - httpx - HTTP Request: HEAD https://huggingface.co/mainguyen9/vietlegal-harrier-0.6b/resolve/main/README.md "HTTP/1.1 307 Temporary Redirect"
[2026-08-26 20:21:47] INFO - httpx - HTTP Request: HEAD https://huggingface.co/api/resolve-cache/models/mainguyen9/vietlegal-harrier-0.6b/91a0e1ebe4b63b4475bbae40658b8ca9231bea74/README.md "HTTP/1.1 200 OK"
[2026-08-26 20:21:47] INFO - httpx - HTTP Request: HEAD https://huggingface.co/mainguyen9/vietlegal-harrier-0.6b/resolve/main/modules.json "HTTP/1.1 307 Temporary Redirect"
[2026-08-26 20:21:48] INFO - httpx - HTTP Request: HEAD https://huggingface.co/api/resolve-cache/models/mainguyen9/vietlegal-harrier-0.6b/91a0e1ebe4b63b4475bbae40658b8ca9231bea74/modules.json "HTTP/1.1 200 OK"
[2026-08-26 20:21:48] INFO - httpx - HTTP Request: HEAD https://huggingface.co/mainguyen9/vietlegal-harrier-0.6b/resolve/main/sentence_bert_config.json "HTTP/1.1 307 Temporary Redirect"
[2026-08-26 20:21:48] INFO - httpx - HTTP Request: HEAD https://huggingface.co/api/resolve-cache/models/mainguyen9/vietlegal-harrier-0.6b/91a0e1ebe4b63b4475bbae40658b8ca9231bea74/sentence_bert_config.json "HTTP/1.1 200 OK"
[2026-08-26 20:21:49] INFO - httpx - HTTP Request: HEAD https://huggingface.co/mainguyen9/vietlegal-harrier-0.6b/resolve/main/adapter_config.json "HTTP/1.1 404 Not Found"
[2026-08-26 20:21:49] INFO - httpx - HTTP Request: HEAD https://huggingface.co/mainguyen9/vietlegal-harrier-0.6b/resolve/main/config.json "HTTP/1.1 307 Temporary Redirect"
[2026-08-26 20:21:49] INFO - httpx - HTTP Request: HEAD https://huggingface.co/api/resolve-cache/models/mainguyen9/vietlegal-harrier-0.6b/91a0e1ebe4b63b4475bbae40658b8ca9231bea74/config.json "HTTP/1.1 200 OK"
[2026-08-26 20:21:50] INFO - httpx - HTTP Request: HEAD https://huggingface.co/mainguyen9/vietlegal-harrier-0.6b/resolve/main/config.json "HTTP/1.1 307 Temporary Redirect"
[2026-08-26 20:21:50] INFO - httpx - HTTP Request: HEAD https://huggingface.co/api/resolve-cache/models/mainguyen9/vietlegal-harrier-0.6b/91a0e1ebe4b63b4475bbae40658b8ca9231bea74/config.json "HTTP/1.1 200 OK"
[2026-08-26 20:21:51] INFO - httpx - HTTP Request: HEAD https://huggingface.co/mainguyen9/vietlegal-harrier-0.6b/resolve/main/processor_config.json "HTTP/1.1 404 Not Found"
[2026-08-26 20:21:51] INFO - httpx - HTTP Request: HEAD https://huggingface.co/mainguyen9/vietlegal-harrier-0.6b/resolve/main/preprocessor_config.json "HTTP/1.1 404 Not Found"
[2026-08-26 20:21:51] INFO - httpx - HTTP Request: HEAD https://huggingface.co/mainguyen9/vietlegal-harrier-0.6b/resolve/main/video_preprocessor_config.json "HTTP/1.1 404 Not Found"
[2026-08-26 20:21:52] INFO - httpx - HTTP Request: HEAD https://huggingface.co/mainguyen9/vietlegal-harrier-0.6b/resolve/main/preprocessor_config.json "HTTP/1.1 404 Not Found"
[2026-08-26 20:21:53] INFO - httpx - HTTP Request: HEAD https://huggingface.co/mainguyen9/vietlegal-harrier-0.6b/resolve/main/tokenizer_config.json "HTTP/1.1 307 Temporary Redirect"
[2026-08-26 20:21:54] INFO - httpx - HTTP Request: HEAD https://huggingface.co/api/resolve-cache/models/mainguyen9/vietlegal-harrier-0.6b/91a0e1ebe4b63b4475bbae40658b8ca9231bea74/tokenizer_config.json "HTTP/1.1 200 OK"
[2026-08-26 20:21:54] INFO - httpx - HTTP Request: HEAD https://huggingface.co/mainguyen9/vietlegal-harrier-0.6b/resolve/main/config.json "HTTP/1.1 307 Temporary Redirect"
[2026-08-26 20:21:55] INFO - httpx - HTTP Request: HEAD https://huggingface.co/api/resolve-cache/models/mainguyen9/vietlegal-harrier-0.6b/91a0e1ebe4b63b4475bbae40658b8ca9231bea74/config.json "HTTP/1.1 200 OK"
[2026-08-26 20:21:55] INFO - httpx - HTTP Request: HEAD https://huggingface.co/mainguyen9/vietlegal-harrier-0.6b/resolve/main/config.json "HTTP/1.1 307 Temporary Redirect"
[2026-08-26 20:21:55] INFO - httpx - HTTP Request: HEAD https://huggingface.co/api/resolve-cache/models/mainguyen9/vietlegal-harrier-0.6b/91a0e1ebe4b63b4475bbae40658b8ca9231bea74/config.json "HTTP/1.1 200 OK"
[2026-08-26 20:21:56] INFO - httpx - HTTP Request: HEAD https://huggingface.co/mainguyen9/vietlegal-harrier-0.6b/resolve/main/tokenizer_config.json "HTTP/1.1 307 Temporary Redirect"
[2026-08-26 20:21:56] INFO - httpx - HTTP Request: HEAD https://huggingface.co/api/resolve-cache/models/mainguyen9/vietlegal-harrier-0.6b/91a0e1ebe4b63b4475bbae40658b8ca9231bea74/tokenizer_config.json "HTTP/1.1 200 OK"
[2026-08-26 20:21:57] INFO - httpx - HTTP Request: GET https://huggingface.co/api/models/mainguyen9/vietlegal-harrier-0.6b/tree/main/additional_chat_templates?recursive=false&expand=false "HTTP/1.1 404 Not Found"
[2026-08-26 20:21:58] INFO - httpx - HTTP Request: GET https://huggingface.co/api/models/mainguyen9/vietlegal-harrier-0.6b/tree/main?recursive=true&expand=false "HTTP/1.1 200 OK"
[2026-08-26 20:21:59] INFO - httpx - HTTP Request: GET https://huggingface.co/api/models/mainguyen9/vietlegal-harrier-0.6b "HTTP/1.1 200 OK"
[2026-08-26 20:21:59] INFO - httpx - HTTP Request: HEAD https://huggingface.co/mainguyen9/vietlegal-harrier-0.6b/resolve/main/1_Pooling/config.json "HTTP/1.1 307 Temporary Redirect"
[2026-08-26 20:21:59] INFO - httpx - HTTP Request: HEAD https://huggingface.co/api/resolve-cache/models/mainguyen9/vietlegal-harrier-0.6b/91a0e1ebe4b63b4475bbae40658b8ca9231bea74/1_Pooling%2Fconfig.json "HTTP/1.1 200 OK"
[2026-08-26 20:21:59] INFO - httpx - HTTP Request: GET https://huggingface.co/api/models/mainguyen9/vietlegal-harrier-0.6b "HTTP/1.1 200 OK"
[2026-08-26 20:22:05] INFO - sentence_transformers.base.model - Loaded 1 prompt with these keys: ['query']
[2026-08-26 20:22:06] INFO - embedding - Completed embedding texts 1
[2026-08-26 20:22:06] INFO - vector_datatbase - Connecting to Qdrant via URL
[2026-08-26 20:22:06] INFO - httpx - HTTP Request: GET http://localhost:6333/collections "HTTP/1.1 200 OK"
[2026-08-26 20:22:06] INFO - vector_datatbase - Successfully connected to Qdrant
[2026-08-26 20:22:06] INFO - httpx - HTTP Request: GET http://localhost:6333/collections "HTTP/1.1 200 OK"
[2026-08-26 20:22:06] INFO - vector_datatbase - Collection 'nmk_chatbot_collection' already exists.
[2026-08-26 20:22:06] INFO - sparse_vector - Model loaded from vectorstore\bm25store\bm25store.pkl
[2026-08-26 20:22:06] INFO - httpx - HTTP Request: POST http://localhost:6333/collections/nmk_chatbot_collection/points/query "HTTP/1.1 200 OK"
[2026-08-26 20:22:06] INFO - retrieval - Successfully retrieved 7 items
[2026-08-26 20:22:06] INFO - httpx - HTTP Request: GET http://localhost:6333 "HTTP/1.1 200 OK"
[2026-08-26 20:22:07] INFO - httpx - HTTP Request: POST https://ollama.com/api/chat "HTTP/1.1 200 OK"
[2026-08-26 20:29:41] INFO - embedding - Loadding embeding model. mainguyen9/vietlegal-harrier-0.6b
[2026-08-26 20:30:01] INFO - embedding - Completed embedding texts 1
[2026-08-26 20:30:02] INFO - sparse_vector - Model loaded from vectorstore\bm25store\bm25store.pkl
[2026-08-26 20:30:02] INFO - retrieval - Successfully retrieved 7 items
[2026-08-26 20:30:02] INFO - embedding - Completed embedding texts 1
[2026-08-26 20:30:02] INFO - sparse_vector - Model loaded from vectorstore\bm25store\bm25store.pkl
[2026-08-26 20:30:02] INFO - retrieval - Successfully retrieved 7 items
[2026-08-26 20:30:02] INFO - embedding - Completed embedding texts 1
[2026-08-26 20:30:02] INFO - sparse_vector - Model loaded from vectorstore\bm25store\bm25store.pkl
[2026-08-26 20:30:02] INFO - retrieval - Successfully retrieved 7 items
[2026-08-26 20:30:02] INFO - embedding - Completed embedding texts 1
[2026-08-26 20:30:02] INFO - sparse_vector - Model loaded from vectorstore\bm25store\bm25store.pkl
[2026-08-26 20:30:02] INFO - retrieval - Successfully retrieved 7 items
[2026-08-26 20:30:02] INFO - embedding - Completed embedding texts 1
[2026-08-26 20:30:03] INFO - sparse_vector - Model loaded from vectorstore\bm25store\bm25store.pkl
[2026-08-26 20:30:03] INFO - retrieval - Successfully retrieved 7 items
[2026-08-26 20:30:03] INFO - embedding - Completed embedding texts 1
[2026-08-26 20:30:03] INFO - sparse_vector - Model loaded from vectorstore\bm25store\bm25store.pkl
[2026-08-26 20:30:03] INFO - retrieval - Successfully retrieved 7 items
[2026-08-26 20:30:03] INFO - embedding - Completed embedding texts 1
[2026-08-26 20:30:03] INFO - sparse_vector - Model loaded from vectorstore\bm25store\bm25store.pkl
[2026-08-26 20:30:03] INFO - retrieval - Successfully retrieved 7 items
[2026-08-26 20:30:03] INFO - embedding - Completed embedding texts 1
[2026-08-26 20:30:03] INFO - sparse_vector - Model loaded from vectorstore\bm25store\bm25store.pkl
[2026-08-26 20:30:03] INFO - retrieval - Successfully retrieved 7 items
[2026-08-26 20:30:03] INFO - embedding - Completed embedding texts 1
[2026-08-26 20:30:03] INFO - sparse_vector - Model loaded from vectorstore\bm25store\bm25store.pkl
[2026-08-26 20:30:03] INFO - retrieval - Successfully retrieved 7 items
[2026-08-26 20:30:03] INFO - embedding - Completed embedding texts 1
[2026-08-26 20:30:03] INFO - sparse_vector - Model loaded from vectorstore\bm25store\bm25store.pkl
[2026-08-26 20:30:03] INFO - retrieval - Successfully retrieved 7 items
[2026-08-26 20:30:03] INFO - embedding - Completed embedding texts 1
[2026-08-26 20:30:03] INFO - sparse_vector - Model loaded from vectorstore\bm25store\bm25store.pkl
[2026-08-26 20:30:03] INFO - retrieval - Successfully retrieved 7 items
[2026-08-26 20:30:03] INFO - embedding - Completed embedding texts 1
[2026-08-26 20:30:03] INFO - sparse_vector - Model loaded from vectorstore\bm25store\bm25store.pkl
[2026-08-26 20:30:03] INFO - retrieval - Successfully retrieved 7 items
[2026-08-26 20:30:03] INFO - embedding - Completed embedding texts 1
[2026-08-26 20:30:04] INFO - sparse_vector - Model loaded from vectorstore\bm25store\bm25store.pkl
[2026-08-26 20:30:04] INFO - retrieval - Successfully retrieved 7 items
[2026-08-26 20:30:04] INFO - embedding - Completed embedding texts 1
[2026-08-26 20:30:04] INFO - sparse_vector - Model loaded from vectorstore\bm25store\bm25store.pkl
[2026-08-26 20:30:04] INFO - retrieval - Successfully retrieved 7 items
[2026-08-26 20:30:04] INFO - embedding - Completed embedding texts 1
[2026-08-26 20:30:04] INFO - sparse_vector - Model loaded from vectorstore\bm25store\bm25store.pkl
[2026-08-26 20:30:04] INFO - retrieval - Successfully retrieved 7 items
[2026-08-26 20:30:04] INFO - embedding - Completed embedding texts 1
[2026-08-26 20:30:04] INFO - sparse_vector - Model loaded from vectorstore\bm25store\bm25store.pkl
[2026-08-26 20:30:04] INFO - retrieval - Successfully retrieved 7 items
[2026-08-26 20:30:04] INFO - embedding - Completed embedding texts 1
[2026-08-26 20:30:04] INFO - sparse_vector - Model loaded from vectorstore\bm25store\bm25store.pkl
[2026-08-26 20:30:04] INFO - retrieval - Successfully retrieved 7 items
[2026-08-26 20:30:04] INFO - embedding - Completed embedding texts 1
[2026-08-26 20:30:04] INFO - sparse_vector - Model loaded from vectorstore\bm25store\bm25store.pkl
[2026-08-26 20:30:04] INFO - retrieval - Successfully retrieved 7 items
[2026-08-26 20:30:04] INFO - embedding - Completed embedding texts 1
[2026-08-26 20:30:04] INFO - sparse_vector - Model loaded from vectorstore\bm25store\bm25store.pkl
[2026-08-26 20:30:04] INFO - retrieval - Successfully retrieved 7 items
[2026-08-26 20:30:04] INFO - embedding - Completed embedding texts 1
[2026-08-26 20:30:04] INFO - sparse_vector - Model loaded from vectorstore\bm25store\bm25store.pkl
[2026-08-26 20:30:04] INFO - retrieval - Successfully retrieved 7 items
[2026-08-26 20:30:04] INFO - embedding - Completed embedding texts 1
[2026-08-26 20:30:04] INFO - sparse_vector - Model loaded from vectorstore\bm25store\bm25store.pkl
[2026-08-26 20:30:04] INFO - retrieval - Successfully retrieved 7 items
[2026-08-26 20:30:05] INFO - embedding - Completed embedding texts 1
[2026-08-26 20:30:05] INFO - sparse_vector - Model loaded from vectorstore\bm25store\bm25store.pkl
[2026-08-26 20:30:05] INFO - retrieval - Successfully retrieved 7 items
[2026-08-26 20:30:05] INFO - embedding - Completed embedding texts 1
[2026-08-26 20:30:05] INFO - sparse_vector - Model loaded from vectorstore\bm25store\bm25store.pkl
[2026-08-26 20:30:05] INFO - retrieval - Successfully retrieved 7 items
[2026-08-26 20:30:05] INFO - embedding - Completed embedding texts 1
[2026-08-26 20:30:05] INFO - sparse_vector - Model loaded from vectorstore\bm25store\bm25store.pkl
[2026-08-26 20:30:05] INFO - retrieval - Successfully retrieved 7 items
[2026-08-26 20:30:05] INFO - embedding - Completed embedding texts 1
[2026-08-26 20:30:05] INFO - sparse_vector - Model loaded from vectorstore\bm25store\bm25store.pkl
[2026-08-26 20:30:05] INFO - retrieval - Successfully retrieved 7 items
[2026-08-26 20:30:05] INFO - embedding - Completed embedding texts 1
[2026-08-26 20:30:05] INFO - sparse_vector - Model loaded from vectorstore\bm25store\bm25store.pkl
[2026-08-26 20:30:05] INFO - retrieval - Successfully retrieved 7 items
[2026-08-26 20:30:05] INFO - embedding - Completed embedding texts 1
[2026-08-26 20:30:05] INFO - sparse_vector - Model loaded from vectorstore\bm25store\bm25store.pkl
[2026-08-26 20:30:05] INFO - retrieval - Successfully retrieved 7 items
[2026-08-26 20:30:05] INFO - embedding - Completed embedding texts 1
[2026-08-26 20:30:05] INFO - sparse_vector - Model loaded from vectorstore\bm25store\bm25store.pkl
[2026-08-26 20:30:05] INFO - retrieval - Successfully retrieved 7 items
[2026-08-26 20:30:05] INFO - embedding - Completed embedding texts 1
[2026-08-26 20:30:05] INFO - sparse_vector - Model loaded from vectorstore\bm25store\bm25store.pkl
[2026-08-26 20:30:05] INFO - retrieval - Successfully retrieved 7 items
[2026-08-26 20:30:06] INFO - embedding - Completed embedding texts 1
[2026-08-26 20:30:06] INFO - sparse_vector - Model loaded from vectorstore\bm25store\bm25store.pkl
[2026-08-26 20:30:06] INFO - retrieval - Successfully retrieved 7 items
[2026-08-26 20:30:06] INFO - embedding - Completed embedding texts 1
[2026-08-26 20:30:06] INFO - sparse_vector - Model loaded from vectorstore\bm25store\bm25store.pkl
[2026-08-26 20:30:06] INFO - retrieval - Successfully retrieved 7 items
[2026-08-26 20:30:06] INFO - embedding - Completed embedding texts 1
[2026-08-26 20:30:06] INFO - sparse_vector - Model loaded from vectorstore\bm25store\bm25store.pkl
[2026-08-26 20:30:06] INFO - retrieval - Successfully retrieved 7 items
[2026-08-26 20:30:06] INFO - embedding - Completed embedding texts 1
[2026-08-26 20:30:06] INFO - sparse_vector - Model loaded from vectorstore\bm25store\bm25store.pkl
[2026-08-26 20:30:06] INFO - retrieval - Successfully retrieved 7 items
[2026-08-26 20:30:06] INFO - embedding - Completed embedding texts 1
[2026-08-26 20:30:06] INFO - sparse_vector - Model loaded from vectorstore\bm25store\bm25store.pkl
[2026-08-26 20:30:06] INFO - retrieval - Successfully retrieved 7 items
[2026-08-26 20:30:06] INFO - embedding - Completed embedding texts 1
[2026-08-26 20:30:06] INFO - sparse_vector - Model loaded from vectorstore\bm25store\bm25store.pkl
[2026-08-26 20:30:06] INFO - retrieval - Successfully retrieved 7 items
[2026-08-26 20:30:06] INFO - embedding - Completed embedding texts 1
[2026-08-26 20:30:06] INFO - sparse_vector - Model loaded from vectorstore\bm25store\bm25store.pkl
[2026-08-26 20:30:06] INFO - retrieval - Successfully retrieved 7 items
[2026-08-26 20:30:06] INFO - embedding - Completed embedding texts 1
[2026-08-26 20:30:06] INFO - sparse_vector - Model loaded from vectorstore\bm25store\bm25store.pkl
[2026-08-26 20:30:06] INFO - retrieval - Successfully retrieved 7 items
[2026-08-26 20:30:06] INFO - embedding - Completed embedding texts 1
[2026-08-26 20:30:06] INFO - sparse_vector - Model loaded from vectorstore\bm25store\bm25store.pkl
[2026-08-26 20:30:06] INFO - retrieval - Successfully retrieved 7 items
[2026-08-26 20:30:07] INFO - embedding - Completed embedding texts 1
[2026-08-26 20:30:07] INFO - sparse_vector - Model loaded from vectorstore\bm25store\bm25store.pkl
[2026-08-26 20:30:07] INFO - retrieval - Successfully retrieved 7 items
[2026-08-26 20:30:07] INFO - embedding - Completed embedding texts 1
[2026-08-26 20:30:07] INFO - sparse_vector - Model loaded from vectorstore\bm25store\bm25store.pkl
[2026-08-26 20:30:07] INFO - retrieval - Successfully retrieved 7 items
[2026-08-26 20:30:07] INFO - embedding - Completed embedding texts 1
[2026-08-26 20:30:07] INFO - sparse_vector - Model loaded from vectorstore\bm25store\bm25store.pkl
[2026-08-26 20:30:07] INFO - retrieval - Successfully retrieved 7 items
[2026-08-26 20:30:07] INFO - embedding - Completed embedding texts 1
[2026-08-26 20:30:07] INFO - sparse_vector - Model loaded from vectorstore\bm25store\bm25store.pkl
[2026-08-26 20:30:07] INFO - retrieval - Successfully retrieved 7 items
[2026-08-26 20:30:07] INFO - embedding - Completed embedding texts 1
[2026-08-26 20:30:07] INFO - sparse_vector - Model loaded from vectorstore\bm25store\bm25store.pkl
[2026-08-26 20:30:07] INFO - retrieval - Successfully retrieved 7 items
[2026-08-26 20:30:07] INFO - embedding - Completed embedding texts 1
[2026-08-26 20:30:07] INFO - sparse_vector - Model loaded from vectorstore\bm25store\bm25store.pkl
[2026-08-26 20:30:07] INFO - retrieval - Successfully retrieved 7 items
[2026-08-26 20:30:07] INFO - embedding - Completed embedding texts 1
[2026-08-26 20:30:07] INFO - sparse_vector - Model loaded from vectorstore\bm25store\bm25store.pkl
[2026-08-26 20:30:07] INFO - retrieval - Successfully retrieved 7 items
[2026-08-26 20:30:07] INFO - embedding - Completed embedding texts 1
[2026-08-26 20:30:07] INFO - sparse_vector - Model loaded from vectorstore\bm25store\bm25store.pkl
[2026-08-26 20:30:07] INFO - retrieval - Successfully retrieved 7 items
[2026-08-26 20:30:07] INFO - embedding - Completed embedding texts 1
[2026-08-26 20:30:07] INFO - sparse_vector - Model loaded from vectorstore\bm25store\bm25store.pkl
[2026-08-26 20:30:07] INFO - retrieval - Successfully retrieved 7 items
[2026-08-26 20:30:08] INFO - embedding - Completed embedding texts 1
[2026-08-26 20:30:08] INFO - sparse_vector - Model loaded from vectorstore\bm25store\bm25store.pkl
[2026-08-26 20:30:08] INFO - retrieval - Successfully retrieved 7 items
[2026-08-26 20:30:08] INFO - embedding - Completed embedding texts 1
[2026-08-26 20:30:08] INFO - sparse_vector - Model loaded from vectorstore\bm25store\bm25store.pkl
[2026-08-26 20:30:08] INFO - retrieval - Successfully retrieved 7 items
[2026-08-26 20:30:08] INFO - embedding - Completed embedding texts 1
[2026-08-26 20:30:08] INFO - sparse_vector - Model loaded from vectorstore\bm25store\bm25store.pkl
[2026-08-26 20:30:08] INFO - retrieval - Successfully retrieved 7 items
[2026-08-26 20:30:08] INFO - embedding - Completed embedding texts 1
[2026-08-26 20:30:08] INFO - sparse_vector - Model loaded from vectorstore\bm25store\bm25store.pkl
[2026-08-26 20:30:08] INFO - retrieval - Successfully retrieved 7 items
[2026-08-26 20:30:08] INFO - embedding - Completed embedding texts 1
[2026-08-26 20:30:08] INFO - sparse_vector - Model loaded from vectorstore\bm25store\bm25store.pkl
[2026-08-26 20:30:08] INFO - retrieval - Successfully retrieved 7 items
[2026-08-26 20:30:08] INFO - embedding - Completed embedding texts 1
[2026-08-26 20:30:08] INFO - sparse_vector - Model loaded from vectorstore\bm25store\bm25store.pkl
[2026-08-26 20:30:08] INFO - retrieval - Successfully retrieved 7 items
[2026-08-26 20:30:08] INFO - embedding - Completed embedding texts 1
[2026-08-26 20:30:08] INFO - sparse_vector - Model loaded from vectorstore\bm25store\bm25store.pkl
[2026-08-26 20:30:08] INFO - retrieval - Successfully retrieved 7 items
[2026-08-26 20:30:08] INFO - embedding - Completed embedding texts 1
[2026-08-26 20:30:08] INFO - sparse_vector - Model loaded from vectorstore\bm25store\bm25store.pkl
[2026-08-26 20:30:09] INFO - retrieval - Successfully retrieved 7 items
[2026-08-26 20:30:09] INFO - embedding - Completed embedding texts 1
[2026-08-26 20:30:09] INFO - sparse_vector - Model loaded from vectorstore\bm25store\bm25store.pkl
[2026-08-26 20:30:09] INFO - retrieval - Successfully retrieved 7 items
[2026-08-26 20:30:09] INFO - embedding - Completed embedding texts 1
[2026-08-26 20:30:09] INFO - sparse_vector - Model loaded from vectorstore\bm25store\bm25store.pkl
[2026-08-26 20:30:09] INFO - retrieval - Successfully retrieved 7 items
[2026-08-26 20:30:09] INFO - embedding - Completed embedding texts 1
[2026-08-26 20:30:09] INFO - sparse_vector - Model loaded from vectorstore\bm25store\bm25store.pkl
[2026-08-26 20:30:09] INFO - retrieval - Successfully retrieved 7 items
[2026-08-26 20:30:09] INFO - embedding - Completed embedding texts 1
[2026-08-26 20:30:09] INFO - sparse_vector - Model loaded from vectorstore\bm25store\bm25store.pkl
[2026-08-26 20:30:09] INFO - retrieval - Successfully retrieved 7 items
[2026-08-26 20:30:09] INFO - embedding - Completed embedding texts 1
[2026-08-26 20:30:09] INFO - sparse_vector - Model loaded from vectorstore\bm25store\bm25store.pkl
[2026-08-26 20:30:09] INFO - retrieval - Successfully retrieved 7 items
[2026-08-26 20:30:09] INFO - embedding - Completed embedding texts 1
[2026-08-26 20:30:09] INFO - sparse_vector - Model loaded from vectorstore\bm25store\bm25store.pkl
[2026-08-26 20:30:09] INFO - retrieval - Successfully retrieved 7 items
[2026-08-26 20:30:09] INFO - embedding - Completed embedding texts 1
[2026-08-26 20:30:09] INFO - sparse_vector - Model loaded from vectorstore\bm25store\bm25store.pkl
[2026-08-26 20:30:10] INFO - retrieval - Successfully retrieved 7 items
[2026-08-26 20:30:10] INFO - embedding - Completed embedding texts 1
[2026-08-26 20:30:10] INFO - sparse_vector - Model loaded from vectorstore\bm25store\bm25store.pkl
[2026-08-26 20:30:10] INFO - retrieval - Successfully retrieved 7 items
[2026-08-26 20:30:10] INFO - embedding - Completed embedding texts 1
[2026-08-26 20:30:10] INFO - sparse_vector - Model loaded from vectorstore\bm25store\bm25store.pkl
[2026-08-26 20:30:10] INFO - retrieval - Successfully retrieved 7 items
[2026-08-26 20:30:10] INFO - embedding - Completed embedding texts 1
[2026-08-26 20:30:10] INFO - sparse_vector - Model loaded from vectorstore\bm25store\bm25store.pkl
[2026-08-26 20:30:10] INFO - retrieval - Successfully retrieved 7 items
[2026-08-26 20:30:10] INFO - embedding - Completed embedding texts 1
[2026-08-26 20:30:10] INFO - sparse_vector - Model loaded from vectorstore\bm25store\bm25store.pkl
[2026-08-26 20:30:10] INFO - retrieval - Successfully retrieved 7 items
[2026-08-26 20:30:10] INFO - embedding - Completed embedding texts 1
[2026-08-26 20:30:10] INFO - sparse_vector - Model loaded from vectorstore\bm25store\bm25store.pkl
[2026-08-26 20:30:10] INFO - retrieval - Successfully retrieved 7 items
[2026-08-26 20:30:10] INFO - embedding - Completed embedding texts 1
[2026-08-26 20:30:10] INFO - sparse_vector - Model loaded from vectorstore\bm25store\bm25store.pkl
[2026-08-26 20:30:10] INFO - retrieval - Successfully retrieved 7 items
[2026-08-26 20:30:10] INFO - embedding - Completed embedding texts 1
[2026-08-26 20:30:10] INFO - sparse_vector - Model loaded from vectorstore\bm25store\bm25store.pkl
[2026-08-26 20:30:10] INFO - retrieval - Successfully retrieved 7 items
[2026-08-26 20:30:10] INFO - embedding - Completed embedding texts 1
[2026-08-26 20:30:10] INFO - sparse_vector - Model loaded from vectorstore\bm25store\bm25store.pkl
[2026-08-26 20:30:10] INFO - retrieval - Successfully retrieved 7 items
[2026-08-26 20:30:11] INFO - embedding - Completed embedding texts 1
[2026-08-26 20:30:11] INFO - sparse_vector - Model loaded from vectorstore\bm25store\bm25store.pkl
[2026-08-26 20:30:11] INFO - retrieval - Successfully retrieved 7 items
[2026-08-26 20:30:11] INFO - embedding - Completed embedding texts 1
[2026-08-26 20:30:11] INFO - sparse_vector - Model loaded from vectorstore\bm25store\bm25store.pkl
[2026-08-26 20:30:11] INFO - retrieval - Successfully retrieved 7 items
[2026-08-26 20:30:11] INFO - embedding - Completed embedding texts 1
[2026-08-26 20:30:11] INFO - sparse_vector - Model loaded from vectorstore\bm25store\bm25store.pkl
[2026-08-26 20:30:11] INFO - retrieval - Successfully retrieved 7 items
[2026-08-26 20:30:11] INFO - embedding - Completed embedding texts 1
[2026-08-26 20:30:11] INFO - sparse_vector - Model loaded from vectorstore\bm25store\bm25store.pkl
[2026-08-26 20:30:11] INFO - retrieval - Successfully retrieved 7 items
[2026-08-26 20:30:11] INFO - embedding - Completed embedding texts 1
[2026-08-26 20:30:11] INFO - sparse_vector - Model loaded from vectorstore\bm25store\bm25store.pkl
[2026-08-26 20:30:11] INFO - retrieval - Successfully retrieved 7 items
[2026-08-26 20:30:11] INFO - embedding - Completed embedding texts 1
[2026-08-26 20:30:11] INFO - sparse_vector - Model loaded from vectorstore\bm25store\bm25store.pkl
[2026-08-26 20:30:11] INFO - retrieval - Successfully retrieved 7 items
[2026-08-26 20:30:11] INFO - embedding - Completed embedding texts 1
[2026-08-26 20:30:11] INFO - sparse_vector - Model loaded from vectorstore\bm25store\bm25store.pkl
[2026-08-26 20:30:11] INFO - retrieval - Successfully retrieved 7 items
[2026-08-26 20:30:11] INFO - embedding - Completed embedding texts 1
[2026-08-26 20:30:11] INFO - sparse_vector - Model loaded from vectorstore\bm25store\bm25store.pkl
[2026-08-26 20:30:11] INFO - retrieval - Successfully retrieved 7 items
[2026-08-26 20:30:12] INFO - embedding - Completed embedding texts 1
[2026-08-26 20:30:12] INFO - sparse_vector - Model loaded from vectorstore\bm25store\bm25store.pkl
[2026-08-26 20:30:12] INFO - retrieval - Successfully retrieved 7 items
[2026-08-26 20:30:12] INFO - embedding - Completed embedding texts 1
[2026-08-26 20:30:12] INFO - sparse_vector - Model loaded from vectorstore\bm25store\bm25store.pkl
[2026-08-26 20:30:12] INFO - retrieval - Successfully retrieved 7 items
[2026-08-26 20:30:12] INFO - embedding - Completed embedding texts 1
[2026-08-26 20:30:12] INFO - sparse_vector - Model loaded from vectorstore\bm25store\bm25store.pkl
[2026-08-26 20:30:12] INFO - retrieval - Successfully retrieved 7 items
[2026-08-26 20:30:12] INFO - embedding - Completed embedding texts 1
[2026-08-26 20:30:12] INFO - sparse_vector - Model loaded from vectorstore\bm25store\bm25store.pkl
[2026-08-26 20:30:12] INFO - retrieval - Successfully retrieved 7 items
[2026-08-26 20:30:12] INFO - embedding - Completed embedding texts 1
[2026-08-26 20:30:12] INFO - sparse_vector - Model loaded from vectorstore\bm25store\bm25store.pkl
[2026-08-26 20:30:12] INFO - retrieval - Successfully retrieved 7 items
[2026-08-26 20:30:12] INFO - embedding - Completed embedding texts 1
[2026-08-26 20:30:12] INFO - sparse_vector - Model loaded from vectorstore\bm25store\bm25store.pkl
[2026-08-26 20:30:12] INFO - retrieval - Successfully retrieved 7 items
[2026-08-26 20:30:12] INFO - embedding - Completed embedding texts 1
[2026-08-26 20:30:12] INFO - sparse_vector - Model loaded from vectorstore\bm25store\bm25store.pkl
[2026-08-26 20:30:12] INFO - retrieval - Successfully retrieved 7 items
[2026-08-26 20:30:12] INFO - embedding - Completed embedding texts 1
[2026-08-26 20:30:12] INFO - sparse_vector - Model loaded from vectorstore\bm25store\bm25store.pkl
[2026-08-26 20:30:12] INFO - retrieval - Successfully retrieved 7 items
[2026-08-26 20:30:13] INFO - embedding - Completed embedding texts 1
[2026-08-26 20:30:13] INFO - sparse_vector - Model loaded from vectorstore\bm25store\bm25store.pkl
[2026-08-26 20:30:13] INFO - retrieval - Successfully retrieved 7 items
[2026-08-26 20:30:13] INFO - embedding - Completed embedding texts 1
[2026-08-26 20:30:13] INFO - sparse_vector - Model loaded from vectorstore\bm25store\bm25store.pkl
[2026-08-26 20:30:13] INFO - retrieval - Successfully retrieved 7 items
[2026-08-26 20:30:13] INFO - embedding - Completed embedding texts 1
[2026-08-26 20:30:13] INFO - sparse_vector - Model loaded from vectorstore\bm25store\bm25store.pkl
[2026-08-26 20:30:13] INFO - retrieval - Successfully retrieved 7 items
[2026-08-26 20:30:13] INFO - embedding - Completed embedding texts 1
[2026-08-26 20:30:13] INFO - sparse_vector - Model loaded from vectorstore\bm25store\bm25store.pkl
[2026-08-26 20:30:13] INFO - retrieval - Successfully retrieved 7 items
[2026-08-26 20:30:13] INFO - embedding - Completed embedding texts 1
[2026-08-26 20:30:13] INFO - sparse_vector - Model loaded from vectorstore\bm25store\bm25store.pkl
[2026-08-26 20:30:13] INFO - retrieval - Successfully retrieved 7 items
[2026-08-26 20:30:13] INFO - embedding - Completed embedding texts 1
[2026-08-26 20:30:13] INFO - sparse_vector - Model loaded from vectorstore\bm25store\bm25store.pkl
[2026-08-26 20:30:13] INFO - retrieval - Successfully retrieved 7 items
[2026-08-26 20:30:13] INFO - embedding - Completed embedding texts 1
[2026-08-26 20:30:13] INFO - sparse_vector - Model loaded from vectorstore\bm25store\bm25store.pkl
[2026-08-26 20:30:13] INFO - retrieval - Successfully retrieved 7 items
[2026-08-26 20:30:13] INFO - embedding - Completed embedding texts 1
[2026-08-26 20:30:13] INFO - sparse_vector - Model loaded from vectorstore\bm25store\bm25store.pkl
[2026-08-26 20:30:13] INFO - retrieval - Successfully retrieved 7 items
[2026-08-26 20:30:13] INFO - embedding - Completed embedding texts 1
[2026-08-26 20:30:13] INFO - sparse_vector - Model loaded from vectorstore\bm25store\bm25store.pkl
[2026-08-26 20:30:13] INFO - retrieval - Successfully retrieved 7 items
[2026-08-26 20:30:14] INFO - embedding - Completed embedding texts 1
[2026-08-26 20:30:14] INFO - sparse_vector - Model loaded from vectorstore\bm25store\bm25store.pkl
[2026-08-26 20:30:14] INFO - retrieval - Successfully retrieved 7 items
[2026-08-26 20:30:14] INFO - embedding - Completed embedding texts 1
[2026-08-26 20:30:14] INFO - sparse_vector - Model loaded from vectorstore\bm25store\bm25store.pkl
[2026-08-26 20:30:14] INFO - retrieval - Successfully retrieved 7 items
[2026-08-26 20:30:14] INFO - embedding - Completed embedding texts 1
[2026-08-26 20:30:14] INFO - sparse_vector - Model loaded from vectorstore\bm25store\bm25store.pkl
[2026-08-26 20:30:14] INFO - retrieval - Successfully retrieved 7 items
[2026-08-26 20:30:14] INFO - embedding - Completed embedding texts 1
[2026-08-26 20:30:14] INFO - sparse_vector - Model loaded from vectorstore\bm25store\bm25store.pkl
[2026-08-26 20:30:14] INFO - retrieval - Successfully retrieved 7 items
[2026-08-26 20:30:14] INFO - embedding - Completed embedding texts 1
[2026-08-26 20:30:14] INFO - sparse_vector - Model loaded from vectorstore\bm25store\bm25store.pkl
[2026-08-26 20:30:14] INFO - retrieval - Successfully retrieved 7 items
[2026-08-26 20:33:18] INFO - embedding - Loadding embeding model. mainguyen9/vietlegal-harrier-0.6b
[2026-08-26 20:33:48] INFO - embedding - Completed embedding texts 1
[2026-08-26 20:33:49] INFO - sparse_vector - Model loaded from vectorstore\bm25store\bm25store.pkl
[2026-08-26 20:33:49] INFO - retrieval - Successfully retrieved 7 items
[2026-08-26 20:33:52] INFO - embedding - Completed embedding texts 1
[2026-08-26 20:33:52] INFO - sparse_vector - Model loaded from vectorstore\bm25store\bm25store.pkl
[2026-08-26 20:33:52] INFO - retrieval - Successfully retrieved 7 items
[2026-08-26 20:33:54] INFO - embedding - Completed embedding texts 1
[2026-08-26 20:33:54] INFO - sparse_vector - Model loaded from vectorstore\bm25store\bm25store.pkl
[2026-08-26 20:33:54] INFO - retrieval - Successfully retrieved 7 items
[2026-08-26 20:33:58] INFO - embedding - Completed embedding texts 1
[2026-08-26 20:33:58] INFO - sparse_vector - Model loaded from vectorstore\bm25store\bm25store.pkl
[2026-08-26 20:33:58] INFO - retrieval - Successfully retrieved 7 items
[2026-08-26 20:34:01] INFO - embedding - Completed embedding texts 1
[2026-08-26 20:34:01] INFO - sparse_vector - Model loaded from vectorstore\bm25store\bm25store.pkl
[2026-08-26 20:34:01] INFO - retrieval - Successfully retrieved 7 items
[2026-08-26 20:34:05] INFO - embedding - Completed embedding texts 1
[2026-08-26 20:34:05] INFO - sparse_vector - Model loaded from vectorstore\bm25store\bm25store.pkl
[2026-08-26 20:34:05] INFO - retrieval - Successfully retrieved 7 items
[2026-08-26 20:34:07] INFO - embedding - Completed embedding texts 1
[2026-08-26 20:34:07] INFO - sparse_vector - Model loaded from vectorstore\bm25store\bm25store.pkl
[2026-08-26 20:34:07] INFO - retrieval - Successfully retrieved 7 items
[2026-08-26 20:34:11] INFO - embedding - Completed embedding texts 1
[2026-08-26 20:34:11] INFO - sparse_vector - Model loaded from vectorstore\bm25store\bm25store.pkl
[2026-08-26 20:34:11] INFO - retrieval - Successfully retrieved 7 items
[2026-08-26 20:34:14] INFO - embedding - Completed embedding texts 1
[2026-08-26 20:34:14] INFO - sparse_vector - Model loaded from vectorstore\bm25store\bm25store.pkl
[2026-08-26 20:34:14] INFO - retrieval - Successfully retrieved 7 items
[2026-08-26 20:34:17] INFO - embedding - Completed embedding texts 1
[2026-08-26 20:34:17] INFO - sparse_vector - Model loaded from vectorstore\bm25store\bm25store.pkl
[2026-08-26 20:34:17] INFO - retrieval - Successfully retrieved 7 items
[2026-08-26 20:34:19] INFO - embedding - Completed embedding texts 1
[2026-08-26 20:34:19] INFO - sparse_vector - Model loaded from vectorstore\bm25store\bm25store.pkl
[2026-08-26 20:34:19] INFO - retrieval - Successfully retrieved 7 items
[2026-08-26 20:34:22] INFO - embedding - Completed embedding texts 1
[2026-08-26 20:34:22] INFO - sparse_vector - Model loaded from vectorstore\bm25store\bm25store.pkl
[2026-08-26 20:34:22] INFO - retrieval - Successfully retrieved 7 items
[2026-08-26 20:34:24] INFO - embedding - Completed embedding texts 1
[2026-08-26 20:34:24] INFO - sparse_vector - Model loaded from vectorstore\bm25store\bm25store.pkl
[2026-08-26 20:34:24] INFO - retrieval - Successfully retrieved 7 items
[2026-08-26 20:34:26] INFO - embedding - Completed embedding texts 1
[2026-08-26 20:34:26] INFO - sparse_vector - Model loaded from vectorstore\bm25store\bm25store.pkl
[2026-08-26 20:34:26] INFO - retrieval - Successfully retrieved 7 items
[2026-08-26 20:34:29] INFO - embedding - Completed embedding texts 1
[2026-08-26 20:34:29] INFO - sparse_vector - Model loaded from vectorstore\bm25store\bm25store.pkl
[2026-08-26 20:34:29] INFO - retrieval - Successfully retrieved 7 items
[2026-08-26 20:34:31] INFO - embedding - Completed embedding texts 1
[2026-08-26 20:34:31] INFO - sparse_vector - Model loaded from vectorstore\bm25store\bm25store.pkl
[2026-08-26 20:34:31] INFO - retrieval - Successfully retrieved 7 items
[2026-08-26 20:34:34] INFO - embedding - Completed embedding texts 1
[2026-08-26 20:34:34] INFO - sparse_vector - Model loaded from vectorstore\bm25store\bm25store.pkl
[2026-08-26 20:34:34] INFO - retrieval - Successfully retrieved 7 items
[2026-08-26 20:34:36] INFO - embedding - Completed embedding texts 1
[2026-08-26 20:34:36] INFO - sparse_vector - Model loaded from vectorstore\bm25store\bm25store.pkl
[2026-08-26 20:34:36] INFO - retrieval - Successfully retrieved 7 items
[2026-08-26 20:34:38] INFO - embedding - Completed embedding texts 1
[2026-08-26 20:34:38] INFO - sparse_vector - Model loaded from vectorstore\bm25store\bm25store.pkl
[2026-08-26 20:34:38] INFO - retrieval - Successfully retrieved 7 items
[2026-08-26 20:34:41] INFO - embedding - Completed embedding texts 1
[2026-08-26 20:34:41] INFO - sparse_vector - Model loaded from vectorstore\bm25store\bm25store.pkl
[2026-08-26 20:34:41] INFO - retrieval - Successfully retrieved 7 items
[2026-08-26 20:34:44] INFO - embedding - Completed embedding texts 1
[2026-08-26 20:34:44] INFO - sparse_vector - Model loaded from vectorstore\bm25store\bm25store.pkl
[2026-08-26 20:34:44] INFO - retrieval - Successfully retrieved 7 items
[2026-08-26 20:34:46] INFO - embedding - Completed embedding texts 1
[2026-08-26 20:34:47] INFO - sparse_vector - Model loaded from vectorstore\bm25store\bm25store.pkl
[2026-08-26 20:34:47] INFO - retrieval - Successfully retrieved 7 items
[2026-08-26 20:34:51] INFO - embedding - Completed embedding texts 1
[2026-08-26 20:34:51] INFO - sparse_vector - Model loaded from vectorstore\bm25store\bm25store.pkl
[2026-08-26 20:34:51] INFO - retrieval - Successfully retrieved 7 items
[2026-08-26 20:34:53] INFO - embedding - Completed embedding texts 1
[2026-08-26 20:34:53] INFO - sparse_vector - Model loaded from vectorstore\bm25store\bm25store.pkl
[2026-08-26 20:34:53] INFO - retrieval - Successfully retrieved 7 items
[2026-08-26 20:34:56] INFO - embedding - Completed embedding texts 1
[2026-08-26 20:34:56] INFO - sparse_vector - Model loaded from vectorstore\bm25store\bm25store.pkl
[2026-08-26 20:34:56] INFO - retrieval - Successfully retrieved 7 items
[2026-08-26 20:34:58] INFO - embedding - Completed embedding texts 1
[2026-08-26 20:34:58] INFO - sparse_vector - Model loaded from vectorstore\bm25store\bm25store.pkl
[2026-08-26 20:34:58] INFO - retrieval - Successfully retrieved 7 items
[2026-08-26 20:35:01] INFO - embedding - Completed embedding texts 1
[2026-08-26 20:35:01] INFO - sparse_vector - Model loaded from vectorstore\bm25store\bm25store.pkl
[2026-08-26 20:35:01] INFO - retrieval - Successfully retrieved 7 items
[2026-08-26 20:35:04] INFO - embedding - Completed embedding texts 1
[2026-08-26 20:35:04] INFO - sparse_vector - Model loaded from vectorstore\bm25store\bm25store.pkl
[2026-08-26 20:35:04] INFO - retrieval - Successfully retrieved 7 items
[2026-08-26 20:35:07] INFO - embedding - Completed embedding texts 1
[2026-08-26 20:35:07] INFO - sparse_vector - Model loaded from vectorstore\bm25store\bm25store.pkl
[2026-08-26 20:35:07] INFO - retrieval - Successfully retrieved 7 items
[2026-08-26 20:35:11] INFO - embedding - Completed embedding texts 1
[2026-08-26 20:35:11] INFO - sparse_vector - Model loaded from vectorstore\bm25store\bm25store.pkl
[2026-08-26 20:35:11] INFO - retrieval - Successfully retrieved 7 items
[2026-08-26 20:35:14] INFO - embedding - Completed embedding texts 1
[2026-08-26 20:35:14] INFO - sparse_vector - Model loaded from vectorstore\bm25store\bm25store.pkl
[2026-08-26 20:35:14] INFO - retrieval - Successfully retrieved 7 items
[2026-08-26 20:35:17] INFO - embedding - Completed embedding texts 1
[2026-08-26 20:35:17] INFO - sparse_vector - Model loaded from vectorstore\bm25store\bm25store.pkl
[2026-08-26 20:35:18] INFO - retrieval - Successfully retrieved 7 items
[2026-08-26 20:35:21] INFO - embedding - Completed embedding texts 1
[2026-08-26 20:35:21] INFO - sparse_vector - Model loaded from vectorstore\bm25store\bm25store.pkl
[2026-08-26 20:35:22] INFO - retrieval - Successfully retrieved 7 items
[2026-08-26 20:35:25] INFO - embedding - Completed embedding texts 1
[2026-08-26 20:35:25] INFO - sparse_vector - Model loaded from vectorstore\bm25store\bm25store.pkl
[2026-08-26 20:35:25] INFO - retrieval - Successfully retrieved 7 items
[2026-08-26 20:35:29] INFO - embedding - Completed embedding texts 1
[2026-08-26 20:35:29] INFO - sparse_vector - Model loaded from vectorstore\bm25store\bm25store.pkl
[2026-08-26 20:35:29] INFO - retrieval - Successfully retrieved 7 items
[2026-08-26 20:35:31] INFO - embedding - Completed embedding texts 1
[2026-08-26 20:35:31] INFO - sparse_vector - Model loaded from vectorstore\bm25store\bm25store.pkl
[2026-08-26 20:35:31] INFO - retrieval - Successfully retrieved 7 items
[2026-08-26 20:35:34] INFO - embedding - Completed embedding texts 1
[2026-08-26 20:35:34] INFO - sparse_vector - Model loaded from vectorstore\bm25store\bm25store.pkl
[2026-08-26 20:35:34] INFO - retrieval - Successfully retrieved 7 items
[2026-08-26 20:35:38] INFO - embedding - Completed embedding texts 1
[2026-08-26 20:35:38] INFO - sparse_vector - Model loaded from vectorstore\bm25store\bm25store.pkl
[2026-08-26 20:35:38] INFO - retrieval - Successfully retrieved 7 items
[2026-08-26 20:35:41] INFO - embedding - Completed embedding texts 1
[2026-08-26 20:35:41] INFO - sparse_vector - Model loaded from vectorstore\bm25store\bm25store.pkl
[2026-08-26 20:35:41] INFO - retrieval - Successfully retrieved 7 items
[2026-08-26 20:35:45] INFO - embedding - Completed embedding texts 1
[2026-08-26 20:35:45] INFO - sparse_vector - Model loaded from vectorstore\bm25store\bm25store.pkl
[2026-08-26 20:35:45] INFO - retrieval - Successfully retrieved 7 items
[2026-08-26 20:35:48] INFO - embedding - Completed embedding texts 1
[2026-08-26 20:35:48] INFO - sparse_vector - Model loaded from vectorstore\bm25store\bm25store.pkl
[2026-08-26 20:35:48] INFO - retrieval - Successfully retrieved 7 items
[2026-08-26 20:35:51] INFO - embedding - Completed embedding texts 1
[2026-08-26 20:35:51] INFO - sparse_vector - Model loaded from vectorstore\bm25store\bm25store.pkl
[2026-08-26 20:35:51] INFO - retrieval - Successfully retrieved 7 items
[2026-08-26 20:35:53] INFO - embedding - Completed embedding texts 1
[2026-08-26 20:35:53] INFO - sparse_vector - Model loaded from vectorstore\bm25store\bm25store.pkl
[2026-08-26 20:35:53] INFO - retrieval - Successfully retrieved 7 items
[2026-08-26 20:35:57] INFO - embedding - Completed embedding texts 1
[2026-08-26 20:35:57] INFO - sparse_vector - Model loaded from vectorstore\bm25store\bm25store.pkl
[2026-08-26 20:35:57] INFO - retrieval - Successfully retrieved 7 items
[2026-08-26 20:35:59] INFO - embedding - Completed embedding texts 1
[2026-08-26 20:35:59] INFO - sparse_vector - Model loaded from vectorstore\bm25store\bm25store.pkl
[2026-08-26 20:35:59] INFO - retrieval - Successfully retrieved 7 items
[2026-08-26 20:36:03] INFO - embedding - Completed embedding texts 1
[2026-08-26 20:36:03] INFO - sparse_vector - Model loaded from vectorstore\bm25store\bm25store.pkl
[2026-08-26 20:36:03] INFO - retrieval - Successfully retrieved 7 items
[2026-08-26 20:36:06] INFO - embedding - Completed embedding texts 1
[2026-08-26 20:36:06] INFO - sparse_vector - Model loaded from vectorstore\bm25store\bm25store.pkl
[2026-08-26 20:36:06] INFO - retrieval - Successfully retrieved 7 items
[2026-08-26 20:36:07] INFO - embedding - Completed embedding texts 1
[2026-08-26 20:36:07] INFO - sparse_vector - Model loaded from vectorstore\bm25store\bm25store.pkl
[2026-08-26 20:36:07] INFO - retrieval - Successfully retrieved 7 items
[2026-08-26 20:36:09] INFO - embedding - Completed embedding texts 1
[2026-08-26 20:36:09] INFO - sparse_vector - Model loaded from vectorstore\bm25store\bm25store.pkl
[2026-08-26 20:36:10] INFO - retrieval - Successfully retrieved 7 items
[2026-08-26 20:36:13] INFO - embedding - Completed embedding texts 1
[2026-08-26 20:36:13] INFO - sparse_vector - Model loaded from vectorstore\bm25store\bm25store.pkl
[2026-08-26 20:36:13] INFO - retrieval - Successfully retrieved 7 items
[2026-08-26 20:36:15] INFO - embedding - Completed embedding texts 1
[2026-08-26 20:36:15] INFO - sparse_vector - Model loaded from vectorstore\bm25store\bm25store.pkl
[2026-08-26 20:36:15] INFO - retrieval - Successfully retrieved 7 items
[2026-08-26 20:36:18] INFO - embedding - Completed embedding texts 1
[2026-08-26 20:36:18] INFO - sparse_vector - Model loaded from vectorstore\bm25store\bm25store.pkl
[2026-08-26 20:36:18] INFO - retrieval - Successfully retrieved 7 items
[2026-08-26 20:36:20] INFO - embedding - Completed embedding texts 1
[2026-08-26 20:36:20] INFO - sparse_vector - Model loaded from vectorstore\bm25store\bm25store.pkl
[2026-08-26 20:36:20] INFO - retrieval - Successfully retrieved 7 items
[2026-08-26 20:36:25] INFO - embedding - Completed embedding texts 1
[2026-08-26 20:36:25] INFO - sparse_vector - Model loaded from vectorstore\bm25store\bm25store.pkl
[2026-08-26 20:36:25] INFO - retrieval - Successfully retrieved 7 items
[2026-08-26 20:36:28] INFO - embedding - Completed embedding texts 1
[2026-08-26 20:36:28] INFO - sparse_vector - Model loaded from vectorstore\bm25store\bm25store.pkl
[2026-08-26 20:36:28] INFO - retrieval - Successfully retrieved 7 items
[2026-08-26 20:36:31] INFO - embedding - Completed embedding texts 1
[2026-08-26 20:36:31] INFO - sparse_vector - Model loaded from vectorstore\bm25store\bm25store.pkl
[2026-08-26 20:36:31] INFO - retrieval - Successfully retrieved 7 items
[2026-08-26 20:36:34] INFO - embedding - Completed embedding texts 1
[2026-08-26 20:36:34] INFO - sparse_vector - Model loaded from vectorstore\bm25store\bm25store.pkl
[2026-08-26 20:36:34] INFO - retrieval - Successfully retrieved 7 items
[2026-08-26 20:36:37] INFO - embedding - Completed embedding texts 1
[2026-08-26 20:36:37] INFO - sparse_vector - Model loaded from vectorstore\bm25store\bm25store.pkl
[2026-08-26 20:36:37] INFO - retrieval - Successfully retrieved 7 items
[2026-08-26 20:36:40] INFO - embedding - Completed embedding texts 1
[2026-08-26 20:36:40] INFO - sparse_vector - Model loaded from vectorstore\bm25store\bm25store.pkl
[2026-08-26 20:36:40] INFO - retrieval - Successfully retrieved 7 items
[2026-08-26 20:36:42] INFO - embedding - Completed embedding texts 1
[2026-08-26 20:36:42] INFO - sparse_vector - Model loaded from vectorstore\bm25store\bm25store.pkl
[2026-08-26 20:36:42] INFO - retrieval - Successfully retrieved 7 items
[2026-08-26 20:36:44] INFO - embedding - Completed embedding texts 1
[2026-08-26 20:36:44] INFO - sparse_vector - Model loaded from vectorstore\bm25store\bm25store.pkl
[2026-08-26 20:36:44] INFO - retrieval - Successfully retrieved 7 items
[2026-08-26 20:36:46] INFO - embedding - Completed embedding texts 1
[2026-08-26 20:36:46] INFO - sparse_vector - Model loaded from vectorstore\bm25store\bm25store.pkl
[2026-08-26 20:36:46] INFO - retrieval - Successfully retrieved 7 items
[2026-08-26 20:36:49] INFO - embedding - Completed embedding texts 1
[2026-08-26 20:36:49] INFO - sparse_vector - Model loaded from vectorstore\bm25store\bm25store.pkl
[2026-08-26 20:36:49] INFO - retrieval - Successfully retrieved 7 items
[2026-08-26 20:36:51] INFO - embedding - Completed embedding texts 1
[2026-08-26 20:36:51] INFO - sparse_vector - Model loaded from vectorstore\bm25store\bm25store.pkl
[2026-08-26 20:36:51] INFO - retrieval - Successfully retrieved 7 items
[2026-08-26 20:36:53] INFO - embedding - Completed embedding texts 1
[2026-08-26 20:36:53] INFO - sparse_vector - Model loaded from vectorstore\bm25store\bm25store.pkl
[2026-08-26 20:36:53] INFO - retrieval - Successfully retrieved 7 items
[2026-08-26 20:36:55] INFO - embedding - Completed embedding texts 1
[2026-08-26 20:36:55] INFO - sparse_vector - Model loaded from vectorstore\bm25store\bm25store.pkl
[2026-08-26 20:36:55] INFO - retrieval - Successfully retrieved 7 items
[2026-08-26 20:36:58] INFO - embedding - Completed embedding texts 1
[2026-08-26 20:36:58] INFO - sparse_vector - Model loaded from vectorstore\bm25store\bm25store.pkl
[2026-08-26 20:36:58] INFO - retrieval - Successfully retrieved 7 items
[2026-08-26 20:37:01] INFO - embedding - Completed embedding texts 1
[2026-08-26 20:37:01] INFO - sparse_vector - Model loaded from vectorstore\bm25store\bm25store.pkl
[2026-08-26 20:37:01] INFO - retrieval - Successfully retrieved 7 items
[2026-08-26 20:37:03] INFO - embedding - Completed embedding texts 1
[2026-08-26 20:37:03] INFO - sparse_vector - Model loaded from vectorstore\bm25store\bm25store.pkl
[2026-08-26 20:37:03] INFO - retrieval - Successfully retrieved 7 items
[2026-08-26 20:37:06] INFO - embedding - Completed embedding texts 1
[2026-08-26 20:37:06] INFO - sparse_vector - Model loaded from vectorstore\bm25store\bm25store.pkl
[2026-08-26 20:37:06] INFO - retrieval - Successfully retrieved 7 items
[2026-08-26 20:37:09] INFO - embedding - Completed embedding texts 1
[2026-08-26 20:37:09] INFO - sparse_vector - Model loaded from vectorstore\bm25store\bm25store.pkl
[2026-08-26 20:37:09] INFO - retrieval - Successfully retrieved 7 items
[2026-08-26 20:37:12] INFO - embedding - Completed embedding texts 1
[2026-08-26 20:37:12] INFO - sparse_vector - Model loaded from vectorstore\bm25store\bm25store.pkl
[2026-08-26 20:37:12] INFO - retrieval - Successfully retrieved 7 items
[2026-08-26 20:37:15] INFO - embedding - Completed embedding texts 1
[2026-08-26 20:37:15] INFO - sparse_vector - Model loaded from vectorstore\bm25store\bm25store.pkl
[2026-08-26 20:37:15] INFO - retrieval - Successfully retrieved 7 items
[2026-08-26 20:37:17] INFO - embedding - Completed embedding texts 1
[2026-08-26 20:37:17] INFO - sparse_vector - Model loaded from vectorstore\bm25store\bm25store.pkl
[2026-08-26 20:37:17] INFO - retrieval - Successfully retrieved 7 items
[2026-08-26 20:37:20] INFO - embedding - Completed embedding texts 1
[2026-08-26 20:37:20] INFO - sparse_vector - Model loaded from vectorstore\bm25store\bm25store.pkl
[2026-08-26 20:37:20] INFO - retrieval - Successfully retrieved 7 items
[2026-08-26 20:37:23] INFO - embedding - Completed embedding texts 1
[2026-08-26 20:37:23] INFO - sparse_vector - Model loaded from vectorstore\bm25store\bm25store.pkl
[2026-08-26 20:37:23] INFO - retrieval - Successfully retrieved 7 items
[2026-08-26 20:37:25] INFO - embedding - Completed embedding texts 1
[2026-08-26 20:37:25] INFO - sparse_vector - Model loaded from vectorstore\bm25store\bm25store.pkl
[2026-08-26 20:37:25] INFO - retrieval - Successfully retrieved 7 items
[2026-08-26 20:37:27] INFO - embedding - Completed embedding texts 1
[2026-08-26 20:37:28] INFO - sparse_vector - Model loaded from vectorstore\bm25store\bm25store.pkl
[2026-08-26 20:37:28] INFO - retrieval - Successfully retrieved 7 items
[2026-08-26 20:37:30] INFO - embedding - Completed embedding texts 1
[2026-08-26 20:37:30] INFO - sparse_vector - Model loaded from vectorstore\bm25store\bm25store.pkl
[2026-08-26 20:37:30] INFO - retrieval - Successfully retrieved 7 items
[2026-08-26 20:37:32] INFO - embedding - Completed embedding texts 1
[2026-08-26 20:37:33] INFO - sparse_vector - Model loaded from vectorstore\bm25store\bm25store.pkl
[2026-08-26 20:37:33] INFO - retrieval - Successfully retrieved 7 items
[2026-08-26 20:37:34] INFO - embedding - Completed embedding texts 1
[2026-08-26 20:37:34] INFO - sparse_vector - Model loaded from vectorstore\bm25store\bm25store.pkl
[2026-08-26 20:37:34] INFO - retrieval - Successfully retrieved 7 items
[2026-08-26 20:37:37] INFO - embedding - Completed embedding texts 1
[2026-08-26 20:37:37] INFO - sparse_vector - Model loaded from vectorstore\bm25store\bm25store.pkl
[2026-08-26 20:37:37] INFO - retrieval - Successfully retrieved 7 items
[2026-08-26 20:37:40] INFO - embedding - Completed embedding texts 1
[2026-08-26 20:37:40] INFO - sparse_vector - Model loaded from vectorstore\bm25store\bm25store.pkl
[2026-08-26 20:37:40] INFO - retrieval - Successfully retrieved 7 items
[2026-08-26 20:37:42] INFO - embedding - Completed embedding texts 1
[2026-08-26 20:37:42] INFO - sparse_vector - Model loaded from vectorstore\bm25store\bm25store.pkl
[2026-08-26 20:37:42] INFO - retrieval - Successfully retrieved 7 items
[2026-08-26 20:37:44] INFO - embedding - Completed embedding texts 1
[2026-08-26 20:37:44] INFO - sparse_vector - Model loaded from vectorstore\bm25store\bm25store.pkl
[2026-08-26 20:37:44] INFO - retrieval - Successfully retrieved 7 items
[2026-08-26 20:37:47] INFO - embedding - Completed embedding texts 1
[2026-08-26 20:37:47] INFO - sparse_vector - Model loaded from vectorstore\bm25store\bm25store.pkl
[2026-08-26 20:37:47] INFO - retrieval - Successfully retrieved 7 items
[2026-08-26 20:37:50] INFO - embedding - Completed embedding texts 1
[2026-08-26 20:37:50] INFO - sparse_vector - Model loaded from vectorstore\bm25store\bm25store.pkl
[2026-08-26 20:37:50] INFO - retrieval - Successfully retrieved 7 items
[2026-08-26 20:37:52] INFO - embedding - Completed embedding texts 1
[2026-08-26 20:37:52] INFO - sparse_vector - Model loaded from vectorstore\bm25store\bm25store.pkl
[2026-08-26 20:37:52] INFO - retrieval - Successfully retrieved 7 items
[2026-08-26 20:37:54] INFO - embedding - Completed embedding texts 1
[2026-08-26 20:37:54] INFO - sparse_vector - Model loaded from vectorstore\bm25store\bm25store.pkl
[2026-08-26 20:37:54] INFO - retrieval - Successfully retrieved 7 items
[2026-08-26 20:37:56] INFO - embedding - Completed embedding texts 1
[2026-08-26 20:37:56] INFO - sparse_vector - Model loaded from vectorstore\bm25store\bm25store.pkl
[2026-08-26 20:37:56] INFO - retrieval - Successfully retrieved 7 items
[2026-08-26 20:37:58] INFO - embedding - Completed embedding texts 1
[2026-08-26 20:37:58] INFO - sparse_vector - Model loaded from vectorstore\bm25store\bm25store.pkl
[2026-08-26 20:37:58] INFO - retrieval - Successfully retrieved 7 items
[2026-08-26 20:38:00] INFO - embedding - Completed embedding texts 1
[2026-08-26 20:38:00] INFO - sparse_vector - Model loaded from vectorstore\bm25store\bm25store.pkl
[2026-08-26 20:38:00] INFO - retrieval - Successfully retrieved 7 items
[2026-08-26 20:38:03] INFO - embedding - Completed embedding texts 1
[2026-08-26 20:38:03] INFO - sparse_vector - Model loaded from vectorstore\bm25store\bm25store.pkl
[2026-08-26 20:38:03] INFO - retrieval - Successfully retrieved 7 items
[2026-08-26 20:38:05] INFO - embedding - Completed embedding texts 1
[2026-08-26 20:38:05] INFO - sparse_vector - Model loaded from vectorstore\bm25store\bm25store.pkl
[2026-08-26 20:38:05] INFO - retrieval - Successfully retrieved 7 items
[2026-08-26 20:38:08] INFO - embedding - Completed embedding texts 1
[2026-08-26 20:38:08] INFO - sparse_vector - Model loaded from vectorstore\bm25store\bm25store.pkl
[2026-08-26 20:38:08] INFO - retrieval - Successfully retrieved 7 items
[2026-08-26 20:38:11] INFO - embedding - Completed embedding texts 1
[2026-08-26 20:38:11] INFO - sparse_vector - Model loaded from vectorstore\bm25store\bm25store.pkl
[2026-08-26 20:38:11] INFO - retrieval - Successfully retrieved 7 items
[2026-08-26 20:38:14] INFO - embedding - Completed embedding texts 1
[2026-08-26 20:38:14] INFO - sparse_vector - Model loaded from vectorstore\bm25store\bm25store.pkl
[2026-08-26 20:38:14] INFO - retrieval - Successfully retrieved 7 items
[2026-08-26 20:38:16] INFO - embedding - Completed embedding texts 1
[2026-08-26 20:38:16] INFO - sparse_vector - Model loaded from vectorstore\bm25store\bm25store.pkl
[2026-08-26 20:38:16] INFO - retrieval - Successfully retrieved 7 items
[2026-08-26 20:38:19] INFO - embedding - Completed embedding texts 1
[2026-08-26 20:38:19] INFO - sparse_vector - Model loaded from vectorstore\bm25store\bm25store.pkl
[2026-08-26 20:38:19] INFO - retrieval - Successfully retrieved 7 items
[2026-08-26 20:38:21] INFO - embedding - Completed embedding texts 1
[2026-08-26 20:38:21] INFO - sparse_vector - Model loaded from vectorstore\bm25store\bm25store.pkl
[2026-08-26 20:38:21] INFO - retrieval - Successfully retrieved 7 items
[2026-08-26 21:13:29] INFO - embedding - Loadding embeding model. mainguyen9/vietlegal-harrier-0.6b
[2026-08-26 21:13:48] INFO - embedding - Completed embedding texts 1
[2026-08-26 21:13:48] INFO - sparse_vector - Model loaded from vectorstore\bm25store\bm25store.pkl
[2026-08-26 21:13:48] INFO - retrieval - Successfully retrieved 10 items
[2026-08-26 21:13:48] INFO - embedding - Completed embedding texts 1
[2026-08-26 21:13:48] INFO - sparse_vector - Model loaded from vectorstore\bm25store\bm25store.pkl
[2026-08-26 21:13:48] INFO - retrieval - Successfully retrieved 10 items
[2026-08-26 21:13:48] INFO - embedding - Completed embedding texts 1
[2026-08-26 21:13:48] INFO - sparse_vector - Model loaded from vectorstore\bm25store\bm25store.pkl
[2026-08-26 21:13:48] INFO - retrieval - Successfully retrieved 10 items
[2026-08-26 21:13:49] INFO - embedding - Completed embedding texts 1
[2026-08-26 21:13:49] INFO - sparse_vector - Model loaded from vectorstore\bm25store\bm25store.pkl
[2026-08-26 21:13:49] INFO - retrieval - Successfully retrieved 10 items
[2026-08-26 21:13:49] INFO - embedding - Completed embedding texts 1
[2026-08-26 21:13:49] INFO - sparse_vector - Model loaded from vectorstore\bm25store\bm25store.pkl
[2026-08-26 21:13:49] INFO - retrieval - Successfully retrieved 10 items
[2026-08-26 21:13:49] INFO - embedding - Completed embedding texts 1
[2026-08-26 21:13:49] INFO - sparse_vector - Model loaded from vectorstore\bm25store\bm25store.pkl
[2026-08-26 21:13:49] INFO - retrieval - Successfully retrieved 10 items
[2026-08-26 21:13:49] INFO - embedding - Completed embedding texts 1
[2026-08-26 21:13:49] INFO - sparse_vector - Model loaded from vectorstore\bm25store\bm25store.pkl
[2026-08-26 21:13:49] INFO - retrieval - Successfully retrieved 10 items
[2026-08-26 21:13:49] INFO - embedding - Completed embedding texts 1
[2026-08-26 21:13:49] INFO - sparse_vector - Model loaded from vectorstore\bm25store\bm25store.pkl
[2026-08-26 21:13:49] INFO - retrieval - Successfully retrieved 10 items
[2026-08-26 21:13:49] INFO - embedding - Completed embedding texts 1
[2026-08-26 21:13:49] INFO - sparse_vector - Model loaded from vectorstore\bm25store\bm25store.pkl
[2026-08-26 21:13:49] INFO - retrieval - Successfully retrieved 10 items
[2026-08-26 21:13:49] INFO - embedding - Completed embedding texts 1
[2026-08-26 21:13:49] INFO - sparse_vector - Model loaded from vectorstore\bm25store\bm25store.pkl
[2026-08-26 21:13:49] INFO - retrieval - Successfully retrieved 10 items
[2026-08-26 21:13:50] INFO - embedding - Completed embedding texts 1
[2026-08-26 21:13:50] INFO - sparse_vector - Model loaded from vectorstore\bm25store\bm25store.pkl
[2026-08-26 21:13:50] INFO - retrieval - Successfully retrieved 10 items
[2026-08-26 21:13:50] INFO - embedding - Completed embedding texts 1
[2026-08-26 21:13:50] INFO - sparse_vector - Model loaded from vectorstore\bm25store\bm25store.pkl
[2026-08-26 21:13:50] INFO - retrieval - Successfully retrieved 10 items
[2026-08-26 21:13:50] INFO - embedding - Completed embedding texts 1
[2026-08-26 21:13:50] INFO - sparse_vector - Model loaded from vectorstore\bm25store\bm25store.pkl
[2026-08-26 21:13:50] INFO - retrieval - Successfully retrieved 10 items
[2026-08-26 21:13:50] INFO - embedding - Completed embedding texts 1
[2026-08-26 21:13:50] INFO - sparse_vector - Model loaded from vectorstore\bm25store\bm25store.pkl
[2026-08-26 21:13:50] INFO - retrieval - Successfully retrieved 10 items
[2026-08-26 21:13:50] INFO - embedding - Completed embedding texts 1
[2026-08-26 21:13:50] INFO - sparse_vector - Model loaded from vectorstore\bm25store\bm25store.pkl
[2026-08-26 21:13:50] INFO - retrieval - Successfully retrieved 10 items
[2026-08-26 21:13:50] INFO - embedding - Completed embedding texts 1
[2026-08-26 21:13:50] INFO - sparse_vector - Model loaded from vectorstore\bm25store\bm25store.pkl
[2026-08-26 21:13:50] INFO - retrieval - Successfully retrieved 10 items
[2026-08-26 21:13:50] INFO - embedding - Completed embedding texts 1
[2026-08-26 21:13:50] INFO - sparse_vector - Model loaded from vectorstore\bm25store\bm25store.pkl
[2026-08-26 21:13:50] INFO - retrieval - Successfully retrieved 10 items
[2026-08-26 21:13:50] INFO - embedding - Completed embedding texts 1
[2026-08-26 21:13:50] INFO - sparse_vector - Model loaded from vectorstore\bm25store\bm25store.pkl
[2026-08-26 21:13:51] INFO - retrieval - Successfully retrieved 10 items
[2026-08-26 21:13:51] INFO - embedding - Completed embedding texts 1
[2026-08-26 21:13:51] INFO - sparse_vector - Model loaded from vectorstore\bm25store\bm25store.pkl
[2026-08-26 21:13:51] INFO - retrieval - Successfully retrieved 10 items
[2026-08-26 21:13:51] INFO - embedding - Completed embedding texts 1
[2026-08-26 21:13:51] INFO - sparse_vector - Model loaded from vectorstore\bm25store\bm25store.pkl
[2026-08-26 21:13:51] INFO - retrieval - Successfully retrieved 10 items
[2026-08-26 21:13:51] INFO - embedding - Completed embedding texts 1
[2026-08-26 21:13:51] INFO - sparse_vector - Model loaded from vectorstore\bm25store\bm25store.pkl
[2026-08-26 21:13:51] INFO - retrieval - Successfully retrieved 10 items
[2026-08-26 21:13:51] INFO - embedding - Completed embedding texts 1
[2026-08-26 21:13:51] INFO - sparse_vector - Model loaded from vectorstore\bm25store\bm25store.pkl
[2026-08-26 21:13:51] INFO - retrieval - Successfully retrieved 10 items
[2026-08-26 21:13:51] INFO - embedding - Completed embedding texts 1
[2026-08-26 21:13:51] INFO - sparse_vector - Model loaded from vectorstore\bm25store\bm25store.pkl
[2026-08-26 21:13:51] INFO - retrieval - Successfully retrieved 10 items
[2026-08-26 21:13:51] INFO - embedding - Completed embedding texts 1
[2026-08-26 21:13:51] INFO - sparse_vector - Model loaded from vectorstore\bm25store\bm25store.pkl
[2026-08-26 21:13:51] INFO - retrieval - Successfully retrieved 10 items
[2026-08-26 21:13:51] INFO - embedding - Completed embedding texts 1
[2026-08-26 21:13:51] INFO - sparse_vector - Model loaded from vectorstore\bm25store\bm25store.pkl
[2026-08-26 21:13:51] INFO - retrieval - Successfully retrieved 10 items
[2026-08-26 21:13:51] INFO - embedding - Completed embedding texts 1
[2026-08-26 21:13:51] INFO - sparse_vector - Model loaded from vectorstore\bm25store\bm25store.pkl
[2026-08-26 21:13:51] INFO - retrieval - Successfully retrieved 10 items
[2026-08-26 21:13:52] INFO - embedding - Completed embedding texts 1
[2026-08-26 21:13:52] INFO - sparse_vector - Model loaded from vectorstore\bm25store\bm25store.pkl
[2026-08-26 21:13:52] INFO - retrieval - Successfully retrieved 10 items
[2026-08-26 21:13:52] INFO - embedding - Completed embedding texts 1
[2026-08-26 21:13:52] INFO - sparse_vector - Model loaded from vectorstore\bm25store\bm25store.pkl
[2026-08-26 21:13:52] INFO - retrieval - Successfully retrieved 10 items
[2026-08-26 21:13:52] INFO - embedding - Completed embedding texts 1
[2026-08-26 21:13:52] INFO - sparse_vector - Model loaded from vectorstore\bm25store\bm25store.pkl
[2026-08-26 21:13:52] INFO - retrieval - Successfully retrieved 10 items
[2026-08-26 21:13:52] INFO - embedding - Completed embedding texts 1
[2026-08-26 21:13:52] INFO - sparse_vector - Model loaded from vectorstore\bm25store\bm25store.pkl
[2026-08-26 21:13:52] INFO - retrieval - Successfully retrieved 10 items
[2026-08-26 21:13:52] INFO - embedding - Completed embedding texts 1
[2026-08-26 21:13:52] INFO - sparse_vector - Model loaded from vectorstore\bm25store\bm25store.pkl
[2026-08-26 21:13:52] INFO - retrieval - Successfully retrieved 10 items
[2026-08-26 21:13:52] INFO - embedding - Completed embedding texts 1
[2026-08-26 21:13:52] INFO - sparse_vector - Model loaded from vectorstore\bm25store\bm25store.pkl
[2026-08-26 21:13:52] INFO - retrieval - Successfully retrieved 10 items
[2026-08-26 21:13:52] INFO - embedding - Completed embedding texts 1
[2026-08-26 21:13:52] INFO - sparse_vector - Model loaded from vectorstore\bm25store\bm25store.pkl
[2026-08-26 21:13:52] INFO - retrieval - Successfully retrieved 10 items
[2026-08-26 21:13:52] INFO - embedding - Completed embedding texts 1
[2026-08-26 21:13:52] INFO - sparse_vector - Model loaded from vectorstore\bm25store\bm25store.pkl
[2026-08-26 21:13:52] INFO - retrieval - Successfully retrieved 10 items
[2026-08-26 21:13:53] INFO - embedding - Completed embedding texts 1
[2026-08-26 21:13:53] INFO - sparse_vector - Model loaded from vectorstore\bm25store\bm25store.pkl
[2026-08-26 21:13:53] INFO - retrieval - Successfully retrieved 10 items
[2026-08-26 21:13:53] INFO - embedding - Completed embedding texts 1
[2026-08-26 21:13:53] INFO - sparse_vector - Model loaded from vectorstore\bm25store\bm25store.pkl
[2026-08-26 21:13:53] INFO - retrieval - Successfully retrieved 10 items
[2026-08-26 21:13:53] INFO - embedding - Completed embedding texts 1
[2026-08-26 21:13:53] INFO - sparse_vector - Model loaded from vectorstore\bm25store\bm25store.pkl
[2026-08-26 21:13:53] INFO - retrieval - Successfully retrieved 10 items
[2026-08-26 21:13:53] INFO - embedding - Completed embedding texts 1
[2026-08-26 21:13:53] INFO - sparse_vector - Model loaded from vectorstore\bm25store\bm25store.pkl
[2026-08-26 21:13:53] INFO - retrieval - Successfully retrieved 10 items
[2026-08-26 21:13:53] INFO - embedding - Completed embedding texts 1
[2026-08-26 21:13:53] INFO - sparse_vector - Model loaded from vectorstore\bm25store\bm25store.pkl
[2026-08-26 21:13:53] INFO - retrieval - Successfully retrieved 10 items
[2026-08-26 21:13:53] INFO - embedding - Completed embedding texts 1
[2026-08-26 21:13:53] INFO - sparse_vector - Model loaded from vectorstore\bm25store\bm25store.pkl
[2026-08-26 21:13:53] INFO - retrieval - Successfully retrieved 10 items
[2026-08-26 21:13:53] INFO - embedding - Completed embedding texts 1
[2026-08-26 21:13:53] INFO - sparse_vector - Model loaded from vectorstore\bm25store\bm25store.pkl
[2026-08-26 21:13:53] INFO - retrieval - Successfully retrieved 10 items
[2026-08-26 21:13:53] INFO - embedding - Completed embedding texts 1
[2026-08-26 21:13:53] INFO - sparse_vector - Model loaded from vectorstore\bm25store\bm25store.pkl
[2026-08-26 21:13:53] INFO - retrieval - Successfully retrieved 10 items
[2026-08-26 21:13:53] INFO - embedding - Completed embedding texts 1
[2026-08-26 21:13:53] INFO - sparse_vector - Model loaded from vectorstore\bm25store\bm25store.pkl
[2026-08-26 21:13:54] INFO - retrieval - Successfully retrieved 10 items
[2026-08-26 21:13:54] INFO - embedding - Completed embedding texts 1
[2026-08-26 21:13:54] INFO - sparse_vector - Model loaded from vectorstore\bm25store\bm25store.pkl
[2026-08-26 21:13:54] INFO - retrieval - Successfully retrieved 10 items
[2026-08-26 21:13:54] INFO - embedding - Completed embedding texts 1
[2026-08-26 21:13:54] INFO - sparse_vector - Model loaded from vectorstore\bm25store\bm25store.pkl
[2026-08-26 21:13:54] INFO - retrieval - Successfully retrieved 10 items
[2026-08-26 21:13:54] INFO - embedding - Completed embedding texts 1
[2026-08-26 21:13:54] INFO - sparse_vector - Model loaded from vectorstore\bm25store\bm25store.pkl
[2026-08-26 21:13:54] INFO - retrieval - Successfully retrieved 10 items
[2026-08-26 21:13:54] INFO - embedding - Completed embedding texts 1
[2026-08-26 21:13:54] INFO - sparse_vector - Model loaded from vectorstore\bm25store\bm25store.pkl
[2026-08-26 21:13:54] INFO - retrieval - Successfully retrieved 10 items
[2026-08-26 21:13:54] INFO - embedding - Completed embedding texts 1
[2026-08-26 21:13:54] INFO - sparse_vector - Model loaded from vectorstore\bm25store\bm25store.pkl
[2026-08-26 21:13:54] INFO - retrieval - Successfully retrieved 10 items
[2026-08-26 21:13:54] INFO - embedding - Completed embedding texts 1
[2026-08-26 21:13:54] INFO - sparse_vector - Model loaded from vectorstore\bm25store\bm25store.pkl
[2026-08-26 21:13:54] INFO - retrieval - Successfully retrieved 10 items
[2026-08-26 21:13:54] INFO - embedding - Completed embedding texts 1
[2026-08-26 21:13:54] INFO - sparse_vector - Model loaded from vectorstore\bm25store\bm25store.pkl
[2026-08-26 21:13:54] INFO - retrieval - Successfully retrieved 10 items
[2026-08-26 21:13:54] INFO - embedding - Completed embedding texts 1
[2026-08-26 21:13:55] INFO - sparse_vector - Model loaded from vectorstore\bm25store\bm25store.pkl
[2026-08-26 21:13:55] INFO - retrieval - Successfully retrieved 10 items
[2026-08-26 21:13:55] INFO - embedding - Completed embedding texts 1
[2026-08-26 21:13:55] INFO - sparse_vector - Model loaded from vectorstore\bm25store\bm25store.pkl
[2026-08-26 21:13:55] INFO - retrieval - Successfully retrieved 10 items
[2026-08-26 21:13:55] INFO - embedding - Completed embedding texts 1
[2026-08-26 21:13:55] INFO - sparse_vector - Model loaded from vectorstore\bm25store\bm25store.pkl
[2026-08-26 21:13:55] INFO - retrieval - Successfully retrieved 10 items
[2026-08-26 21:13:55] INFO - embedding - Completed embedding texts 1
[2026-08-26 21:13:55] INFO - sparse_vector - Model loaded from vectorstore\bm25store\bm25store.pkl
[2026-08-26 21:13:55] INFO - retrieval - Successfully retrieved 10 items
[2026-08-26 21:13:55] INFO - embedding - Completed embedding texts 1
[2026-08-26 21:13:55] INFO - sparse_vector - Model loaded from vectorstore\bm25store\bm25store.pkl
[2026-08-26 21:13:55] INFO - retrieval - Successfully retrieved 10 items
[2026-08-26 21:13:55] INFO - embedding - Completed embedding texts 1
[2026-08-26 21:13:55] INFO - sparse_vector - Model loaded from vectorstore\bm25store\bm25store.pkl
[2026-08-26 21:13:55] INFO - retrieval - Successfully retrieved 10 items
[2026-08-26 21:13:55] INFO - embedding - Completed embedding texts 1
[2026-08-26 21:13:55] INFO - sparse_vector - Model loaded from vectorstore\bm25store\bm25store.pkl
[2026-08-26 21:13:55] INFO - retrieval - Successfully retrieved 10 items
[2026-08-26 21:13:55] INFO - embedding - Completed embedding texts 1
[2026-08-26 21:13:55] INFO - sparse_vector - Model loaded from vectorstore\bm25store\bm25store.pkl
[2026-08-26 21:13:55] INFO - retrieval - Successfully retrieved 10 items
[2026-08-26 21:13:55] INFO - embedding - Completed embedding texts 1
[2026-08-26 21:13:56] INFO - sparse_vector - Model loaded from vectorstore\bm25store\bm25store.pkl
[2026-08-26 21:13:56] INFO - retrieval - Successfully retrieved 10 items
[2026-08-26 21:13:56] INFO - embedding - Completed embedding texts 1
[2026-08-26 21:13:56] INFO - sparse_vector - Model loaded from vectorstore\bm25store\bm25store.pkl
[2026-08-26 21:13:56] INFO - retrieval - Successfully retrieved 10 items
[2026-08-26 21:13:56] INFO - embedding - Completed embedding texts 1
[2026-08-26 21:13:56] INFO - sparse_vector - Model loaded from vectorstore\bm25store\bm25store.pkl
[2026-08-26 21:13:56] INFO - retrieval - Successfully retrieved 10 items
[2026-08-26 21:13:56] INFO - embedding - Completed embedding texts 1
[2026-08-26 21:13:56] INFO - sparse_vector - Model loaded from vectorstore\bm25store\bm25store.pkl
[2026-08-26 21:13:56] INFO - retrieval - Successfully retrieved 10 items
[2026-08-26 21:13:56] INFO - embedding - Completed embedding texts 1
[2026-08-26 21:13:56] INFO - sparse_vector - Model loaded from vectorstore\bm25store\bm25store.pkl
[2026-08-26 21:13:56] INFO - retrieval - Successfully retrieved 10 items
[2026-08-26 21:13:56] INFO - embedding - Completed embedding texts 1
[2026-08-26 21:13:56] INFO - sparse_vector - Model loaded from vectorstore\bm25store\bm25store.pkl
[2026-08-26 21:13:56] INFO - retrieval - Successfully retrieved 10 items
[2026-08-26 21:13:56] INFO - embedding - Completed embedding texts 1
[2026-08-26 21:13:56] INFO - sparse_vector - Model loaded from vectorstore\bm25store\bm25store.pkl
[2026-08-26 21:13:56] INFO - retrieval - Successfully retrieved 10 items
[2026-08-26 21:13:56] INFO - embedding - Completed embedding texts 1
[2026-08-26 21:13:56] INFO - sparse_vector - Model loaded from vectorstore\bm25store\bm25store.pkl
[2026-08-26 21:13:56] INFO - retrieval - Successfully retrieved 10 items
[2026-08-26 21:13:56] INFO - embedding - Completed embedding texts 1
[2026-08-26 21:13:56] INFO - sparse_vector - Model loaded from vectorstore\bm25store\bm25store.pkl
[2026-08-26 21:13:57] INFO - retrieval - Successfully retrieved 10 items
[2026-08-26 21:13:57] INFO - embedding - Completed embedding texts 1
[2026-08-26 21:13:57] INFO - sparse_vector - Model loaded from vectorstore\bm25store\bm25store.pkl
[2026-08-26 21:13:57] INFO - retrieval - Successfully retrieved 10 items
[2026-08-26 21:13:57] INFO - embedding - Completed embedding texts 1
[2026-08-26 21:13:57] INFO - sparse_vector - Model loaded from vectorstore\bm25store\bm25store.pkl
[2026-08-26 21:13:57] INFO - retrieval - Successfully retrieved 10 items
[2026-08-26 21:13:57] INFO - embedding - Completed embedding texts 1
[2026-08-26 21:13:57] INFO - sparse_vector - Model loaded from vectorstore\bm25store\bm25store.pkl
[2026-08-26 21:13:57] INFO - retrieval - Successfully retrieved 10 items
[2026-08-26 21:13:57] INFO - embedding - Completed embedding texts 1
[2026-08-26 21:13:57] INFO - sparse_vector - Model loaded from vectorstore\bm25store\bm25store.pkl
[2026-08-26 21:13:57] INFO - retrieval - Successfully retrieved 10 items
[2026-08-26 21:13:57] INFO - embedding - Completed embedding texts 1
[2026-08-26 21:13:57] INFO - sparse_vector - Model loaded from vectorstore\bm25store\bm25store.pkl
[2026-08-26 21:13:57] INFO - retrieval - Successfully retrieved 10 items
[2026-08-26 21:13:57] INFO - embedding - Completed embedding texts 1
[2026-08-26 21:13:57] INFO - sparse_vector - Model loaded from vectorstore\bm25store\bm25store.pkl
[2026-08-26 21:13:57] INFO - retrieval - Successfully retrieved 10 items
[2026-08-26 21:13:57] INFO - embedding - Completed embedding texts 1
[2026-08-26 21:13:57] INFO - sparse_vector - Model loaded from vectorstore\bm25store\bm25store.pkl
[2026-08-26 21:13:57] INFO - retrieval - Successfully retrieved 10 items
[2026-08-26 21:13:57] INFO - embedding - Completed embedding texts 1
[2026-08-26 21:13:57] INFO - sparse_vector - Model loaded from vectorstore\bm25store\bm25store.pkl
[2026-08-26 21:13:57] INFO - retrieval - Successfully retrieved 10 items
[2026-08-26 21:13:58] INFO - embedding - Completed embedding texts 1
[2026-08-26 21:13:58] INFO - sparse_vector - Model loaded from vectorstore\bm25store\bm25store.pkl
[2026-08-26 21:13:58] INFO - retrieval - Successfully retrieved 10 items
[2026-08-26 21:13:58] INFO - embedding - Completed embedding texts 1
[2026-08-26 21:13:58] INFO - sparse_vector - Model loaded from vectorstore\bm25store\bm25store.pkl
[2026-08-26 21:13:58] INFO - retrieval - Successfully retrieved 10 items
[2026-08-26 21:13:58] INFO - embedding - Completed embedding texts 1
[2026-08-26 21:13:58] INFO - sparse_vector - Model loaded from vectorstore\bm25store\bm25store.pkl
[2026-08-26 21:13:58] INFO - retrieval - Successfully retrieved 10 items
[2026-08-26 21:13:58] INFO - embedding - Completed embedding texts 1
[2026-08-26 21:13:58] INFO - sparse_vector - Model loaded from vectorstore\bm25store\bm25store.pkl
[2026-08-26 21:13:58] INFO - retrieval - Successfully retrieved 10 items
[2026-08-26 21:13:58] INFO - embedding - Completed embedding texts 1
[2026-08-26 21:13:58] INFO - sparse_vector - Model loaded from vectorstore\bm25store\bm25store.pkl
[2026-08-26 21:13:58] INFO - retrieval - Successfully retrieved 10 items
[2026-08-26 21:13:58] INFO - embedding - Completed embedding texts 1
[2026-08-26 21:13:58] INFO - sparse_vector - Model loaded from vectorstore\bm25store\bm25store.pkl
[2026-08-26 21:13:58] INFO - retrieval - Successfully retrieved 10 items
[2026-08-26 21:13:58] INFO - embedding - Completed embedding texts 1
[2026-08-26 21:13:58] INFO - sparse_vector - Model loaded from vectorstore\bm25store\bm25store.pkl
[2026-08-26 21:13:58] INFO - retrieval - Successfully retrieved 10 items
[2026-08-26 21:13:58] INFO - embedding - Completed embedding texts 1
[2026-08-26 21:13:58] INFO - sparse_vector - Model loaded from vectorstore\bm25store\bm25store.pkl
[2026-08-26 21:13:58] INFO - retrieval - Successfully retrieved 10 items
[2026-08-26 21:13:58] INFO - embedding - Completed embedding texts 1
[2026-08-26 21:13:58] INFO - sparse_vector - Model loaded from vectorstore\bm25store\bm25store.pkl
[2026-08-26 21:13:58] INFO - retrieval - Successfully retrieved 10 items
[2026-08-26 21:13:59] INFO - embedding - Completed embedding texts 1
[2026-08-26 21:13:59] INFO - sparse_vector - Model loaded from vectorstore\bm25store\bm25store.pkl
[2026-08-26 21:13:59] INFO - retrieval - Successfully retrieved 10 items
[2026-08-26 21:13:59] INFO - embedding - Completed embedding texts 1
[2026-08-26 21:13:59] INFO - sparse_vector - Model loaded from vectorstore\bm25store\bm25store.pkl
[2026-08-26 21:13:59] INFO - retrieval - Successfully retrieved 10 items
[2026-08-26 21:13:59] INFO - embedding - Completed embedding texts 1
[2026-08-26 21:13:59] INFO - sparse_vector - Model loaded from vectorstore\bm25store\bm25store.pkl
[2026-08-26 21:13:59] INFO - retrieval - Successfully retrieved 10 items
[2026-08-26 21:13:59] INFO - embedding - Completed embedding texts 1
[2026-08-26 21:13:59] INFO - sparse_vector - Model loaded from vectorstore\bm25store\bm25store.pkl
[2026-08-26 21:13:59] INFO - retrieval - Successfully retrieved 10 items
[2026-08-26 21:13:59] INFO - embedding - Completed embedding texts 1
[2026-08-26 21:13:59] INFO - sparse_vector - Model loaded from vectorstore\bm25store\bm25store.pkl
[2026-08-26 21:13:59] INFO - retrieval - Successfully retrieved 10 items
[2026-08-26 21:13:59] INFO - embedding - Completed embedding texts 1
[2026-08-26 21:13:59] INFO - sparse_vector - Model loaded from vectorstore\bm25store\bm25store.pkl
[2026-08-26 21:13:59] INFO - retrieval - Successfully retrieved 10 items
[2026-08-26 21:13:59] INFO - embedding - Completed embedding texts 1
[2026-08-26 21:13:59] INFO - sparse_vector - Model loaded from vectorstore\bm25store\bm25store.pkl
[2026-08-26 21:13:59] INFO - retrieval - Successfully retrieved 10 items
[2026-08-26 21:13:59] INFO - embedding - Completed embedding texts 1
[2026-08-26 21:13:59] INFO - sparse_vector - Model loaded from vectorstore\bm25store\bm25store.pkl
[2026-08-26 21:13:59] INFO - retrieval - Successfully retrieved 10 items
[2026-08-26 21:14:00] INFO - embedding - Completed embedding texts 1
[2026-08-26 21:14:00] INFO - sparse_vector - Model loaded from vectorstore\bm25store\bm25store.pkl
[2026-08-26 21:14:00] INFO - retrieval - Successfully retrieved 10 items
[2026-08-26 21:14:00] INFO - embedding - Completed embedding texts 1
[2026-08-26 21:14:00] INFO - sparse_vector - Model loaded from vectorstore\bm25store\bm25store.pkl
[2026-08-26 21:14:00] INFO - retrieval - Successfully retrieved 10 items
[2026-08-26 21:14:00] INFO - embedding - Completed embedding texts 1
[2026-08-26 21:14:00] INFO - sparse_vector - Model loaded from vectorstore\bm25store\bm25store.pkl
[2026-08-26 21:14:00] INFO - retrieval - Successfully retrieved 10 items
[2026-08-26 21:14:00] INFO - embedding - Completed embedding texts 1
[2026-08-26 21:14:00] INFO - sparse_vector - Model loaded from vectorstore\bm25store\bm25store.pkl
[2026-08-26 21:14:00] INFO - retrieval - Successfully retrieved 10 items
[2026-08-26 21:14:00] INFO - embedding - Completed embedding texts 1
[2026-08-26 21:14:00] INFO - sparse_vector - Model loaded from vectorstore\bm25store\bm25store.pkl
[2026-08-26 21:14:00] INFO - retrieval - Successfully retrieved 10 items
[2026-08-26 21:14:00] INFO - embedding - Completed embedding texts 1
[2026-08-26 21:14:00] INFO - sparse_vector - Model loaded from vectorstore\bm25store\bm25store.pkl
[2026-08-26 21:14:00] INFO - retrieval - Successfully retrieved 10 items
[2026-08-26 21:14:00] INFO - embedding - Completed embedding texts 1
[2026-08-26 21:14:00] INFO - sparse_vector - Model loaded from vectorstore\bm25store\bm25store.pkl
[2026-08-26 21:14:00] INFO - retrieval - Successfully retrieved 10 items
[2026-08-26 21:14:00] INFO - embedding - Completed embedding texts 1
[2026-08-26 21:14:00] INFO - sparse_vector - Model loaded from vectorstore\bm25store\bm25store.pkl
[2026-08-26 21:14:00] INFO - retrieval - Successfully retrieved 10 items
[2026-08-26 21:19:51] INFO - embedding - Loadding embeding model. mainguyen9/vietlegal-harrier-0.6b
[2026-08-26 21:20:11] INFO - embedding - Completed embedding texts 1
[2026-08-26 21:20:12] INFO - sparse_vector - Model loaded from vectorstore\bm25store\bm25store.pkl
[2026-08-26 21:20:12] INFO - retrieval - Successfully retrieved 10 items
[2026-08-26 21:20:12] INFO - embedding - Completed embedding texts 1
[2026-08-26 21:20:12] INFO - sparse_vector - Model loaded from vectorstore\bm25store\bm25store.pkl
[2026-08-26 21:20:12] INFO - retrieval - Successfully retrieved 10 items
[2026-08-26 21:20:12] INFO - embedding - Completed embedding texts 1
[2026-08-26 21:20:12] INFO - sparse_vector - Model loaded from vectorstore\bm25store\bm25store.pkl
[2026-08-26 21:20:12] INFO - retrieval - Successfully retrieved 10 items
[2026-08-26 21:20:12] INFO - embedding - Completed embedding texts 1
[2026-08-26 21:20:12] INFO - sparse_vector - Model loaded from vectorstore\bm25store\bm25store.pkl
[2026-08-26 21:20:12] INFO - retrieval - Successfully retrieved 10 items
[2026-08-26 21:20:12] INFO - embedding - Completed embedding texts 1
[2026-08-26 21:20:12] INFO - sparse_vector - Model loaded from vectorstore\bm25store\bm25store.pkl
[2026-08-26 21:20:12] INFO - retrieval - Successfully retrieved 10 items
[2026-08-26 21:20:12] INFO - embedding - Completed embedding texts 1
[2026-08-26 21:20:12] INFO - sparse_vector - Model loaded from vectorstore\bm25store\bm25store.pkl
[2026-08-26 21:20:12] INFO - retrieval - Successfully retrieved 10 items
[2026-08-26 21:20:12] INFO - embedding - Completed embedding texts 1
[2026-08-26 21:20:12] INFO - sparse_vector - Model loaded from vectorstore\bm25store\bm25store.pkl
[2026-08-26 21:20:12] INFO - retrieval - Successfully retrieved 10 items
[2026-08-26 21:20:12] INFO - embedding - Completed embedding texts 1
[2026-08-26 21:20:12] INFO - sparse_vector - Model loaded from vectorstore\bm25store\bm25store.pkl
[2026-08-26 21:20:13] INFO - retrieval - Successfully retrieved 10 items
[2026-08-26 21:20:13] INFO - embedding - Completed embedding texts 1
[2026-08-26 21:20:13] INFO - sparse_vector - Model loaded from vectorstore\bm25store\bm25store.pkl
[2026-08-26 21:20:13] INFO - retrieval - Successfully retrieved 10 items
[2026-08-26 21:20:13] INFO - embedding - Completed embedding texts 1
[2026-08-26 21:20:13] INFO - sparse_vector - Model loaded from vectorstore\bm25store\bm25store.pkl
[2026-08-26 21:20:13] INFO - retrieval - Successfully retrieved 10 items
[2026-08-26 21:20:13] INFO - embedding - Completed embedding texts 1
[2026-08-26 21:20:13] INFO - sparse_vector - Model loaded from vectorstore\bm25store\bm25store.pkl
[2026-08-26 21:20:13] INFO - retrieval - Successfully retrieved 10 items
[2026-08-26 21:20:13] INFO - embedding - Completed embedding texts 1
[2026-08-26 21:20:13] INFO - sparse_vector - Model loaded from vectorstore\bm25store\bm25store.pkl
[2026-08-26 21:20:13] INFO - retrieval - Successfully retrieved 10 items
[2026-08-26 21:20:13] INFO - embedding - Completed embedding texts 1
[2026-08-26 21:20:13] INFO - sparse_vector - Model loaded from vectorstore\bm25store\bm25store.pkl
[2026-08-26 21:20:13] INFO - retrieval - Successfully retrieved 10 items
[2026-08-26 21:20:13] INFO - embedding - Completed embedding texts 1
[2026-08-26 21:20:13] INFO - sparse_vector - Model loaded from vectorstore\bm25store\bm25store.pkl
[2026-08-26 21:20:13] INFO - retrieval - Successfully retrieved 10 items
[2026-08-26 21:20:13] INFO - embedding - Completed embedding texts 1
[2026-08-26 21:20:13] INFO - sparse_vector - Model loaded from vectorstore\bm25store\bm25store.pkl
[2026-08-26 21:20:13] INFO - retrieval - Successfully retrieved 10 items
[2026-08-26 21:20:14] INFO - embedding - Completed embedding texts 1
[2026-08-26 21:20:14] INFO - sparse_vector - Model loaded from vectorstore\bm25store\bm25store.pkl
[2026-08-26 21:20:14] INFO - retrieval - Successfully retrieved 10 items
[2026-08-26 21:20:14] INFO - embedding - Completed embedding texts 1
[2026-08-26 21:20:14] INFO - sparse_vector - Model loaded from vectorstore\bm25store\bm25store.pkl
[2026-08-26 21:20:14] INFO - retrieval - Successfully retrieved 10 items
[2026-08-26 21:20:14] INFO - embedding - Completed embedding texts 1
[2026-08-26 21:20:14] INFO - sparse_vector - Model loaded from vectorstore\bm25store\bm25store.pkl
[2026-08-26 21:20:14] INFO - retrieval - Successfully retrieved 10 items
[2026-08-26 21:20:14] INFO - embedding - Completed embedding texts 1
[2026-08-26 21:20:14] INFO - sparse_vector - Model loaded from vectorstore\bm25store\bm25store.pkl
[2026-08-26 21:20:14] INFO - retrieval - Successfully retrieved 10 items
[2026-08-26 21:20:14] INFO - embedding - Completed embedding texts 1
[2026-08-26 21:20:14] INFO - sparse_vector - Model loaded from vectorstore\bm25store\bm25store.pkl
[2026-08-26 21:20:14] INFO - retrieval - Successfully retrieved 10 items
[2026-08-26 21:20:14] INFO - embedding - Completed embedding texts 1
[2026-08-26 21:20:14] INFO - sparse_vector - Model loaded from vectorstore\bm25store\bm25store.pkl
[2026-08-26 21:20:14] INFO - retrieval - Successfully retrieved 10 items
[2026-08-26 21:20:14] INFO - embedding - Completed embedding texts 1
[2026-08-26 21:20:14] INFO - sparse_vector - Model loaded from vectorstore\bm25store\bm25store.pkl
[2026-08-26 21:20:14] INFO - retrieval - Successfully retrieved 10 items
[2026-08-26 21:20:14] INFO - embedding - Completed embedding texts 1
[2026-08-26 21:20:15] INFO - sparse_vector - Model loaded from vectorstore\bm25store\bm25store.pkl
[2026-08-26 21:20:15] INFO - retrieval - Successfully retrieved 10 items
[2026-08-26 21:20:15] INFO - embedding - Completed embedding texts 1
[2026-08-26 21:20:15] INFO - sparse_vector - Model loaded from vectorstore\bm25store\bm25store.pkl
[2026-08-26 21:20:15] INFO - retrieval - Successfully retrieved 10 items
[2026-08-26 21:20:15] INFO - embedding - Completed embedding texts 1
[2026-08-26 21:20:15] INFO - sparse_vector - Model loaded from vectorstore\bm25store\bm25store.pkl
[2026-08-26 21:20:15] INFO - retrieval - Successfully retrieved 10 items
[2026-08-26 21:20:15] INFO - embedding - Completed embedding texts 1
[2026-08-26 21:20:15] INFO - sparse_vector - Model loaded from vectorstore\bm25store\bm25store.pkl
[2026-08-26 21:20:15] INFO - retrieval - Successfully retrieved 10 items
[2026-08-26 21:20:15] INFO - embedding - Completed embedding texts 1
[2026-08-26 21:20:15] INFO - sparse_vector - Model loaded from vectorstore\bm25store\bm25store.pkl
[2026-08-26 21:20:15] INFO - retrieval - Successfully retrieved 10 items
[2026-08-26 21:20:15] INFO - embedding - Completed embedding texts 1
[2026-08-26 21:20:15] INFO - sparse_vector - Model loaded from vectorstore\bm25store\bm25store.pkl
[2026-08-26 21:20:15] INFO - retrieval - Successfully retrieved 10 items
[2026-08-26 21:20:15] INFO - embedding - Completed embedding texts 1
[2026-08-26 21:20:15] INFO - sparse_vector - Model loaded from vectorstore\bm25store\bm25store.pkl
[2026-08-26 21:20:15] INFO - retrieval - Successfully retrieved 10 items
[2026-08-26 21:20:15] INFO - embedding - Completed embedding texts 1
[2026-08-26 21:20:15] INFO - sparse_vector - Model loaded from vectorstore\bm25store\bm25store.pkl
[2026-08-26 21:20:15] INFO - retrieval - Successfully retrieved 10 items
[2026-08-26 21:20:15] INFO - embedding - Completed embedding texts 1
[2026-08-26 21:20:15] INFO - sparse_vector - Model loaded from vectorstore\bm25store\bm25store.pkl
[2026-08-26 21:20:16] INFO - retrieval - Successfully retrieved 10 items
[2026-08-26 21:20:16] INFO - embedding - Completed embedding texts 1
[2026-08-26 21:20:16] INFO - sparse_vector - Model loaded from vectorstore\bm25store\bm25store.pkl
[2026-08-26 21:20:16] INFO - retrieval - Successfully retrieved 10 items
[2026-08-26 21:20:16] INFO - embedding - Completed embedding texts 1
[2026-08-26 21:20:16] INFO - sparse_vector - Model loaded from vectorstore\bm25store\bm25store.pkl
[2026-08-26 21:20:16] INFO - retrieval - Successfully retrieved 10 items
[2026-08-26 21:20:16] INFO - embedding - Completed embedding texts 1
[2026-08-26 21:20:16] INFO - sparse_vector - Model loaded from vectorstore\bm25store\bm25store.pkl
[2026-08-26 21:20:16] INFO - retrieval - Successfully retrieved 10 items
[2026-08-26 21:20:16] INFO - embedding - Completed embedding texts 1
[2026-08-26 21:20:16] INFO - sparse_vector - Model loaded from vectorstore\bm25store\bm25store.pkl
[2026-08-26 21:20:16] INFO - retrieval - Successfully retrieved 10 items
[2026-08-26 21:20:16] INFO - embedding - Completed embedding texts 1
[2026-08-26 21:20:16] INFO - sparse_vector - Model loaded from vectorstore\bm25store\bm25store.pkl
[2026-08-26 21:20:16] INFO - retrieval - Successfully retrieved 10 items
[2026-08-26 21:20:16] INFO - embedding - Completed embedding texts 1
[2026-08-26 21:20:16] INFO - sparse_vector - Model loaded from vectorstore\bm25store\bm25store.pkl
[2026-08-26 21:20:16] INFO - retrieval - Successfully retrieved 10 items
[2026-08-26 21:20:16] INFO - embedding - Completed embedding texts 1
[2026-08-26 21:20:16] INFO - sparse_vector - Model loaded from vectorstore\bm25store\bm25store.pkl
[2026-08-26 21:20:16] INFO - retrieval - Successfully retrieved 10 items
[2026-08-26 21:20:17] INFO - embedding - Completed embedding texts 1
[2026-08-26 21:20:17] INFO - sparse_vector - Model loaded from vectorstore\bm25store\bm25store.pkl
[2026-08-26 21:20:17] INFO - retrieval - Successfully retrieved 10 items
[2026-08-26 21:20:17] INFO - embedding - Completed embedding texts 1
[2026-08-26 21:20:17] INFO - sparse_vector - Model loaded from vectorstore\bm25store\bm25store.pkl
[2026-08-26 21:20:17] INFO - retrieval - Successfully retrieved 10 items
[2026-08-26 21:20:17] INFO - embedding - Completed embedding texts 1
[2026-08-26 21:20:17] INFO - sparse_vector - Model loaded from vectorstore\bm25store\bm25store.pkl
[2026-08-26 21:20:17] INFO - retrieval - Successfully retrieved 10 items
[2026-08-26 21:20:17] INFO - embedding - Completed embedding texts 1
[2026-08-26 21:20:17] INFO - sparse_vector - Model loaded from vectorstore\bm25store\bm25store.pkl
[2026-08-26 21:20:17] INFO - retrieval - Successfully retrieved 10 items
[2026-08-26 21:20:17] INFO - embedding - Completed embedding texts 1
[2026-08-26 21:20:17] INFO - sparse_vector - Model loaded from vectorstore\bm25store\bm25store.pkl
[2026-08-26 21:20:17] INFO - retrieval - Successfully retrieved 10 items
[2026-08-26 21:20:17] INFO - embedding - Completed embedding texts 1
[2026-08-26 21:20:17] INFO - sparse_vector - Model loaded from vectorstore\bm25store\bm25store.pkl
[2026-08-26 21:20:17] INFO - retrieval - Successfully retrieved 10 items
[2026-08-26 21:20:17] INFO - embedding - Completed embedding texts 1
[2026-08-26 21:20:17] INFO - sparse_vector - Model loaded from vectorstore\bm25store\bm25store.pkl
[2026-08-26 21:20:17] INFO - retrieval - Successfully retrieved 10 items
[2026-08-26 21:20:17] INFO - embedding - Completed embedding texts 1
[2026-08-26 21:20:17] INFO - sparse_vector - Model loaded from vectorstore\bm25store\bm25store.pkl
[2026-08-26 21:20:17] INFO - retrieval - Successfully retrieved 10 items
[2026-08-26 21:20:18] INFO - embedding - Completed embedding texts 1
[2026-08-26 21:20:18] INFO - sparse_vector - Model loaded from vectorstore\bm25store\bm25store.pkl
[2026-08-26 21:20:18] INFO - retrieval - Successfully retrieved 10 items
[2026-08-26 21:20:18] INFO - embedding - Completed embedding texts 1
[2026-08-26 21:20:18] INFO - sparse_vector - Model loaded from vectorstore\bm25store\bm25store.pkl
[2026-08-26 21:20:18] INFO - retrieval - Successfully retrieved 10 items
[2026-08-26 21:20:18] INFO - embedding - Completed embedding texts 1
[2026-08-26 21:20:18] INFO - sparse_vector - Model loaded from vectorstore\bm25store\bm25store.pkl
[2026-08-26 21:20:18] INFO - retrieval - Successfully retrieved 10 items
[2026-08-26 21:20:18] INFO - embedding - Completed embedding texts 1
[2026-08-26 21:20:18] INFO - sparse_vector - Model loaded from vectorstore\bm25store\bm25store.pkl
[2026-08-26 21:20:18] INFO - retrieval - Successfully retrieved 10 items
[2026-08-26 21:20:18] INFO - embedding - Completed embedding texts 1
[2026-08-26 21:20:18] INFO - sparse_vector - Model loaded from vectorstore\bm25store\bm25store.pkl
[2026-08-26 21:20:18] INFO - retrieval - Successfully retrieved 10 items
[2026-08-26 21:20:18] INFO - embedding - Completed embedding texts 1
[2026-08-26 21:20:18] INFO - sparse_vector - Model loaded from vectorstore\bm25store\bm25store.pkl
[2026-08-26 21:20:18] INFO - retrieval - Successfully retrieved 10 items
[2026-08-26 21:20:18] INFO - embedding - Completed embedding texts 1
[2026-08-26 21:20:18] INFO - sparse_vector - Model loaded from vectorstore\bm25store\bm25store.pkl
[2026-08-26 21:20:18] INFO - retrieval - Successfully retrieved 10 items
[2026-08-26 21:20:18] INFO - embedding - Completed embedding texts 1
[2026-08-26 21:20:18] INFO - sparse_vector - Model loaded from vectorstore\bm25store\bm25store.pkl
[2026-08-26 21:20:18] INFO - retrieval - Successfully retrieved 10 items
[2026-08-26 21:20:18] INFO - embedding - Completed embedding texts 1
[2026-08-26 21:20:18] INFO - sparse_vector - Model loaded from vectorstore\bm25store\bm25store.pkl
[2026-08-26 21:20:18] INFO - retrieval - Successfully retrieved 10 items
[2026-08-26 21:20:19] INFO - embedding - Completed embedding texts 1
[2026-08-26 21:20:19] INFO - sparse_vector - Model loaded from vectorstore\bm25store\bm25store.pkl
[2026-08-26 21:20:19] INFO - retrieval - Successfully retrieved 10 items
[2026-08-26 21:20:19] INFO - embedding - Completed embedding texts 1
[2026-08-26 21:20:19] INFO - sparse_vector - Model loaded from vectorstore\bm25store\bm25store.pkl
[2026-08-26 21:20:19] INFO - retrieval - Successfully retrieved 10 items
[2026-08-26 21:20:19] INFO - embedding - Completed embedding texts 1
[2026-08-26 21:20:19] INFO - sparse_vector - Model loaded from vectorstore\bm25store\bm25store.pkl
[2026-08-26 21:20:19] INFO - retrieval - Successfully retrieved 10 items
[2026-08-26 21:20:19] INFO - embedding - Completed embedding texts 1
[2026-08-26 21:20:19] INFO - sparse_vector - Model loaded from vectorstore\bm25store\bm25store.pkl
[2026-08-26 21:20:19] INFO - retrieval - Successfully retrieved 10 items
[2026-08-26 21:20:19] INFO - embedding - Completed embedding texts 1
[2026-08-26 21:20:19] INFO - sparse_vector - Model loaded from vectorstore\bm25store\bm25store.pkl
[2026-08-26 21:20:19] INFO - retrieval - Successfully retrieved 10 items
[2026-08-26 21:20:19] INFO - embedding - Completed embedding texts 1
[2026-08-26 21:20:19] INFO - sparse_vector - Model loaded from vectorstore\bm25store\bm25store.pkl
[2026-08-26 21:20:19] INFO - retrieval - Successfully retrieved 10 items
[2026-08-26 21:20:19] INFO - embedding - Completed embedding texts 1
[2026-08-26 21:20:20] INFO - sparse_vector - Model loaded from vectorstore\bm25store\bm25store.pkl
[2026-08-26 21:20:20] INFO - retrieval - Successfully retrieved 10 items
[2026-08-26 21:20:20] INFO - embedding - Completed embedding texts 1
[2026-08-26 21:20:20] INFO - sparse_vector - Model loaded from vectorstore\bm25store\bm25store.pkl
[2026-08-26 21:20:20] INFO - retrieval - Successfully retrieved 10 items
[2026-08-26 21:20:20] INFO - embedding - Completed embedding texts 1
[2026-08-26 21:20:20] INFO - sparse_vector - Model loaded from vectorstore\bm25store\bm25store.pkl
[2026-08-26 21:20:20] INFO - retrieval - Successfully retrieved 10 items
[2026-08-26 21:20:20] INFO - embedding - Completed embedding texts 1
[2026-08-26 21:20:20] INFO - sparse_vector - Model loaded from vectorstore\bm25store\bm25store.pkl
[2026-08-26 21:20:20] INFO - retrieval - Successfully retrieved 10 items
[2026-08-26 21:20:20] INFO - embedding - Completed embedding texts 1
[2026-08-26 21:20:20] INFO - sparse_vector - Model loaded from vectorstore\bm25store\bm25store.pkl
[2026-08-26 21:20:20] INFO - retrieval - Successfully retrieved 10 items
[2026-08-26 21:20:20] INFO - embedding - Completed embedding texts 1
[2026-08-26 21:20:20] INFO - sparse_vector - Model loaded from vectorstore\bm25store\bm25store.pkl
[2026-08-26 21:20:20] INFO - retrieval - Successfully retrieved 10 items
[2026-08-26 21:20:20] INFO - embedding - Completed embedding texts 1
[2026-08-26 21:20:20] INFO - sparse_vector - Model loaded from vectorstore\bm25store\bm25store.pkl
[2026-08-26 21:20:20] INFO - retrieval - Successfully retrieved 10 items
[2026-08-26 21:20:20] INFO - embedding - Completed embedding texts 1
[2026-08-26 21:20:20] INFO - sparse_vector - Model loaded from vectorstore\bm25store\bm25store.pkl
[2026-08-26 21:20:20] INFO - retrieval - Successfully retrieved 10 items
[2026-08-26 21:20:20] INFO - embedding - Completed embedding texts 1
[2026-08-26 21:20:20] INFO - sparse_vector - Model loaded from vectorstore\bm25store\bm25store.pkl
[2026-08-26 21:20:20] INFO - retrieval - Successfully retrieved 10 items
[2026-08-26 21:20:21] INFO - embedding - Completed embedding texts 1
[2026-08-26 21:20:21] INFO - sparse_vector - Model loaded from vectorstore\bm25store\bm25store.pkl
[2026-08-26 21:20:21] INFO - retrieval - Successfully retrieved 10 items
[2026-08-26 21:20:21] INFO - embedding - Completed embedding texts 1
[2026-08-26 21:20:21] INFO - sparse_vector - Model loaded from vectorstore\bm25store\bm25store.pkl
[2026-08-26 21:20:21] INFO - retrieval - Successfully retrieved 10 items
[2026-08-26 21:20:21] INFO - embedding - Completed embedding texts 1
[2026-08-26 21:20:21] INFO - sparse_vector - Model loaded from vectorstore\bm25store\bm25store.pkl
[2026-08-26 21:20:21] INFO - retrieval - Successfully retrieved 10 items
[2026-08-26 21:20:21] INFO - embedding - Completed embedding texts 1
[2026-08-26 21:20:21] INFO - sparse_vector - Model loaded from vectorstore\bm25store\bm25store.pkl
[2026-08-26 21:20:21] INFO - retrieval - Successfully retrieved 10 items
[2026-08-26 21:20:21] INFO - embedding - Completed embedding texts 1
[2026-08-26 21:20:21] INFO - sparse_vector - Model loaded from vectorstore\bm25store\bm25store.pkl
[2026-08-26 21:20:21] INFO - retrieval - Successfully retrieved 10 items
[2026-08-26 21:20:21] INFO - embedding - Completed embedding texts 1
[2026-08-26 21:20:21] INFO - sparse_vector - Model loaded from vectorstore\bm25store\bm25store.pkl
[2026-08-26 21:20:21] INFO - retrieval - Successfully retrieved 10 items
[2026-08-26 21:20:21] INFO - embedding - Completed embedding texts 1
[2026-08-26 21:20:21] INFO - sparse_vector - Model loaded from vectorstore\bm25store\bm25store.pkl
[2026-08-26 21:20:21] INFO - retrieval - Successfully retrieved 10 items
[2026-08-26 21:20:22] INFO - embedding - Completed embedding texts 1
[2026-08-26 21:20:22] INFO - sparse_vector - Model loaded from vectorstore\bm25store\bm25store.pkl
[2026-08-26 21:20:22] INFO - retrieval - Successfully retrieved 10 items
[2026-08-26 21:20:22] INFO - embedding - Completed embedding texts 1
[2026-08-26 21:20:22] INFO - sparse_vector - Model loaded from vectorstore\bm25store\bm25store.pkl
[2026-08-26 21:20:22] INFO - retrieval - Successfully retrieved 10 items
[2026-08-26 21:20:22] INFO - embedding - Completed embedding texts 1
[2026-08-26 21:20:22] INFO - sparse_vector - Model loaded from vectorstore\bm25store\bm25store.pkl
[2026-08-26 21:20:22] INFO - retrieval - Successfully retrieved 10 items
[2026-08-26 21:20:22] INFO - embedding - Completed embedding texts 1
[2026-08-26 21:20:22] INFO - sparse_vector - Model loaded from vectorstore\bm25store\bm25store.pkl
[2026-08-26 21:20:22] INFO - retrieval - Successfully retrieved 10 items
[2026-08-26 21:20:22] INFO - embedding - Completed embedding texts 1
[2026-08-26 21:20:22] INFO - sparse_vector - Model loaded from vectorstore\bm25store\bm25store.pkl
[2026-08-26 21:20:22] INFO - retrieval - Successfully retrieved 10 items
[2026-08-26 21:20:22] INFO - embedding - Completed embedding texts 1
[2026-08-26 21:20:22] INFO - sparse_vector - Model loaded from vectorstore\bm25store\bm25store.pkl
[2026-08-26 21:20:22] INFO - retrieval - Successfully retrieved 10 items
[2026-08-26 21:20:22] INFO - embedding - Completed embedding texts 1
[2026-08-26 21:20:22] INFO - sparse_vector - Model loaded from vectorstore\bm25store\bm25store.pkl
[2026-08-26 21:20:22] INFO - retrieval - Successfully retrieved 10 items
[2026-08-26 21:20:22] INFO - embedding - Completed embedding texts 1
[2026-08-26 21:20:22] INFO - sparse_vector - Model loaded from vectorstore\bm25store\bm25store.pkl
[2026-08-26 21:20:22] INFO - retrieval - Successfully retrieved 10 items
[2026-08-26 21:20:23] INFO - embedding - Completed embedding texts 1
[2026-08-26 21:20:23] INFO - sparse_vector - Model loaded from vectorstore\bm25store\bm25store.pkl
[2026-08-26 21:20:23] INFO - retrieval - Successfully retrieved 10 items
[2026-08-26 21:20:23] INFO - embedding - Completed embedding texts 1
[2026-08-26 21:20:23] INFO - sparse_vector - Model loaded from vectorstore\bm25store\bm25store.pkl
[2026-08-26 21:20:23] INFO - retrieval - Successfully retrieved 10 items
[2026-08-26 21:20:23] INFO - embedding - Completed embedding texts 1
[2026-08-26 21:20:23] INFO - sparse_vector - Model loaded from vectorstore\bm25store\bm25store.pkl
[2026-08-26 21:20:23] INFO - retrieval - Successfully retrieved 10 items
[2026-08-26 21:20:23] INFO - embedding - Completed embedding texts 1
[2026-08-26 21:20:23] INFO - sparse_vector - Model loaded from vectorstore\bm25store\bm25store.pkl
[2026-08-26 21:20:23] INFO - retrieval - Successfully retrieved 10 items
[2026-08-26 21:20:23] INFO - embedding - Completed embedding texts 1
[2026-08-26 21:20:23] INFO - sparse_vector - Model loaded from vectorstore\bm25store\bm25store.pkl
[2026-08-26 21:20:23] INFO - retrieval - Successfully retrieved 10 items
[2026-08-26 21:20:23] INFO - embedding - Completed embedding texts 1
[2026-08-26 21:20:23] INFO - sparse_vector - Model loaded from vectorstore\bm25store\bm25store.pkl
[2026-08-26 21:20:23] INFO - retrieval - Successfully retrieved 10 items
[2026-08-26 21:20:23] INFO - embedding - Completed embedding texts 1
[2026-08-26 21:20:23] INFO - sparse_vector - Model loaded from vectorstore\bm25store\bm25store.pkl
[2026-08-26 21:20:23] INFO - retrieval - Successfully retrieved 10 items
[2026-08-26 21:20:23] INFO - embedding - Completed embedding texts 1
[2026-08-26 21:20:23] INFO - sparse_vector - Model loaded from vectorstore\bm25store\bm25store.pkl
[2026-08-26 21:20:23] INFO - retrieval - Successfully retrieved 10 items
[2026-08-26 21:20:24] INFO - embedding - Completed embedding texts 1
[2026-08-26 21:20:24] INFO - sparse_vector - Model loaded from vectorstore\bm25store\bm25store.pkl
[2026-08-26 21:20:24] INFO - retrieval - Successfully retrieved 10 items
[2026-08-26 21:20:24] INFO - embedding - Completed embedding texts 1
[2026-08-26 21:20:24] INFO - sparse_vector - Model loaded from vectorstore\bm25store\bm25store.pkl
[2026-08-26 21:20:24] INFO - retrieval - Successfully retrieved 10 items
[2026-08-26 21:20:24] INFO - embedding - Completed embedding texts 1
[2026-08-26 21:20:24] INFO - sparse_vector - Model loaded from vectorstore\bm25store\bm25store.pkl
[2026-08-26 21:20:24] INFO - retrieval - Successfully retrieved 10 items
[2026-08-26 21:20:24] INFO - embedding - Completed embedding texts 1
[2026-08-26 21:20:24] INFO - sparse_vector - Model loaded from vectorstore\bm25store\bm25store.pkl
[2026-08-26 21:20:24] INFO - retrieval - Successfully retrieved 10 items
[2026-08-26 21:20:24] INFO - embedding - Completed embedding texts 1
[2026-08-26 21:20:24] INFO - sparse_vector - Model loaded from vectorstore\bm25store\bm25store.pkl
[2026-08-26 21:20:24] INFO - retrieval - Successfully retrieved 10 items
[2026-08-26 21:20:24] INFO - embedding - Completed embedding texts 1
[2026-08-26 21:20:24] INFO - sparse_vector - Model loaded from vectorstore\bm25store\bm25store.pkl
[2026-08-26 21:20:24] INFO - retrieval - Successfully retrieved 10 items
[2026-08-26 21:20:24] INFO - embedding - Completed embedding texts 1
[2026-08-26 21:20:24] INFO - sparse_vector - Model loaded from vectorstore\bm25store\bm25store.pkl
[2026-08-26 21:20:24] INFO - retrieval - Successfully retrieved 10 items
[2026-08-26 21:35:31] INFO - chat_engine - [QUERY NORMALIZATION] Original: Hôm qua tôi đi xe máy nhưng bị vượt đèn đỏ thì có sao không?
[2026-08-26 21:35:32] INFO - httpx - HTTP Request: POST https://ollama.com/api/chat "HTTP/1.1 200 OK"
[2026-08-26 21:35:32] INFO - chat_engine - [QUERY NORMALIZATION] Normalized: Điều khiển xe mô tô, xe gắn máy không chấp hành tín hiệu đèn giao thông có bị xử phạt không?
[2026-08-26 21:35:34] INFO - embedding - Completed embedding texts 1
[2026-08-26 21:35:34] INFO - httpx - HTTP Request: GET http://localhost:6333/collections "HTTP/1.1 200 OK"
[2026-08-26 21:35:34] INFO - vector_datatbase - Collection 'nmk_chatbot_collection' already exists.
[2026-08-26 21:35:34] INFO - sparse_vector - Model loaded from vectorstore\bm25store\bm25store.pkl
[2026-08-26 21:35:34] INFO - httpx - HTTP Request: POST http://localhost:6333/collections/nmk_chatbot_collection/points/query "HTTP/1.1 200 OK"
[2026-08-26 21:35:34] INFO - retrieval - Successfully retrieved 7 items
[2026-08-26 21:35:35] INFO - httpx - HTTP Request: POST https://ollama.com/api/chat "HTTP/1.1 200 OK"
[2026-08-26 22:14:30] INFO - chat_engine - [QUERY NORMALIZATION] Original: Tôi uống bia rồi lái xe về nhà thì có bị phạt không?
[2026-08-26 22:14:32] INFO - httpx - HTTP Request: POST https://ollama.com/api/chat "HTTP/1.1 200 OK"
[2026-08-26 22:14:32] INFO - chat_engine - [QUERY NORMALIZATION] Normalized: Điều khiển phương tiện giao thông dưới ảnh hưởng của rượu bia có bị xử phạt không?
[2026-08-26 22:14:32] INFO - embedding - Loadding embeding model. mainguyen9/vietlegal-harrier-0.6b
[2026-08-26 22:14:33] INFO - sentence_transformers.base.model - No device provided, using cuda:0
[2026-08-26 22:14:34] INFO - httpx - HTTP Request: HEAD https://huggingface.co/mainguyen9/vietlegal-harrier-0.6b/resolve/main/modules.json "HTTP/1.1 307 Temporary Redirect"
[2026-08-26 22:14:34] INFO - httpx - HTTP Request: HEAD https://huggingface.co/api/resolve-cache/models/mainguyen9/vietlegal-harrier-0.6b/91a0e1ebe4b63b4475bbae40658b8ca9231bea74/modules.json "HTTP/1.1 200 OK"
[2026-08-26 22:14:35] INFO - httpx - HTTP Request: HEAD https://huggingface.co/mainguyen9/vietlegal-harrier-0.6b/resolve/main/config_sentence_transformers.json "HTTP/1.1 307 Temporary Redirect"
[2026-08-26 22:14:35] WARNING - huggingface_hub.utils._http - Warning: You are sending unauthenticated requests to the HF Hub. Please set a HF_TOKEN to enable higher rate limits and faster downloads.
[2026-08-26 22:14:35] INFO - httpx - HTTP Request: HEAD https://huggingface.co/api/resolve-cache/models/mainguyen9/vietlegal-harrier-0.6b/91a0e1ebe4b63b4475bbae40658b8ca9231bea74/config_sentence_transformers.json "HTTP/1.1 200 OK"
[2026-08-26 22:14:35] INFO - sentence_transformers.base.model - Loading SentenceTransformer model from mainguyen9/vietlegal-harrier-0.6b.
[2026-08-26 22:14:35] INFO - httpx - HTTP Request: HEAD https://huggingface.co/mainguyen9/vietlegal-harrier-0.6b/resolve/main/config_sentence_transformers.json "HTTP/1.1 307 Temporary Redirect"
[2026-08-26 22:14:35] INFO - httpx - HTTP Request: HEAD https://huggingface.co/api/resolve-cache/models/mainguyen9/vietlegal-harrier-0.6b/91a0e1ebe4b63b4475bbae40658b8ca9231bea74/config_sentence_transformers.json "HTTP/1.1 200 OK"
[2026-08-26 22:14:36] INFO - httpx - HTTP Request: HEAD https://huggingface.co/mainguyen9/vietlegal-harrier-0.6b/resolve/main/README.md "HTTP/1.1 307 Temporary Redirect"
[2026-08-26 22:14:36] INFO - httpx - HTTP Request: HEAD https://huggingface.co/api/resolve-cache/models/mainguyen9/vietlegal-harrier-0.6b/91a0e1ebe4b63b4475bbae40658b8ca9231bea74/README.md "HTTP/1.1 200 OK"
[2026-08-26 22:14:36] INFO - httpx - HTTP Request: HEAD https://huggingface.co/mainguyen9/vietlegal-harrier-0.6b/resolve/main/modules.json "HTTP/1.1 307 Temporary Redirect"
[2026-08-26 22:14:36] INFO - httpx - HTTP Request: HEAD https://huggingface.co/api/resolve-cache/models/mainguyen9/vietlegal-harrier-0.6b/91a0e1ebe4b63b4475bbae40658b8ca9231bea74/modules.json "HTTP/1.1 200 OK"
[2026-08-26 22:14:37] INFO - httpx - HTTP Request: HEAD https://huggingface.co/mainguyen9/vietlegal-harrier-0.6b/resolve/main/sentence_bert_config.json "HTTP/1.1 307 Temporary Redirect"
[2026-08-26 22:14:37] INFO - httpx - HTTP Request: HEAD https://huggingface.co/api/resolve-cache/models/mainguyen9/vietlegal-harrier-0.6b/91a0e1ebe4b63b4475bbae40658b8ca9231bea74/sentence_bert_config.json "HTTP/1.1 200 OK"
[2026-08-26 22:14:38] INFO - httpx - HTTP Request: HEAD https://huggingface.co/mainguyen9/vietlegal-harrier-0.6b/resolve/main/adapter_config.json "HTTP/1.1 404 Not Found"
[2026-08-26 22:14:38] INFO - httpx - HTTP Request: HEAD https://huggingface.co/mainguyen9/vietlegal-harrier-0.6b/resolve/main/config.json "HTTP/1.1 307 Temporary Redirect"
[2026-08-26 22:14:38] INFO - httpx - HTTP Request: HEAD https://huggingface.co/api/resolve-cache/models/mainguyen9/vietlegal-harrier-0.6b/91a0e1ebe4b63b4475bbae40658b8ca9231bea74/config.json "HTTP/1.1 200 OK"
[2026-08-26 22:14:38] INFO - httpx - HTTP Request: HEAD https://huggingface.co/mainguyen9/vietlegal-harrier-0.6b/resolve/main/config.json "HTTP/1.1 307 Temporary Redirect"
[2026-08-26 22:14:38] INFO - httpx - HTTP Request: HEAD https://huggingface.co/api/resolve-cache/models/mainguyen9/vietlegal-harrier-0.6b/91a0e1ebe4b63b4475bbae40658b8ca9231bea74/config.json "HTTP/1.1 200 OK"
[2026-08-26 22:14:39] INFO - httpx - HTTP Request: HEAD https://huggingface.co/mainguyen9/vietlegal-harrier-0.6b/resolve/main/processor_config.json "HTTP/1.1 404 Not Found"
[2026-08-26 22:14:39] INFO - httpx - HTTP Request: HEAD https://huggingface.co/mainguyen9/vietlegal-harrier-0.6b/resolve/main/preprocessor_config.json "HTTP/1.1 404 Not Found"
[2026-08-26 22:14:40] INFO - httpx - HTTP Request: HEAD https://huggingface.co/mainguyen9/vietlegal-harrier-0.6b/resolve/main/video_preprocessor_config.json "HTTP/1.1 404 Not Found"
[2026-08-26 22:14:40] INFO - httpx - HTTP Request: HEAD https://huggingface.co/mainguyen9/vietlegal-harrier-0.6b/resolve/main/preprocessor_config.json "HTTP/1.1 404 Not Found"
[2026-08-26 22:14:40] INFO - httpx - HTTP Request: HEAD https://huggingface.co/mainguyen9/vietlegal-harrier-0.6b/resolve/main/tokenizer_config.json "HTTP/1.1 307 Temporary Redirect"
[2026-08-26 22:14:41] INFO - httpx - HTTP Request: HEAD https://huggingface.co/api/resolve-cache/models/mainguyen9/vietlegal-harrier-0.6b/91a0e1ebe4b63b4475bbae40658b8ca9231bea74/tokenizer_config.json "HTTP/1.1 200 OK"
[2026-08-26 22:14:41] INFO - httpx - HTTP Request: HEAD https://huggingface.co/mainguyen9/vietlegal-harrier-0.6b/resolve/main/config.json "HTTP/1.1 307 Temporary Redirect"
[2026-08-26 22:14:42] INFO - httpx - HTTP Request: HEAD https://huggingface.co/api/resolve-cache/models/mainguyen9/vietlegal-harrier-0.6b/91a0e1ebe4b63b4475bbae40658b8ca9231bea74/config.json "HTTP/1.1 200 OK"
[2026-08-26 22:14:42] INFO - httpx - HTTP Request: HEAD https://huggingface.co/mainguyen9/vietlegal-harrier-0.6b/resolve/main/config.json "HTTP/1.1 307 Temporary Redirect"
[2026-08-26 22:14:43] INFO - httpx - HTTP Request: HEAD https://huggingface.co/api/resolve-cache/models/mainguyen9/vietlegal-harrier-0.6b/91a0e1ebe4b63b4475bbae40658b8ca9231bea74/config.json "HTTP/1.1 200 OK"
[2026-08-26 22:14:44] INFO - httpx - HTTP Request: HEAD https://huggingface.co/mainguyen9/vietlegal-harrier-0.6b/resolve/main/tokenizer_config.json "HTTP/1.1 307 Temporary Redirect"
[2026-08-26 22:14:44] INFO - httpx - HTTP Request: HEAD https://huggingface.co/api/resolve-cache/models/mainguyen9/vietlegal-harrier-0.6b/91a0e1ebe4b63b4475bbae40658b8ca9231bea74/tokenizer_config.json "HTTP/1.1 200 OK"
[2026-08-26 22:14:44] INFO - httpx - HTTP Request: GET https://huggingface.co/api/models/mainguyen9/vietlegal-harrier-0.6b/tree/main/additional_chat_templates?recursive=false&expand=false "HTTP/1.1 404 Not Found"
[2026-08-26 22:14:45] INFO - httpx - HTTP Request: GET https://huggingface.co/api/models/mainguyen9/vietlegal-harrier-0.6b/tree/main?recursive=true&expand=false "HTTP/1.1 200 OK"
[2026-08-26 22:14:46] INFO - httpx - HTTP Request: GET https://huggingface.co/api/models/mainguyen9/vietlegal-harrier-0.6b "HTTP/1.1 200 OK"
[2026-08-26 22:14:46] INFO - httpx - HTTP Request: HEAD https://huggingface.co/mainguyen9/vietlegal-harrier-0.6b/resolve/main/1_Pooling/config.json "HTTP/1.1 307 Temporary Redirect"
[2026-08-26 22:14:46] INFO - httpx - HTTP Request: HEAD https://huggingface.co/api/resolve-cache/models/mainguyen9/vietlegal-harrier-0.6b/91a0e1ebe4b63b4475bbae40658b8ca9231bea74/1_Pooling%2Fconfig.json "HTTP/1.1 200 OK"
[2026-08-26 22:14:47] INFO - httpx - HTTP Request: GET https://huggingface.co/api/models/mainguyen9/vietlegal-harrier-0.6b "HTTP/1.1 200 OK"
[2026-08-26 22:14:49] INFO - sentence_transformers.base.model - Loaded 1 prompt with these keys: ['query']
[2026-08-26 22:14:49] INFO - embedding - Completed embedding texts 1
[2026-08-26 22:14:49] INFO - vector_datatbase - Connecting to Qdrant via URL
[2026-08-26 22:14:49] INFO - httpx - HTTP Request: GET http://localhost:6333/collections "HTTP/1.1 200 OK"
[2026-08-26 22:14:49] INFO - vector_datatbase - Successfully connected to Qdrant
[2026-08-26 22:14:50] INFO - httpx - HTTP Request: GET http://localhost:6333/collections "HTTP/1.1 200 OK"
[2026-08-26 22:14:50] INFO - vector_datatbase - Collection 'nmk_chatbot_collection' already exists.
[2026-08-26 22:14:50] INFO - sparse_vector - Model loaded from vectorstore\bm25store\bm25store.pkl
[2026-08-26 22:14:50] INFO - httpx - HTTP Request: POST http://localhost:6333/collections/nmk_chatbot_collection/points/query "HTTP/1.1 200 OK"
[2026-08-26 22:14:50] INFO - retrieval - Successfully retrieved 5 items
[2026-08-26 22:14:50] INFO - httpx - HTTP Request: GET http://localhost:6333 "HTTP/1.1 200 OK"
[2026-08-26 22:16:01] INFO - chat_engine - [QUERY NORMALIZATION] Original: Tôi uống bia rồi lái xe về nhà thì có bị phạt không?
[2026-08-26 22:16:04] INFO - httpx - HTTP Request: POST https://ollama.com/api/chat "HTTP/1.1 200 OK"
[2026-08-26 22:16:04] INFO - chat_engine - [QUERY NORMALIZATION] Normalized: Điều khiển phương tiện giao thông dưới ảnh hưởng của rượu, bia có bị xử phạt không?
[2026-08-26 22:16:04] INFO - embedding - Loadding embeding model. mainguyen9/vietlegal-harrier-0.6b
[2026-08-26 22:16:05] INFO - sentence_transformers.base.model - No device provided, using cuda:0
[2026-08-26 22:16:06] INFO - httpx - HTTP Request: HEAD https://huggingface.co/mainguyen9/vietlegal-harrier-0.6b/resolve/main/modules.json "HTTP/1.1 307 Temporary Redirect"
[2026-08-26 22:16:06] INFO - httpx - HTTP Request: HEAD https://huggingface.co/api/resolve-cache/models/mainguyen9/vietlegal-harrier-0.6b/91a0e1ebe4b63b4475bbae40658b8ca9231bea74/modules.json "HTTP/1.1 200 OK"
[2026-08-26 22:16:07] INFO - httpx - HTTP Request: HEAD https://huggingface.co/mainguyen9/vietlegal-harrier-0.6b/resolve/main/config_sentence_transformers.json "HTTP/1.1 307 Temporary Redirect"
[2026-08-26 22:16:07] WARNING - huggingface_hub.utils._http - Warning: You are sending unauthenticated requests to the HF Hub. Please set a HF_TOKEN to enable higher rate limits and faster downloads.
[2026-08-26 22:16:07] INFO - httpx - HTTP Request: HEAD https://huggingface.co/api/resolve-cache/models/mainguyen9/vietlegal-harrier-0.6b/91a0e1ebe4b63b4475bbae40658b8ca9231bea74/config_sentence_transformers.json "HTTP/1.1 200 OK"
[2026-08-26 22:16:07] INFO - sentence_transformers.base.model - Loading SentenceTransformer model from mainguyen9/vietlegal-harrier-0.6b.
[2026-08-26 22:16:07] INFO - httpx - HTTP Request: HEAD https://huggingface.co/mainguyen9/vietlegal-harrier-0.6b/resolve/main/config_sentence_transformers.json "HTTP/1.1 307 Temporary Redirect"
[2026-08-26 22:16:07] INFO - httpx - HTTP Request: HEAD https://huggingface.co/api/resolve-cache/models/mainguyen9/vietlegal-harrier-0.6b/91a0e1ebe4b63b4475bbae40658b8ca9231bea74/config_sentence_transformers.json "HTTP/1.1 200 OK"
[2026-08-26 22:16:07] INFO - httpx - HTTP Request: HEAD https://huggingface.co/mainguyen9/vietlegal-harrier-0.6b/resolve/main/README.md "HTTP/1.1 307 Temporary Redirect"
[2026-08-26 22:16:08] INFO - httpx - HTTP Request: HEAD https://huggingface.co/api/resolve-cache/models/mainguyen9/vietlegal-harrier-0.6b/91a0e1ebe4b63b4475bbae40658b8ca9231bea74/README.md "HTTP/1.1 200 OK"
[2026-08-26 22:16:08] INFO - httpx - HTTP Request: HEAD https://huggingface.co/mainguyen9/vietlegal-harrier-0.6b/resolve/main/modules.json "HTTP/1.1 307 Temporary Redirect"
[2026-08-26 22:16:08] INFO - httpx - HTTP Request: HEAD https://huggingface.co/api/resolve-cache/models/mainguyen9/vietlegal-harrier-0.6b/91a0e1ebe4b63b4475bbae40658b8ca9231bea74/modules.json "HTTP/1.1 200 OK"
[2026-08-26 22:16:08] INFO - httpx - HTTP Request: HEAD https://huggingface.co/mainguyen9/vietlegal-harrier-0.6b/resolve/main/sentence_bert_config.json "HTTP/1.1 307 Temporary Redirect"
[2026-08-26 22:16:08] INFO - httpx - HTTP Request: HEAD https://huggingface.co/api/resolve-cache/models/mainguyen9/vietlegal-harrier-0.6b/91a0e1ebe4b63b4475bbae40658b8ca9231bea74/sentence_bert_config.json "HTTP/1.1 200 OK"
[2026-08-26 22:16:09] INFO - httpx - HTTP Request: HEAD https://huggingface.co/mainguyen9/vietlegal-harrier-0.6b/resolve/main/adapter_config.json "HTTP/1.1 404 Not Found"
[2026-08-26 22:16:09] INFO - httpx - HTTP Request: HEAD https://huggingface.co/mainguyen9/vietlegal-harrier-0.6b/resolve/main/config.json "HTTP/1.1 307 Temporary Redirect"
[2026-08-26 22:16:09] INFO - httpx - HTTP Request: HEAD https://huggingface.co/api/resolve-cache/models/mainguyen9/vietlegal-harrier-0.6b/91a0e1ebe4b63b4475bbae40658b8ca9231bea74/config.json "HTTP/1.1 200 OK"
[2026-08-26 22:16:10] INFO - httpx - HTTP Request: HEAD https://huggingface.co/mainguyen9/vietlegal-harrier-0.6b/resolve/main/config.json "HTTP/1.1 307 Temporary Redirect"
[2026-08-26 22:16:10] INFO - httpx - HTTP Request: HEAD https://huggingface.co/api/resolve-cache/models/mainguyen9/vietlegal-harrier-0.6b/91a0e1ebe4b63b4475bbae40658b8ca9231bea74/config.json "HTTP/1.1 200 OK"
[2026-08-26 22:16:10] INFO - httpx - HTTP Request: HEAD https://huggingface.co/mainguyen9/vietlegal-harrier-0.6b/resolve/main/processor_config.json "HTTP/1.1 404 Not Found"
[2026-08-26 22:16:11] INFO - httpx - HTTP Request: HEAD https://huggingface.co/mainguyen9/vietlegal-harrier-0.6b/resolve/main/preprocessor_config.json "HTTP/1.1 404 Not Found"
[2026-08-26 22:16:11] INFO - httpx - HTTP Request: HEAD https://huggingface.co/mainguyen9/vietlegal-harrier-0.6b/resolve/main/video_preprocessor_config.json "HTTP/1.1 404 Not Found"
[2026-08-26 22:16:12] INFO - httpx - HTTP Request: HEAD https://huggingface.co/mainguyen9/vietlegal-harrier-0.6b/resolve/main/preprocessor_config.json "HTTP/1.1 404 Not Found"
[2026-08-26 22:16:12] INFO - httpx - HTTP Request: HEAD https://huggingface.co/mainguyen9/vietlegal-harrier-0.6b/resolve/main/tokenizer_config.json "HTTP/1.1 307 Temporary Redirect"
[2026-08-26 22:16:12] INFO - httpx - HTTP Request: HEAD https://huggingface.co/api/resolve-cache/models/mainguyen9/vietlegal-harrier-0.6b/91a0e1ebe4b63b4475bbae40658b8ca9231bea74/tokenizer_config.json "HTTP/1.1 200 OK"
[2026-08-26 22:16:12] INFO - httpx - HTTP Request: HEAD https://huggingface.co/mainguyen9/vietlegal-harrier-0.6b/resolve/main/config.json "HTTP/1.1 307 Temporary Redirect"
[2026-08-26 22:16:12] INFO - httpx - HTTP Request: HEAD https://huggingface.co/api/resolve-cache/models/mainguyen9/vietlegal-harrier-0.6b/91a0e1ebe4b63b4475bbae40658b8ca9231bea74/config.json "HTTP/1.1 200 OK"
[2026-08-26 22:16:13] INFO - httpx - HTTP Request: HEAD https://huggingface.co/mainguyen9/vietlegal-harrier-0.6b/resolve/main/config.json "HTTP/1.1 307 Temporary Redirect"
[2026-08-26 22:16:13] INFO - httpx - HTTP Request: HEAD https://huggingface.co/api/resolve-cache/models/mainguyen9/vietlegal-harrier-0.6b/91a0e1ebe4b63b4475bbae40658b8ca9231bea74/config.json "HTTP/1.1 200 OK"
[2026-08-26 22:16:13] INFO - httpx - HTTP Request: HEAD https://huggingface.co/mainguyen9/vietlegal-harrier-0.6b/resolve/main/tokenizer_config.json "HTTP/1.1 307 Temporary Redirect"
[2026-08-26 22:16:13] INFO - httpx - HTTP Request: HEAD https://huggingface.co/api/resolve-cache/models/mainguyen9/vietlegal-harrier-0.6b/91a0e1ebe4b63b4475bbae40658b8ca9231bea74/tokenizer_config.json "HTTP/1.1 200 OK"
[2026-08-26 22:16:13] INFO - httpx - HTTP Request: GET https://huggingface.co/api/models/mainguyen9/vietlegal-harrier-0.6b/tree/main/additional_chat_templates?recursive=false&expand=false "HTTP/1.1 404 Not Found"
[2026-08-26 22:16:14] INFO - httpx - HTTP Request: GET https://huggingface.co/api/models/mainguyen9/vietlegal-harrier-0.6b/tree/main?recursive=true&expand=false "HTTP/1.1 200 OK"
[2026-08-26 22:16:15] INFO - httpx - HTTP Request: GET https://huggingface.co/api/models/mainguyen9/vietlegal-harrier-0.6b "HTTP/1.1 200 OK"
[2026-08-26 22:16:15] INFO - httpx - HTTP Request: HEAD https://huggingface.co/mainguyen9/vietlegal-harrier-0.6b/resolve/main/1_Pooling/config.json "HTTP/1.1 307 Temporary Redirect"
[2026-08-26 22:16:16] INFO - httpx - HTTP Request: HEAD https://huggingface.co/api/resolve-cache/models/mainguyen9/vietlegal-harrier-0.6b/91a0e1ebe4b63b4475bbae40658b8ca9231bea74/1_Pooling%2Fconfig.json "HTTP/1.1 200 OK"
[2026-08-26 22:16:16] INFO - httpx - HTTP Request: GET https://huggingface.co/api/models/mainguyen9/vietlegal-harrier-0.6b "HTTP/1.1 200 OK"
[2026-08-26 22:16:18] INFO - sentence_transformers.base.model - Loaded 1 prompt with these keys: ['query']
[2026-08-26 22:16:19] INFO - embedding - Completed embedding texts 1
[2026-08-26 22:16:19] INFO - vector_datatbase - Connecting to Qdrant via URL
[2026-08-26 22:16:19] INFO - httpx - HTTP Request: GET http://localhost:6333/collections "HTTP/1.1 200 OK"
[2026-08-26 22:16:19] INFO - vector_datatbase - Successfully connected to Qdrant
[2026-08-26 22:16:19] INFO - httpx - HTTP Request: GET http://localhost:6333/collections "HTTP/1.1 200 OK"
[2026-08-26 22:16:19] INFO - vector_datatbase - Collection 'nmk_chatbot_collection' already exists.
[2026-08-26 22:16:19] INFO - sparse_vector - Model loaded from vectorstore\bm25store\bm25store.pkl
[2026-08-26 22:16:19] INFO - httpx - HTTP Request: POST http://localhost:6333/collections/nmk_chatbot_collection/points/query "HTTP/1.1 200 OK"
[2026-08-26 22:16:19] INFO - retrieval - Successfully retrieved 5 items
[2026-08-26 22:16:19] INFO - httpx - HTTP Request: GET http://localhost:6333 "HTTP/1.1 200 OK"
[2026-08-26 22:24:45] INFO - chat_engine - [QUERY NORMALIZATION] Original: Tôi uống bia rồi lái xe về nhà thì có bị phạt không?
[2026-08-26 22:24:47] INFO - httpx - HTTP Request: POST https://ollama.com/api/chat "HTTP/1.1 200 OK"
[2026-08-26 22:24:47] INFO - chat_engine - [QUERY NORMALIZATION] Normalized: Lái xe sau khi đã uống bia, có vi phạm quy định về nồng độ cồn trong máu và có bị xử phạt không?
[2026-08-26 22:24:47] INFO - embedding - Loadding embeding model. mainguyen9/vietlegal-harrier-0.6b
[2026-08-26 22:24:48] INFO - sentence_transformers.base.model - No device provided, using cuda:0
[2026-08-26 22:24:49] INFO - httpx - HTTP Request: HEAD https://huggingface.co/mainguyen9/vietlegal-harrier-0.6b/resolve/main/modules.json "HTTP/1.1 307 Temporary Redirect"
[2026-08-26 22:24:49] WARNING - huggingface_hub.utils._http - Warning: You are sending unauthenticated requests to the HF Hub. Please set a HF_TOKEN to enable higher rate limits and faster downloads.
[2026-08-26 22:24:49] INFO - httpx - HTTP Request: HEAD https://huggingface.co/api/resolve-cache/models/mainguyen9/vietlegal-harrier-0.6b/91a0e1ebe4b63b4475bbae40658b8ca9231bea74/modules.json "HTTP/1.1 200 OK"
[2026-08-26 22:24:49] INFO - httpx - HTTP Request: HEAD https://huggingface.co/mainguyen9/vietlegal-harrier-0.6b/resolve/main/config_sentence_transformers.json "HTTP/1.1 307 Temporary Redirect"
[2026-08-26 22:24:49] INFO - httpx - HTTP Request: HEAD https://huggingface.co/api/resolve-cache/models/mainguyen9/vietlegal-harrier-0.6b/91a0e1ebe4b63b4475bbae40658b8ca9231bea74/config_sentence_transformers.json "HTTP/1.1 200 OK"
[2026-08-26 22:24:49] INFO - sentence_transformers.base.model - Loading SentenceTransformer model from mainguyen9/vietlegal-harrier-0.6b.
[2026-08-26 22:24:50] INFO - httpx - HTTP Request: HEAD https://huggingface.co/mainguyen9/vietlegal-harrier-0.6b/resolve/main/config_sentence_transformers.json "HTTP/1.1 307 Temporary Redirect"
[2026-08-26 22:24:50] INFO - httpx - HTTP Request: HEAD https://huggingface.co/api/resolve-cache/models/mainguyen9/vietlegal-harrier-0.6b/91a0e1ebe4b63b4475bbae40658b8ca9231bea74/config_sentence_transformers.json "HTTP/1.1 200 OK"
[2026-08-26 22:24:50] INFO - httpx - HTTP Request: HEAD https://huggingface.co/mainguyen9/vietlegal-harrier-0.6b/resolve/main/README.md "HTTP/1.1 307 Temporary Redirect"
[2026-08-26 22:24:50] INFO - httpx - HTTP Request: HEAD https://huggingface.co/api/resolve-cache/models/mainguyen9/vietlegal-harrier-0.6b/91a0e1ebe4b63b4475bbae40658b8ca9231bea74/README.md "HTTP/1.1 200 OK"
[2026-08-26 22:24:50] INFO - httpx - HTTP Request: HEAD https://huggingface.co/mainguyen9/vietlegal-harrier-0.6b/resolve/main/modules.json "HTTP/1.1 307 Temporary Redirect"
[2026-08-26 22:24:50] INFO - httpx - HTTP Request: HEAD https://huggingface.co/api/resolve-cache/models/mainguyen9/vietlegal-harrier-0.6b/91a0e1ebe4b63b4475bbae40658b8ca9231bea74/modules.json "HTTP/1.1 200 OK"
[2026-08-26 22:24:51] INFO - httpx - HTTP Request: HEAD https://huggingface.co/mainguyen9/vietlegal-harrier-0.6b/resolve/main/sentence_bert_config.json "HTTP/1.1 307 Temporary Redirect"
[2026-08-26 22:24:51] INFO - httpx - HTTP Request: HEAD https://huggingface.co/api/resolve-cache/models/mainguyen9/vietlegal-harrier-0.6b/91a0e1ebe4b63b4475bbae40658b8ca9231bea74/sentence_bert_config.json "HTTP/1.1 200 OK"
[2026-08-26 22:24:51] INFO - httpx - HTTP Request: HEAD https://huggingface.co/mainguyen9/vietlegal-harrier-0.6b/resolve/main/adapter_config.json "HTTP/1.1 404 Not Found"
[2026-08-26 22:24:51] INFO - httpx - HTTP Request: HEAD https://huggingface.co/mainguyen9/vietlegal-harrier-0.6b/resolve/main/config.json "HTTP/1.1 307 Temporary Redirect"
[2026-08-26 22:24:52] INFO - httpx - HTTP Request: HEAD https://huggingface.co/api/resolve-cache/models/mainguyen9/vietlegal-harrier-0.6b/91a0e1ebe4b63b4475bbae40658b8ca9231bea74/config.json "HTTP/1.1 200 OK"
[2026-08-26 22:24:52] INFO - httpx - HTTP Request: HEAD https://huggingface.co/mainguyen9/vietlegal-harrier-0.6b/resolve/main/config.json "HTTP/1.1 307 Temporary Redirect"
[2026-08-26 22:24:52] INFO - httpx - HTTP Request: HEAD https://huggingface.co/api/resolve-cache/models/mainguyen9/vietlegal-harrier-0.6b/91a0e1ebe4b63b4475bbae40658b8ca9231bea74/config.json "HTTP/1.1 200 OK"
[2026-08-26 22:24:52] INFO - httpx - HTTP Request: HEAD https://huggingface.co/mainguyen9/vietlegal-harrier-0.6b/resolve/main/processor_config.json "HTTP/1.1 404 Not Found"
[2026-08-26 22:24:53] INFO - httpx - HTTP Request: HEAD https://huggingface.co/mainguyen9/vietlegal-harrier-0.6b/resolve/main/preprocessor_config.json "HTTP/1.1 404 Not Found"
[2026-08-26 22:24:53] INFO - httpx - HTTP Request: HEAD https://huggingface.co/mainguyen9/vietlegal-harrier-0.6b/resolve/main/video_preprocessor_config.json "HTTP/1.1 404 Not Found"
[2026-08-26 22:24:53] INFO - httpx - HTTP Request: HEAD https://huggingface.co/mainguyen9/vietlegal-harrier-0.6b/resolve/main/preprocessor_config.json "HTTP/1.1 404 Not Found"
[2026-08-26 22:24:53] INFO - httpx - HTTP Request: HEAD https://huggingface.co/mainguyen9/vietlegal-harrier-0.6b/resolve/main/tokenizer_config.json "HTTP/1.1 307 Temporary Redirect"
[2026-08-26 22:24:53] INFO - httpx - HTTP Request: HEAD https://huggingface.co/api/resolve-cache/models/mainguyen9/vietlegal-harrier-0.6b/91a0e1ebe4b63b4475bbae40658b8ca9231bea74/tokenizer_config.json "HTTP/1.1 200 OK"
[2026-08-26 22:24:54] INFO - httpx - HTTP Request: HEAD https://huggingface.co/mainguyen9/vietlegal-harrier-0.6b/resolve/main/config.json "HTTP/1.1 307 Temporary Redirect"
[2026-08-26 22:24:54] INFO - httpx - HTTP Request: HEAD https://huggingface.co/api/resolve-cache/models/mainguyen9/vietlegal-harrier-0.6b/91a0e1ebe4b63b4475bbae40658b8ca9231bea74/config.json "HTTP/1.1 200 OK"
[2026-08-26 22:24:54] INFO - httpx - HTTP Request: HEAD https://huggingface.co/mainguyen9/vietlegal-harrier-0.6b/resolve/main/config.json "HTTP/1.1 307 Temporary Redirect"
[2026-08-26 22:24:54] INFO - httpx - HTTP Request: HEAD https://huggingface.co/api/resolve-cache/models/mainguyen9/vietlegal-harrier-0.6b/91a0e1ebe4b63b4475bbae40658b8ca9231bea74/config.json "HTTP/1.1 200 OK"
[2026-08-26 22:24:55] INFO - httpx - HTTP Request: HEAD https://huggingface.co/mainguyen9/vietlegal-harrier-0.6b/resolve/main/tokenizer_config.json "HTTP/1.1 307 Temporary Redirect"
[2026-08-26 22:24:55] INFO - httpx - HTTP Request: HEAD https://huggingface.co/api/resolve-cache/models/mainguyen9/vietlegal-harrier-0.6b/91a0e1ebe4b63b4475bbae40658b8ca9231bea74/tokenizer_config.json "HTTP/1.1 200 OK"
[2026-08-26 22:24:55] INFO - httpx - HTTP Request: GET https://huggingface.co/api/models/mainguyen9/vietlegal-harrier-0.6b/tree/main/additional_chat_templates?recursive=false&expand=false "HTTP/1.1 404 Not Found"
[2026-08-26 22:24:55] INFO - httpx - HTTP Request: GET https://huggingface.co/api/models/mainguyen9/vietlegal-harrier-0.6b/tree/main?recursive=true&expand=false "HTTP/1.1 200 OK"
[2026-08-26 22:24:56] INFO - httpx - HTTP Request: GET https://huggingface.co/api/models/mainguyen9/vietlegal-harrier-0.6b "HTTP/1.1 200 OK"
[2026-08-26 22:24:57] INFO - httpx - HTTP Request: HEAD https://huggingface.co/mainguyen9/vietlegal-harrier-0.6b/resolve/main/1_Pooling/config.json "HTTP/1.1 307 Temporary Redirect"
[2026-08-26 22:24:57] INFO - httpx - HTTP Request: HEAD https://huggingface.co/api/resolve-cache/models/mainguyen9/vietlegal-harrier-0.6b/91a0e1ebe4b63b4475bbae40658b8ca9231bea74/1_Pooling%2Fconfig.json "HTTP/1.1 200 OK"
[2026-08-26 22:24:57] INFO - httpx - HTTP Request: GET https://huggingface.co/api/models/mainguyen9/vietlegal-harrier-0.6b "HTTP/1.1 200 OK"
[2026-08-26 22:24:59] INFO - sentence_transformers.base.model - Loaded 1 prompt with these keys: ['query']
[2026-08-26 22:24:59] INFO - embedding - Completed embedding texts 1
[2026-08-26 22:24:59] INFO - vector_datatbase - Connecting to Qdrant via URL
[2026-08-26 22:25:00] INFO - httpx - HTTP Request: GET http://localhost:6333/collections "HTTP/1.1 200 OK"
[2026-08-26 22:25:00] INFO - vector_datatbase - Successfully connected to Qdrant
[2026-08-26 22:25:00] INFO - httpx - HTTP Request: GET http://localhost:6333/collections "HTTP/1.1 200 OK"
[2026-08-26 22:25:00] INFO - vector_datatbase - Collection 'nmk_chatbot_collection' already exists.
[2026-08-26 22:25:00] INFO - sparse_vector - Model loaded from vectorstore\bm25store\bm25store.pkl
[2026-08-26 22:25:00] INFO - httpx - HTTP Request: POST http://localhost:6333/collections/nmk_chatbot_collection/points/query "HTTP/1.1 200 OK"
[2026-08-26 22:25:00] INFO - retrieval - Successfully retrieved 5 items
[2026-08-26 22:25:00] INFO - httpx - HTTP Request: GET http://localhost:6333 "HTTP/1.1 200 OK"
[2026-08-26 22:26:50] INFO - chat_engine - [QUERY NORMALIZATION] Original: Tôi uống bia rồi lái xe về nhà thì có bị phạt không?
[2026-08-26 22:26:52] INFO - httpx - HTTP Request: POST https://ollama.com/api/chat "HTTP/1.1 200 OK"
[2026-08-26 22:26:52] INFO - chat_engine - [QUERY NORMALIZATION] Normalized: Lái xe trong tình trạng say rượu có bị xử phạt không?
[2026-08-26 22:26:52] INFO - embedding - Loadding embeding model. mainguyen9/vietlegal-harrier-0.6b
[2026-08-26 22:26:53] INFO - sentence_transformers.base.model - No device provided, using cuda:0
[2026-08-26 22:26:53] INFO - httpx - HTTP Request: HEAD https://huggingface.co/mainguyen9/vietlegal-harrier-0.6b/resolve/main/modules.json "HTTP/1.1 307 Temporary Redirect"
[2026-08-26 22:26:53] WARNING - huggingface_hub.utils._http - Warning: You are sending unauthenticated requests to the HF Hub. Please set a HF_TOKEN to enable higher rate limits and faster downloads.
[2026-08-26 22:26:53] INFO - httpx - HTTP Request: HEAD https://huggingface.co/api/resolve-cache/models/mainguyen9/vietlegal-harrier-0.6b/91a0e1ebe4b63b4475bbae40658b8ca9231bea74/modules.json "HTTP/1.1 200 OK"
[2026-08-26 22:26:54] INFO - httpx - HTTP Request: HEAD https://huggingface.co/mainguyen9/vietlegal-harrier-0.6b/resolve/main/config_sentence_transformers.json "HTTP/1.1 307 Temporary Redirect"
[2026-08-26 22:26:54] INFO - httpx - HTTP Request: HEAD https://huggingface.co/api/resolve-cache/models/mainguyen9/vietlegal-harrier-0.6b/91a0e1ebe4b63b4475bbae40658b8ca9231bea74/config_sentence_transformers.json "HTTP/1.1 200 OK"
[2026-08-26 22:26:54] INFO - sentence_transformers.base.model - Loading SentenceTransformer model from mainguyen9/vietlegal-harrier-0.6b.
[2026-08-26 22:26:54] INFO - httpx - HTTP Request: HEAD https://huggingface.co/mainguyen9/vietlegal-harrier-0.6b/resolve/main/config_sentence_transformers.json "HTTP/1.1 307 Temporary Redirect"
[2026-08-26 22:26:54] INFO - httpx - HTTP Request: HEAD https://huggingface.co/api/resolve-cache/models/mainguyen9/vietlegal-harrier-0.6b/91a0e1ebe4b63b4475bbae40658b8ca9231bea74/config_sentence_transformers.json "HTTP/1.1 200 OK"
[2026-08-26 22:26:54] INFO - httpx - HTTP Request: HEAD https://huggingface.co/mainguyen9/vietlegal-harrier-0.6b/resolve/main/README.md "HTTP/1.1 307 Temporary Redirect"
[2026-08-26 22:26:54] INFO - httpx - HTTP Request: HEAD https://huggingface.co/api/resolve-cache/models/mainguyen9/vietlegal-harrier-0.6b/91a0e1ebe4b63b4475bbae40658b8ca9231bea74/README.md "HTTP/1.1 200 OK"
[2026-08-26 22:26:55] INFO - httpx - HTTP Request: HEAD https://huggingface.co/mainguyen9/vietlegal-harrier-0.6b/resolve/main/modules.json "HTTP/1.1 307 Temporary Redirect"
[2026-08-26 22:26:55] INFO - httpx - HTTP Request: HEAD https://huggingface.co/api/resolve-cache/models/mainguyen9/vietlegal-harrier-0.6b/91a0e1ebe4b63b4475bbae40658b8ca9231bea74/modules.json "HTTP/1.1 200 OK"
[2026-08-26 22:26:55] INFO - httpx - HTTP Request: HEAD https://huggingface.co/mainguyen9/vietlegal-harrier-0.6b/resolve/main/sentence_bert_config.json "HTTP/1.1 307 Temporary Redirect"
[2026-08-26 22:26:55] INFO - httpx - HTTP Request: HEAD https://huggingface.co/api/resolve-cache/models/mainguyen9/vietlegal-harrier-0.6b/91a0e1ebe4b63b4475bbae40658b8ca9231bea74/sentence_bert_config.json "HTTP/1.1 200 OK"
[2026-08-26 22:26:56] INFO - httpx - HTTP Request: HEAD https://huggingface.co/mainguyen9/vietlegal-harrier-0.6b/resolve/main/adapter_config.json "HTTP/1.1 404 Not Found"
[2026-08-26 22:26:56] INFO - httpx - HTTP Request: HEAD https://huggingface.co/mainguyen9/vietlegal-harrier-0.6b/resolve/main/config.json "HTTP/1.1 307 Temporary Redirect"
[2026-08-26 22:26:56] INFO - httpx - HTTP Request: HEAD https://huggingface.co/api/resolve-cache/models/mainguyen9/vietlegal-harrier-0.6b/91a0e1ebe4b63b4475bbae40658b8ca9231bea74/config.json "HTTP/1.1 200 OK"
[2026-08-26 22:26:56] INFO - httpx - HTTP Request: HEAD https://huggingface.co/mainguyen9/vietlegal-harrier-0.6b/resolve/main/config.json "HTTP/1.1 307 Temporary Redirect"
[2026-08-26 22:26:56] INFO - httpx - HTTP Request: HEAD https://huggingface.co/api/resolve-cache/models/mainguyen9/vietlegal-harrier-0.6b/91a0e1ebe4b63b4475bbae40658b8ca9231bea74/config.json "HTTP/1.1 200 OK"
[2026-08-26 22:26:57] INFO - httpx - HTTP Request: HEAD https://huggingface.co/mainguyen9/vietlegal-harrier-0.6b/resolve/main/processor_config.json "HTTP/1.1 404 Not Found"
[2026-08-26 22:26:57] INFO - httpx - HTTP Request: HEAD https://huggingface.co/mainguyen9/vietlegal-harrier-0.6b/resolve/main/preprocessor_config.json "HTTP/1.1 404 Not Found"
[2026-08-26 22:26:57] INFO - httpx - HTTP Request: HEAD https://huggingface.co/mainguyen9/vietlegal-harrier-0.6b/resolve/main/video_preprocessor_config.json "HTTP/1.1 404 Not Found"
[2026-08-26 22:26:58] INFO - httpx - HTTP Request: HEAD https://huggingface.co/mainguyen9/vietlegal-harrier-0.6b/resolve/main/preprocessor_config.json "HTTP/1.1 404 Not Found"
[2026-08-26 22:26:58] INFO - httpx - HTTP Request: HEAD https://huggingface.co/mainguyen9/vietlegal-harrier-0.6b/resolve/main/tokenizer_config.json "HTTP/1.1 307 Temporary Redirect"
[2026-08-26 22:26:58] INFO - httpx - HTTP Request: HEAD https://huggingface.co/api/resolve-cache/models/mainguyen9/vietlegal-harrier-0.6b/91a0e1ebe4b63b4475bbae40658b8ca9231bea74/tokenizer_config.json "HTTP/1.1 200 OK"
[2026-08-26 22:26:58] INFO - httpx - HTTP Request: HEAD https://huggingface.co/mainguyen9/vietlegal-harrier-0.6b/resolve/main/config.json "HTTP/1.1 307 Temporary Redirect"
[2026-08-26 22:26:58] INFO - httpx - HTTP Request: HEAD https://huggingface.co/api/resolve-cache/models/mainguyen9/vietlegal-harrier-0.6b/91a0e1ebe4b63b4475bbae40658b8ca9231bea74/config.json "HTTP/1.1 200 OK"
[2026-08-26 22:26:59] INFO - httpx - HTTP Request: HEAD https://huggingface.co/mainguyen9/vietlegal-harrier-0.6b/resolve/main/config.json "HTTP/1.1 307 Temporary Redirect"
[2026-08-26 22:26:59] INFO - httpx - HTTP Request: HEAD https://huggingface.co/api/resolve-cache/models/mainguyen9/vietlegal-harrier-0.6b/91a0e1ebe4b63b4475bbae40658b8ca9231bea74/config.json "HTTP/1.1 200 OK"
[2026-08-26 22:26:59] INFO - httpx - HTTP Request: HEAD https://huggingface.co/mainguyen9/vietlegal-harrier-0.6b/resolve/main/tokenizer_config.json "HTTP/1.1 307 Temporary Redirect"
[2026-08-26 22:26:59] INFO - httpx - HTTP Request: HEAD https://huggingface.co/api/resolve-cache/models/mainguyen9/vietlegal-harrier-0.6b/91a0e1ebe4b63b4475bbae40658b8ca9231bea74/tokenizer_config.json "HTTP/1.1 200 OK"
[2026-08-26 22:26:59] INFO - httpx - HTTP Request: GET https://huggingface.co/api/models/mainguyen9/vietlegal-harrier-0.6b/tree/main/additional_chat_templates?recursive=false&expand=false "HTTP/1.1 404 Not Found"
[2026-08-26 22:27:00] INFO - httpx - HTTP Request: GET https://huggingface.co/api/models/mainguyen9/vietlegal-harrier-0.6b/tree/main?recursive=true&expand=false "HTTP/1.1 200 OK"
[2026-08-26 22:27:01] INFO - httpx - HTTP Request: GET https://huggingface.co/api/models/mainguyen9/vietlegal-harrier-0.6b "HTTP/1.1 200 OK"
[2026-08-26 22:27:01] INFO - httpx - HTTP Request: HEAD https://huggingface.co/mainguyen9/vietlegal-harrier-0.6b/resolve/main/1_Pooling/config.json "HTTP/1.1 307 Temporary Redirect"
[2026-08-26 22:27:01] INFO - httpx - HTTP Request: HEAD https://huggingface.co/api/resolve-cache/models/mainguyen9/vietlegal-harrier-0.6b/91a0e1ebe4b63b4475bbae40658b8ca9231bea74/1_Pooling%2Fconfig.json "HTTP/1.1 200 OK"
[2026-08-26 22:27:01] INFO - httpx - HTTP Request: GET https://huggingface.co/api/models/mainguyen9/vietlegal-harrier-0.6b "HTTP/1.1 200 OK"
[2026-08-26 22:27:03] INFO - sentence_transformers.base.model - Loaded 1 prompt with these keys: ['query']
[2026-08-26 22:27:04] INFO - embedding - Completed embedding texts 1
[2026-08-26 22:27:04] INFO - vector_datatbase - Connecting to Qdrant via URL
[2026-08-26 22:27:04] INFO - httpx - HTTP Request: GET http://localhost:6333/collections "HTTP/1.1 200 OK"
[2026-08-26 22:27:04] INFO - vector_datatbase - Successfully connected to Qdrant
[2026-08-26 22:27:04] INFO - httpx - HTTP Request: GET http://localhost:6333/collections "HTTP/1.1 200 OK"
[2026-08-26 22:27:04] INFO - vector_datatbase - Collection 'nmk_chatbot_collection' already exists.
[2026-08-26 22:27:04] INFO - sparse_vector - Model loaded from vectorstore\bm25store\bm25store.pkl
[2026-08-26 22:27:04] INFO - httpx - HTTP Request: POST http://localhost:6333/collections/nmk_chatbot_collection/points/query "HTTP/1.1 200 OK"
[2026-08-26 22:27:04] INFO - retrieval - Successfully retrieved 5 items
[2026-08-26 22:27:04] INFO - httpx - HTTP Request: GET http://localhost:6333 "HTTP/1.1 200 OK"
[2026-08-26 22:29:25] INFO - chat_engine - [QUERY NORMALIZATION] Original: Tôi uống bia rồi lái xe về nhà thì có bị phạt không?
[2026-08-26 22:29:27] INFO - httpx - HTTP Request: POST https://ollama.com/api/chat "HTTP/1.1 200 OK"
[2026-08-26 22:29:27] INFO - chat_engine - [QUERY NORMALIZATION] Normalized: Điều khiển phương tiện giao thông sau khi đã uống rượu có bị xử phạt không?
[2026-08-26 22:29:27] INFO - embedding - Loadding embeding model. mainguyen9/vietlegal-harrier-0.6b
[2026-08-26 22:29:28] INFO - sentence_transformers.base.model - No device provided, using cuda:0
[2026-08-26 22:29:29] INFO - httpx - HTTP Request: HEAD https://huggingface.co/mainguyen9/vietlegal-harrier-0.6b/resolve/main/modules.json "HTTP/1.1 307 Temporary Redirect"
[2026-08-26 22:29:29] WARNING - huggingface_hub.utils._http - Warning: You are sending unauthenticated requests to the HF Hub. Please set a HF_TOKEN to enable higher rate limits and faster downloads.
[2026-08-26 22:29:29] INFO - httpx - HTTP Request: HEAD https://huggingface.co/api/resolve-cache/models/mainguyen9/vietlegal-harrier-0.6b/91a0e1ebe4b63b4475bbae40658b8ca9231bea74/modules.json "HTTP/1.1 200 OK"
[2026-08-26 22:29:29] INFO - httpx - HTTP Request: HEAD https://huggingface.co/mainguyen9/vietlegal-harrier-0.6b/resolve/main/config_sentence_transformers.json "HTTP/1.1 307 Temporary Redirect"
[2026-08-26 22:29:29] INFO - httpx - HTTP Request: HEAD https://huggingface.co/api/resolve-cache/models/mainguyen9/vietlegal-harrier-0.6b/91a0e1ebe4b63b4475bbae40658b8ca9231bea74/config_sentence_transformers.json "HTTP/1.1 200 OK"
[2026-08-26 22:29:29] INFO - sentence_transformers.base.model - Loading SentenceTransformer model from mainguyen9/vietlegal-harrier-0.6b.
[2026-08-26 22:29:30] INFO - httpx - HTTP Request: HEAD https://huggingface.co/mainguyen9/vietlegal-harrier-0.6b/resolve/main/config_sentence_transformers.json "HTTP/1.1 307 Temporary Redirect"
[2026-08-26 22:29:30] INFO - httpx - HTTP Request: HEAD https://huggingface.co/api/resolve-cache/models/mainguyen9/vietlegal-harrier-0.6b/91a0e1ebe4b63b4475bbae40658b8ca9231bea74/config_sentence_transformers.json "HTTP/1.1 200 OK"
[2026-08-26 22:29:30] INFO - httpx - HTTP Request: HEAD https://huggingface.co/mainguyen9/vietlegal-harrier-0.6b/resolve/main/README.md "HTTP/1.1 307 Temporary Redirect"
[2026-08-26 22:29:30] INFO - httpx - HTTP Request: HEAD https://huggingface.co/api/resolve-cache/models/mainguyen9/vietlegal-harrier-0.6b/91a0e1ebe4b63b4475bbae40658b8ca9231bea74/README.md "HTTP/1.1 200 OK"
[2026-08-26 22:29:31] INFO - httpx - HTTP Request: HEAD https://huggingface.co/mainguyen9/vietlegal-harrier-0.6b/resolve/main/modules.json "HTTP/1.1 307 Temporary Redirect"
[2026-08-26 22:29:31] INFO - httpx - HTTP Request: HEAD https://huggingface.co/api/resolve-cache/models/mainguyen9/vietlegal-harrier-0.6b/91a0e1ebe4b63b4475bbae40658b8ca9231bea74/modules.json "HTTP/1.1 200 OK"
[2026-08-26 22:29:31] INFO - httpx - HTTP Request: HEAD https://huggingface.co/mainguyen9/vietlegal-harrier-0.6b/resolve/main/sentence_bert_config.json "HTTP/1.1 307 Temporary Redirect"
[2026-08-26 22:29:31] INFO - httpx - HTTP Request: HEAD https://huggingface.co/api/resolve-cache/models/mainguyen9/vietlegal-harrier-0.6b/91a0e1ebe4b63b4475bbae40658b8ca9231bea74/sentence_bert_config.json "HTTP/1.1 200 OK"
[2026-08-26 22:29:31] INFO - httpx - HTTP Request: HEAD https://huggingface.co/mainguyen9/vietlegal-harrier-0.6b/resolve/main/adapter_config.json "HTTP/1.1 404 Not Found"
[2026-08-26 22:29:32] INFO - httpx - HTTP Request: HEAD https://huggingface.co/mainguyen9/vietlegal-harrier-0.6b/resolve/main/config.json "HTTP/1.1 307 Temporary Redirect"
[2026-08-26 22:29:32] INFO - httpx - HTTP Request: HEAD https://huggingface.co/api/resolve-cache/models/mainguyen9/vietlegal-harrier-0.6b/91a0e1ebe4b63b4475bbae40658b8ca9231bea74/config.json "HTTP/1.1 200 OK"
[2026-08-26 22:29:32] INFO - httpx - HTTP Request: HEAD https://huggingface.co/mainguyen9/vietlegal-harrier-0.6b/resolve/main/config.json "HTTP/1.1 307 Temporary Redirect"
[2026-08-26 22:29:32] INFO - httpx - HTTP Request: HEAD https://huggingface.co/api/resolve-cache/models/mainguyen9/vietlegal-harrier-0.6b/91a0e1ebe4b63b4475bbae40658b8ca9231bea74/config.json "HTTP/1.1 200 OK"
[2026-08-26 22:29:33] INFO - httpx - HTTP Request: HEAD https://huggingface.co/mainguyen9/vietlegal-harrier-0.6b/resolve/main/processor_config.json "HTTP/1.1 404 Not Found"
[2026-08-26 22:29:33] INFO - httpx - HTTP Request: HEAD https://huggingface.co/mainguyen9/vietlegal-harrier-0.6b/resolve/main/preprocessor_config.json "HTTP/1.1 404 Not Found"
[2026-08-26 22:29:34] INFO - httpx - HTTP Request: HEAD https://huggingface.co/mainguyen9/vietlegal-harrier-0.6b/resolve/main/video_preprocessor_config.json "HTTP/1.1 404 Not Found"
[2026-08-26 22:29:34] INFO - httpx - HTTP Request: HEAD https://huggingface.co/mainguyen9/vietlegal-harrier-0.6b/resolve/main/preprocessor_config.json "HTTP/1.1 404 Not Found"
[2026-08-26 22:29:35] INFO - httpx - HTTP Request: HEAD https://huggingface.co/mainguyen9/vietlegal-harrier-0.6b/resolve/main/tokenizer_config.json "HTTP/1.1 307 Temporary Redirect"
[2026-08-26 22:29:35] INFO - httpx - HTTP Request: HEAD https://huggingface.co/api/resolve-cache/models/mainguyen9/vietlegal-harrier-0.6b/91a0e1ebe4b63b4475bbae40658b8ca9231bea74/tokenizer_config.json "HTTP/1.1 200 OK"
[2026-08-26 22:29:35] INFO - httpx - HTTP Request: HEAD https://huggingface.co/mainguyen9/vietlegal-harrier-0.6b/resolve/main/config.json "HTTP/1.1 307 Temporary Redirect"
[2026-08-26 22:29:35] INFO - httpx - HTTP Request: HEAD https://huggingface.co/api/resolve-cache/models/mainguyen9/vietlegal-harrier-0.6b/91a0e1ebe4b63b4475bbae40658b8ca9231bea74/config.json "HTTP/1.1 200 OK"
[2026-08-26 22:29:36] INFO - httpx - HTTP Request: HEAD https://huggingface.co/mainguyen9/vietlegal-harrier-0.6b/resolve/main/config.json "HTTP/1.1 307 Temporary Redirect"
[2026-08-26 22:29:36] INFO - httpx - HTTP Request: HEAD https://huggingface.co/api/resolve-cache/models/mainguyen9/vietlegal-harrier-0.6b/91a0e1ebe4b63b4475bbae40658b8ca9231bea74/config.json "HTTP/1.1 200 OK"
[2026-08-26 22:29:36] INFO - httpx - HTTP Request: HEAD https://huggingface.co/mainguyen9/vietlegal-harrier-0.6b/resolve/main/tokenizer_config.json "HTTP/1.1 307 Temporary Redirect"
[2026-08-26 22:29:36] INFO - httpx - HTTP Request: HEAD https://huggingface.co/api/resolve-cache/models/mainguyen9/vietlegal-harrier-0.6b/91a0e1ebe4b63b4475bbae40658b8ca9231bea74/tokenizer_config.json "HTTP/1.1 200 OK"
[2026-08-26 22:29:36] INFO - httpx - HTTP Request: GET https://huggingface.co/api/models/mainguyen9/vietlegal-harrier-0.6b/tree/main/additional_chat_templates?recursive=false&expand=false "HTTP/1.1 404 Not Found"
[2026-08-26 22:29:37] INFO - httpx - HTTP Request: GET https://huggingface.co/api/models/mainguyen9/vietlegal-harrier-0.6b/tree/main?recursive=true&expand=false "HTTP/1.1 200 OK"
[2026-08-26 22:29:38] INFO - httpx - HTTP Request: GET https://huggingface.co/api/models/mainguyen9/vietlegal-harrier-0.6b "HTTP/1.1 200 OK"
[2026-08-26 22:29:38] INFO - httpx - HTTP Request: HEAD https://huggingface.co/mainguyen9/vietlegal-harrier-0.6b/resolve/main/1_Pooling/config.json "HTTP/1.1 307 Temporary Redirect"
[2026-08-26 22:29:38] INFO - httpx - HTTP Request: HEAD https://huggingface.co/api/resolve-cache/models/mainguyen9/vietlegal-harrier-0.6b/91a0e1ebe4b63b4475bbae40658b8ca9231bea74/1_Pooling%2Fconfig.json "HTTP/1.1 200 OK"
[2026-08-26 22:29:39] INFO - httpx - HTTP Request: GET https://huggingface.co/api/models/mainguyen9/vietlegal-harrier-0.6b "HTTP/1.1 200 OK"
[2026-08-26 22:29:41] INFO - sentence_transformers.base.model - Loaded 1 prompt with these keys: ['query']
[2026-08-26 22:29:41] INFO - embedding - Completed embedding texts 1
[2026-08-26 22:29:41] INFO - vector_datatbase - Connecting to Qdrant via URL
[2026-08-26 22:29:41] INFO - httpx - HTTP Request: GET http://localhost:6333/collections "HTTP/1.1 200 OK"
[2026-08-26 22:29:41] INFO - vector_datatbase - Successfully connected to Qdrant
[2026-08-26 22:29:41] INFO - httpx - HTTP Request: GET http://localhost:6333/collections "HTTP/1.1 200 OK"
[2026-08-26 22:29:41] INFO - vector_datatbase - Collection 'nmk_chatbot_collection' already exists.
[2026-08-26 22:29:41] INFO - sparse_vector - Model loaded from vectorstore\bm25store\bm25store.pkl
[2026-08-26 22:29:41] INFO - httpx - HTTP Request: POST http://localhost:6333/collections/nmk_chatbot_collection/points/query "HTTP/1.1 200 OK"
[2026-08-26 22:29:41] INFO - retrieval - Successfully retrieved 5 items
[2026-08-26 22:29:41] INFO - httpx - HTTP Request: GET http://localhost:6333/collections "HTTP/1.1 200 OK"
[2026-08-26 22:29:41] INFO - vector_datatbase - Collection 'nmk_chatbot_collection' already exists.
[2026-08-26 22:29:41] INFO - httpx - HTTP Request: POST http://localhost:6333/collections/nmk_chatbot_collection/points/scroll "HTTP/1.1 200 OK"
[2026-08-26 22:29:42] INFO - httpx - HTTP Request: GET http://localhost:6333 "HTTP/1.1 200 OK"
[2026-08-26 22:35:23] INFO - chat_engine - [QUERY NORMALIZATION] Original: Tôi uống bia rồi lái xe về nhà thì có bị phạt không?
[2026-08-26 22:35:26] INFO - httpx - HTTP Request: POST https://ollama.com/api/chat "HTTP/1.1 200 OK"
[2026-08-26 22:35:26] INFO - chat_engine - [QUERY NORMALIZATION] Normalized: Điều khiển phương tiện giao thông trong tình trạng say rượu, bia có bị xử phạt không?
[2026-08-26 22:35:26] INFO - embedding - Loadding embeding model. mainguyen9/vietlegal-harrier-0.6b
[2026-08-26 22:35:27] INFO - sentence_transformers.base.model - No device provided, using cuda:0
[2026-08-26 22:35:27] INFO - httpx - HTTP Request: HEAD https://huggingface.co/mainguyen9/vietlegal-harrier-0.6b/resolve/main/modules.json "HTTP/1.1 307 Temporary Redirect"
[2026-08-26 22:35:27] WARNING - huggingface_hub.utils._http - Warning: You are sending unauthenticated requests to the HF Hub. Please set a HF_TOKEN to enable higher rate limits and faster downloads.
[2026-08-26 22:35:27] INFO - httpx - HTTP Request: HEAD https://huggingface.co/api/resolve-cache/models/mainguyen9/vietlegal-harrier-0.6b/91a0e1ebe4b63b4475bbae40658b8ca9231bea74/modules.json "HTTP/1.1 200 OK"
[2026-08-26 22:35:28] INFO - httpx - HTTP Request: HEAD https://huggingface.co/mainguyen9/vietlegal-harrier-0.6b/resolve/main/config_sentence_transformers.json "HTTP/1.1 307 Temporary Redirect"
[2026-08-26 22:35:28] INFO - httpx - HTTP Request: HEAD https://huggingface.co/api/resolve-cache/models/mainguyen9/vietlegal-harrier-0.6b/91a0e1ebe4b63b4475bbae40658b8ca9231bea74/config_sentence_transformers.json "HTTP/1.1 200 OK"
[2026-08-26 22:35:28] INFO - sentence_transformers.base.model - Loading SentenceTransformer model from mainguyen9/vietlegal-harrier-0.6b.
[2026-08-26 22:35:28] INFO - httpx - HTTP Request: HEAD https://huggingface.co/mainguyen9/vietlegal-harrier-0.6b/resolve/main/config_sentence_transformers.json "HTTP/1.1 307 Temporary Redirect"
[2026-08-26 22:35:28] INFO - httpx - HTTP Request: HEAD https://huggingface.co/api/resolve-cache/models/mainguyen9/vietlegal-harrier-0.6b/91a0e1ebe4b63b4475bbae40658b8ca9231bea74/config_sentence_transformers.json "HTTP/1.1 200 OK"
[2026-08-26 22:35:29] INFO - httpx - HTTP Request: HEAD https://huggingface.co/mainguyen9/vietlegal-harrier-0.6b/resolve/main/README.md "HTTP/1.1 307 Temporary Redirect"
[2026-08-26 22:35:29] INFO - httpx - HTTP Request: HEAD https://huggingface.co/api/resolve-cache/models/mainguyen9/vietlegal-harrier-0.6b/91a0e1ebe4b63b4475bbae40658b8ca9231bea74/README.md "HTTP/1.1 200 OK"
[2026-08-26 22:35:29] INFO - httpx - HTTP Request: HEAD https://huggingface.co/mainguyen9/vietlegal-harrier-0.6b/resolve/main/modules.json "HTTP/1.1 307 Temporary Redirect"
[2026-08-26 22:35:29] INFO - httpx - HTTP Request: HEAD https://huggingface.co/api/resolve-cache/models/mainguyen9/vietlegal-harrier-0.6b/91a0e1ebe4b63b4475bbae40658b8ca9231bea74/modules.json "HTTP/1.1 200 OK"
[2026-08-26 22:35:30] INFO - httpx - HTTP Request: HEAD https://huggingface.co/mainguyen9/vietlegal-harrier-0.6b/resolve/main/sentence_bert_config.json "HTTP/1.1 307 Temporary Redirect"
[2026-08-26 22:35:30] INFO - httpx - HTTP Request: HEAD https://huggingface.co/api/resolve-cache/models/mainguyen9/vietlegal-harrier-0.6b/91a0e1ebe4b63b4475bbae40658b8ca9231bea74/sentence_bert_config.json "HTTP/1.1 200 OK"
[2026-08-26 22:35:30] INFO - httpx - HTTP Request: HEAD https://huggingface.co/mainguyen9/vietlegal-harrier-0.6b/resolve/main/adapter_config.json "HTTP/1.1 404 Not Found"
[2026-08-26 22:35:31] INFO - httpx - HTTP Request: HEAD https://huggingface.co/mainguyen9/vietlegal-harrier-0.6b/resolve/main/config.json "HTTP/1.1 307 Temporary Redirect"
[2026-08-26 22:35:31] INFO - httpx - HTTP Request: HEAD https://huggingface.co/api/resolve-cache/models/mainguyen9/vietlegal-harrier-0.6b/91a0e1ebe4b63b4475bbae40658b8ca9231bea74/config.json "HTTP/1.1 200 OK"
[2026-08-26 22:35:31] INFO - httpx - HTTP Request: HEAD https://huggingface.co/mainguyen9/vietlegal-harrier-0.6b/resolve/main/config.json "HTTP/1.1 307 Temporary Redirect"
[2026-08-26 22:35:31] INFO - httpx - HTTP Request: HEAD https://huggingface.co/api/resolve-cache/models/mainguyen9/vietlegal-harrier-0.6b/91a0e1ebe4b63b4475bbae40658b8ca9231bea74/config.json "HTTP/1.1 200 OK"
[2026-08-26 22:35:32] INFO - httpx - HTTP Request: HEAD https://huggingface.co/mainguyen9/vietlegal-harrier-0.6b/resolve/main/processor_config.json "HTTP/1.1 404 Not Found"
[2026-08-26 22:35:32] INFO - httpx - HTTP Request: HEAD https://huggingface.co/mainguyen9/vietlegal-harrier-0.6b/resolve/main/preprocessor_config.json "HTTP/1.1 404 Not Found"
[2026-08-26 22:35:32] INFO - httpx - HTTP Request: HEAD https://huggingface.co/mainguyen9/vietlegal-harrier-0.6b/resolve/main/video_preprocessor_config.json "HTTP/1.1 404 Not Found"
[2026-08-26 22:35:32] INFO - httpx - HTTP Request: HEAD https://huggingface.co/mainguyen9/vietlegal-harrier-0.6b/resolve/main/preprocessor_config.json "HTTP/1.1 404 Not Found"
[2026-08-26 22:35:33] INFO - httpx - HTTP Request: HEAD https://huggingface.co/mainguyen9/vietlegal-harrier-0.6b/resolve/main/tokenizer_config.json "HTTP/1.1 307 Temporary Redirect"
[2026-08-26 22:35:33] INFO - httpx - HTTP Request: HEAD https://huggingface.co/api/resolve-cache/models/mainguyen9/vietlegal-harrier-0.6b/91a0e1ebe4b63b4475bbae40658b8ca9231bea74/tokenizer_config.json "HTTP/1.1 200 OK"
[2026-08-26 22:35:33] INFO - httpx - HTTP Request: HEAD https://huggingface.co/mainguyen9/vietlegal-harrier-0.6b/resolve/main/config.json "HTTP/1.1 307 Temporary Redirect"
[2026-08-26 22:35:33] INFO - httpx - HTTP Request: HEAD https://huggingface.co/api/resolve-cache/models/mainguyen9/vietlegal-harrier-0.6b/91a0e1ebe4b63b4475bbae40658b8ca9231bea74/config.json "HTTP/1.1 200 OK"
[2026-08-26 22:35:33] INFO - httpx - HTTP Request: HEAD https://huggingface.co/mainguyen9/vietlegal-harrier-0.6b/resolve/main/config.json "HTTP/1.1 307 Temporary Redirect"
[2026-08-26 22:35:33] INFO - httpx - HTTP Request: HEAD https://huggingface.co/api/resolve-cache/models/mainguyen9/vietlegal-harrier-0.6b/91a0e1ebe4b63b4475bbae40658b8ca9231bea74/config.json "HTTP/1.1 200 OK"
[2026-08-26 22:35:34] INFO - httpx - HTTP Request: HEAD https://huggingface.co/mainguyen9/vietlegal-harrier-0.6b/resolve/main/tokenizer_config.json "HTTP/1.1 307 Temporary Redirect"
[2026-08-26 22:35:34] INFO - httpx - HTTP Request: HEAD https://huggingface.co/api/resolve-cache/models/mainguyen9/vietlegal-harrier-0.6b/91a0e1ebe4b63b4475bbae40658b8ca9231bea74/tokenizer_config.json "HTTP/1.1 200 OK"
[2026-08-26 22:35:35] INFO - httpx - HTTP Request: GET https://huggingface.co/api/models/mainguyen9/vietlegal-harrier-0.6b/tree/main/additional_chat_templates?recursive=false&expand=false "HTTP/1.1 404 Not Found"
[2026-08-26 22:35:35] INFO - httpx - HTTP Request: GET https://huggingface.co/api/models/mainguyen9/vietlegal-harrier-0.6b/tree/main?recursive=true&expand=false "HTTP/1.1 200 OK"
[2026-08-26 22:35:36] INFO - httpx - HTTP Request: GET https://huggingface.co/api/models/mainguyen9/vietlegal-harrier-0.6b "HTTP/1.1 200 OK"
[2026-08-26 22:35:36] INFO - httpx - HTTP Request: HEAD https://huggingface.co/mainguyen9/vietlegal-harrier-0.6b/resolve/main/1_Pooling/config.json "HTTP/1.1 307 Temporary Redirect"
[2026-08-26 22:35:36] INFO - httpx - HTTP Request: HEAD https://huggingface.co/api/resolve-cache/models/mainguyen9/vietlegal-harrier-0.6b/91a0e1ebe4b63b4475bbae40658b8ca9231bea74/1_Pooling%2Fconfig.json "HTTP/1.1 200 OK"
[2026-08-26 22:35:36] INFO - httpx - HTTP Request: GET https://huggingface.co/api/models/mainguyen9/vietlegal-harrier-0.6b "HTTP/1.1 200 OK"
[2026-08-26 22:35:39] INFO - sentence_transformers.base.model - Loaded 1 prompt with these keys: ['query']
[2026-08-26 22:35:39] INFO - embedding - Completed embedding texts 1
[2026-08-26 22:35:39] INFO - vector_datatbase - Connecting to Qdrant via URL
[2026-08-26 22:35:39] INFO - httpx - HTTP Request: GET http://localhost:6333/collections "HTTP/1.1 200 OK"
[2026-08-26 22:35:39] INFO - vector_datatbase - Successfully connected to Qdrant
[2026-08-26 22:35:40] INFO - httpx - HTTP Request: GET http://localhost:6333/collections "HTTP/1.1 200 OK"
[2026-08-26 22:35:40] INFO - vector_datatbase - Collection 'nmk_chatbot_collection' already exists.
[2026-08-26 22:35:40] INFO - sparse_vector - Model loaded from vectorstore\bm25store\bm25store.pkl
[2026-08-26 22:35:40] INFO - httpx - HTTP Request: POST http://localhost:6333/collections/nmk_chatbot_collection/points/query "HTTP/1.1 200 OK"
[2026-08-26 22:35:40] INFO - retrieval - Successfully retrieved 5 items
[2026-08-26 22:35:40] INFO - httpx - HTTP Request: GET http://localhost:6333/collections "HTTP/1.1 200 OK"
[2026-08-26 22:35:40] INFO - vector_datatbase - Collection 'nmk_chatbot_collection' already exists.
[2026-08-26 22:35:40] INFO - httpx - HTTP Request: POST http://localhost:6333/collections/nmk_chatbot_collection/points/scroll "HTTP/1.1 200 OK"
[2026-08-26 22:35:40] INFO - tools - Function 1 - Filtered 1 items referencing document 'document' Article 8
[2026-08-26 22:35:40] INFO - httpx - HTTP Request: GET http://localhost:6333/collections "HTTP/1.1 200 OK"
[2026-08-26 22:35:40] INFO - vector_datatbase - Collection 'nmk_chatbot_collection' already exists.
[2026-08-26 22:35:40] INFO - httpx - HTTP Request: POST http://localhost:6333/collections/nmk_chatbot_collection/points/scroll "HTTP/1.1 200 OK"
[2026-08-26 22:35:40] INFO - tools - Function 1 - Filtered 3 items referencing document 'document' Article 3
[2026-08-26 22:35:40] INFO - httpx - HTTP Request: GET http://localhost:6333/collections "HTTP/1.1 200 OK"
[2026-08-26 22:35:40] INFO - vector_datatbase - Collection 'nmk_chatbot_collection' already exists.
[2026-08-26 22:35:40] INFO - httpx - HTTP Request: POST http://localhost:6333/collections/nmk_chatbot_collection/points/scroll "HTTP/1.1 200 OK"
[2026-08-26 22:35:40] INFO - tools - Function 1 - Filtered 1 items referencing document 'document' Article 3
[2026-08-26 22:35:40] INFO - httpx - HTTP Request: GET http://localhost:6333/collections "HTTP/1.1 200 OK"
[2026-08-26 22:35:40] INFO - vector_datatbase - Collection 'nmk_chatbot_collection' already exists.
[2026-08-26 22:35:40] INFO - httpx - HTTP Request: POST http://localhost:6333/collections/nmk_chatbot_collection/points/scroll "HTTP/1.1 200 OK"
[2026-08-26 22:35:40] INFO - tools - Function 1 - Filtered 1 items referencing document 'document' Article 9
[2026-08-26 22:35:40] INFO - httpx - HTTP Request: GET http://localhost:6333/collections "HTTP/1.1 200 OK"
[2026-08-26 22:35:40] INFO - vector_datatbase - Collection 'nmk_chatbot_collection' already exists.
[2026-08-26 22:35:40] INFO - httpx - HTTP Request: POST http://localhost:6333/collections/nmk_chatbot_collection/points/scroll "HTTP/1.1 200 OK"
[2026-08-26 22:35:40] INFO - tools - Function 1 - Filtered 1 items referencing document 'document' Article 9
[2026-08-26 22:35:40] INFO - httpx - HTTP Request: GET http://localhost:6333 "HTTP/1.1 200 OK"
[2026-08-26 22:38:41] INFO - chat_engine - [QUERY NORMALIZATION] Original: Tôi uống bia rồi lái xe về nhà thì có bị phạt không?
[2026-08-26 22:38:42] INFO - httpx - HTTP Request: POST https://ollama.com/api/chat "HTTP/1.1 200 OK"
[2026-08-26 22:38:42] INFO - chat_engine - [QUERY NORMALIZATION] Normalized: Người điều khiển phương tiện giao thông sau khi uống bia có bị xử phạt không?
[2026-08-26 22:38:42] INFO - embedding - Loadding embeding model. mainguyen9/vietlegal-harrier-0.6b
[2026-08-26 22:38:43] INFO - sentence_transformers.base.model - No device provided, using cuda:0
[2026-08-26 22:38:44] INFO - httpx - HTTP Request: HEAD https://huggingface.co/mainguyen9/vietlegal-harrier-0.6b/resolve/main/modules.json "HTTP/1.1 307 Temporary Redirect"
[2026-08-26 22:38:44] WARNING - huggingface_hub.utils._http - Warning: You are sending unauthenticated requests to the HF Hub. Please set a HF_TOKEN to enable higher rate limits and faster downloads.
[2026-08-26 22:38:44] INFO - httpx - HTTP Request: HEAD https://huggingface.co/api/resolve-cache/models/mainguyen9/vietlegal-harrier-0.6b/91a0e1ebe4b63b4475bbae40658b8ca9231bea74/modules.json "HTTP/1.1 200 OK"
[2026-08-26 22:38:45] INFO - httpx - HTTP Request: HEAD https://huggingface.co/mainguyen9/vietlegal-harrier-0.6b/resolve/main/config_sentence_transformers.json "HTTP/1.1 307 Temporary Redirect"
[2026-08-26 22:38:45] INFO - httpx - HTTP Request: HEAD https://huggingface.co/api/resolve-cache/models/mainguyen9/vietlegal-harrier-0.6b/91a0e1ebe4b63b4475bbae40658b8ca9231bea74/config_sentence_transformers.json "HTTP/1.1 200 OK"
[2026-08-26 22:38:45] INFO - sentence_transformers.base.model - Loading SentenceTransformer model from mainguyen9/vietlegal-harrier-0.6b.
[2026-08-26 22:38:45] INFO - httpx - HTTP Request: HEAD https://huggingface.co/mainguyen9/vietlegal-harrier-0.6b/resolve/main/config_sentence_transformers.json "HTTP/1.1 307 Temporary Redirect"
[2026-08-26 22:38:45] INFO - httpx - HTTP Request: HEAD https://huggingface.co/api/resolve-cache/models/mainguyen9/vietlegal-harrier-0.6b/91a0e1ebe4b63b4475bbae40658b8ca9231bea74/config_sentence_transformers.json "HTTP/1.1 200 OK"
[2026-08-26 22:38:45] INFO - httpx - HTTP Request: HEAD https://huggingface.co/mainguyen9/vietlegal-harrier-0.6b/resolve/main/README.md "HTTP/1.1 307 Temporary Redirect"
[2026-08-26 22:38:45] INFO - httpx - HTTP Request: HEAD https://huggingface.co/api/resolve-cache/models/mainguyen9/vietlegal-harrier-0.6b/91a0e1ebe4b63b4475bbae40658b8ca9231bea74/README.md "HTTP/1.1 200 OK"
[2026-08-26 22:38:46] INFO - httpx - HTTP Request: HEAD https://huggingface.co/mainguyen9/vietlegal-harrier-0.6b/resolve/main/modules.json "HTTP/1.1 307 Temporary Redirect"
[2026-08-26 22:38:46] INFO - httpx - HTTP Request: HEAD https://huggingface.co/api/resolve-cache/models/mainguyen9/vietlegal-harrier-0.6b/91a0e1ebe4b63b4475bbae40658b8ca9231bea74/modules.json "HTTP/1.1 200 OK"
[2026-08-26 22:38:46] INFO - httpx - HTTP Request: HEAD https://huggingface.co/mainguyen9/vietlegal-harrier-0.6b/resolve/main/sentence_bert_config.json "HTTP/1.1 307 Temporary Redirect"
[2026-08-26 22:38:46] INFO - httpx - HTTP Request: HEAD https://huggingface.co/api/resolve-cache/models/mainguyen9/vietlegal-harrier-0.6b/91a0e1ebe4b63b4475bbae40658b8ca9231bea74/sentence_bert_config.json "HTTP/1.1 200 OK"
[2026-08-26 22:38:46] INFO - httpx - HTTP Request: HEAD https://huggingface.co/mainguyen9/vietlegal-harrier-0.6b/resolve/main/adapter_config.json "HTTP/1.1 404 Not Found"
[2026-08-26 22:38:47] INFO - httpx - HTTP Request: HEAD https://huggingface.co/mainguyen9/vietlegal-harrier-0.6b/resolve/main/config.json "HTTP/1.1 307 Temporary Redirect"
[2026-08-26 22:38:47] INFO - httpx - HTTP Request: HEAD https://huggingface.co/api/resolve-cache/models/mainguyen9/vietlegal-harrier-0.6b/91a0e1ebe4b63b4475bbae40658b8ca9231bea74/config.json "HTTP/1.1 200 OK"
[2026-08-26 22:38:47] INFO - httpx - HTTP Request: HEAD https://huggingface.co/mainguyen9/vietlegal-harrier-0.6b/resolve/main/config.json "HTTP/1.1 307 Temporary Redirect"
[2026-08-26 22:38:47] INFO - httpx - HTTP Request: HEAD https://huggingface.co/api/resolve-cache/models/mainguyen9/vietlegal-harrier-0.6b/91a0e1ebe4b63b4475bbae40658b8ca9231bea74/config.json "HTTP/1.1 200 OK"
[2026-08-26 22:38:48] INFO - httpx - HTTP Request: HEAD https://huggingface.co/mainguyen9/vietlegal-harrier-0.6b/resolve/main/processor_config.json "HTTP/1.1 404 Not Found"
[2026-08-26 22:38:48] INFO - httpx - HTTP Request: HEAD https://huggingface.co/mainguyen9/vietlegal-harrier-0.6b/resolve/main/preprocessor_config.json "HTTP/1.1 404 Not Found"
[2026-08-26 22:38:48] INFO - httpx - HTTP Request: HEAD https://huggingface.co/mainguyen9/vietlegal-harrier-0.6b/resolve/main/video_preprocessor_config.json "HTTP/1.1 404 Not Found"
[2026-08-26 22:38:48] INFO - httpx - HTTP Request: HEAD https://huggingface.co/mainguyen9/vietlegal-harrier-0.6b/resolve/main/preprocessor_config.json "HTTP/1.1 404 Not Found"
[2026-08-26 22:38:49] INFO - httpx - HTTP Request: HEAD https://huggingface.co/mainguyen9/vietlegal-harrier-0.6b/resolve/main/tokenizer_config.json "HTTP/1.1 307 Temporary Redirect"
[2026-08-26 22:38:49] INFO - httpx - HTTP Request: HEAD https://huggingface.co/api/resolve-cache/models/mainguyen9/vietlegal-harrier-0.6b/91a0e1ebe4b63b4475bbae40658b8ca9231bea74/tokenizer_config.json "HTTP/1.1 200 OK"
[2026-08-26 22:38:49] INFO - httpx - HTTP Request: HEAD https://huggingface.co/mainguyen9/vietlegal-harrier-0.6b/resolve/main/config.json "HTTP/1.1 307 Temporary Redirect"
[2026-08-26 22:38:49] INFO - httpx - HTTP Request: HEAD https://huggingface.co/api/resolve-cache/models/mainguyen9/vietlegal-harrier-0.6b/91a0e1ebe4b63b4475bbae40658b8ca9231bea74/config.json "HTTP/1.1 200 OK"
[2026-08-26 22:38:49] INFO - httpx - HTTP Request: HEAD https://huggingface.co/mainguyen9/vietlegal-harrier-0.6b/resolve/main/config.json "HTTP/1.1 307 Temporary Redirect"
[2026-08-26 22:38:49] INFO - httpx - HTTP Request: HEAD https://huggingface.co/api/resolve-cache/models/mainguyen9/vietlegal-harrier-0.6b/91a0e1ebe4b63b4475bbae40658b8ca9231bea74/config.json "HTTP/1.1 200 OK"
[2026-08-26 22:38:50] INFO - httpx - HTTP Request: HEAD https://huggingface.co/mainguyen9/vietlegal-harrier-0.6b/resolve/main/tokenizer_config.json "HTTP/1.1 307 Temporary Redirect"
[2026-08-26 22:38:50] INFO - httpx - HTTP Request: HEAD https://huggingface.co/api/resolve-cache/models/mainguyen9/vietlegal-harrier-0.6b/91a0e1ebe4b63b4475bbae40658b8ca9231bea74/tokenizer_config.json "HTTP/1.1 200 OK"
[2026-08-26 22:38:50] INFO - httpx - HTTP Request: GET https://huggingface.co/api/models/mainguyen9/vietlegal-harrier-0.6b/tree/main/additional_chat_templates?recursive=false&expand=false "HTTP/1.1 404 Not Found"
[2026-08-26 22:38:51] INFO - httpx - HTTP Request: GET https://huggingface.co/api/models/mainguyen9/vietlegal-harrier-0.6b/tree/main?recursive=true&expand=false "HTTP/1.1 200 OK"
[2026-08-26 22:38:52] INFO - httpx - HTTP Request: GET https://huggingface.co/api/models/mainguyen9/vietlegal-harrier-0.6b "HTTP/1.1 200 OK"
[2026-08-26 22:38:52] INFO - httpx - HTTP Request: HEAD https://huggingface.co/mainguyen9/vietlegal-harrier-0.6b/resolve/main/1_Pooling/config.json "HTTP/1.1 307 Temporary Redirect"
[2026-08-26 22:38:52] INFO - httpx - HTTP Request: HEAD https://huggingface.co/api/resolve-cache/models/mainguyen9/vietlegal-harrier-0.6b/91a0e1ebe4b63b4475bbae40658b8ca9231bea74/1_Pooling%2Fconfig.json "HTTP/1.1 200 OK"
[2026-08-26 22:38:52] INFO - httpx - HTTP Request: GET https://huggingface.co/api/models/mainguyen9/vietlegal-harrier-0.6b "HTTP/1.1 200 OK"
[2026-08-26 22:38:54] INFO - sentence_transformers.base.model - Loaded 1 prompt with these keys: ['query']
[2026-08-26 22:38:55] INFO - embedding - Completed embedding texts 1
[2026-08-26 22:38:55] INFO - vector_datatbase - Connecting to Qdrant via URL
[2026-08-26 22:38:55] INFO - httpx - HTTP Request: GET http://localhost:6333/collections "HTTP/1.1 200 OK"
[2026-08-26 22:38:55] INFO - vector_datatbase - Successfully connected to Qdrant
[2026-08-26 22:38:55] INFO - httpx - HTTP Request: GET http://localhost:6333/collections "HTTP/1.1 200 OK"
[2026-08-26 22:38:55] INFO - vector_datatbase - Collection 'nmk_chatbot_collection' already exists.
[2026-08-26 22:38:55] INFO - sparse_vector - Model loaded from vectorstore\bm25store\bm25store.pkl
[2026-08-26 22:38:55] INFO - httpx - HTTP Request: POST http://localhost:6333/collections/nmk_chatbot_collection/points/query "HTTP/1.1 200 OK"
[2026-08-26 22:38:55] INFO - retrieval - Successfully retrieved 5 items
[2026-08-26 22:38:55] INFO - httpx - HTTP Request: GET http://localhost:6333/collections "HTTP/1.1 200 OK"
[2026-08-26 22:38:55] INFO - vector_datatbase - Collection 'nmk_chatbot_collection' already exists.
[2026-08-26 22:38:55] INFO - httpx - HTTP Request: POST http://localhost:6333/collections/nmk_chatbot_collection/points/scroll "HTTP/1.1 200 OK"
[2026-08-26 22:38:55] INFO - tools - Function 1 - Filtered 1 items referencing document 'document' Article 9
[2026-08-26 22:38:55] INFO - httpx - HTTP Request: GET http://localhost:6333/collections "HTTP/1.1 200 OK"
[2026-08-26 22:38:55] INFO - vector_datatbase - Collection 'nmk_chatbot_collection' already exists.
[2026-08-26 22:38:55] INFO - httpx - HTTP Request: POST http://localhost:6333/collections/nmk_chatbot_collection/points/scroll "HTTP/1.1 200 OK"
[2026-08-26 22:38:55] INFO - tools - Function 1 - Filtered 0 items referencing document 'document' Article 48
[2026-08-26 22:38:55] INFO - httpx - HTTP Request: GET http://localhost:6333/collections "HTTP/1.1 200 OK"
[2026-08-26 22:38:55] INFO - vector_datatbase - Collection 'nmk_chatbot_collection' already exists.
[2026-08-26 22:38:55] INFO - httpx - HTTP Request: POST http://localhost:6333/collections/nmk_chatbot_collection/points/scroll "HTTP/1.1 200 OK"
[2026-08-26 22:38:55] INFO - tools - Function 1 - Filtered 1 items referencing document 'document' Article 9
[2026-08-26 22:38:55] INFO - httpx - HTTP Request: GET http://localhost:6333/collections "HTTP/1.1 200 OK"
[2026-08-26 22:38:55] INFO - vector_datatbase - Collection 'nmk_chatbot_collection' already exists.
[2026-08-26 22:38:55] INFO - httpx - HTTP Request: POST http://localhost:6333/collections/nmk_chatbot_collection/points/scroll "HTTP/1.1 200 OK"
[2026-08-26 22:38:55] INFO - tools - Function 1 - Filtered 0 items referencing document 'document' Article 17
[2026-08-26 22:38:55] INFO - httpx - HTTP Request: GET http://localhost:6333/collections "HTTP/1.1 200 OK"
[2026-08-26 22:38:55] INFO - vector_datatbase - Collection 'nmk_chatbot_collection' already exists.
[2026-08-26 22:38:55] INFO - httpx - HTTP Request: POST http://localhost:6333/collections/nmk_chatbot_collection/points/scroll "HTTP/1.1 200 OK"
[2026-08-26 22:38:55] INFO - tools - Function 1 - Filtered 0 items referencing document 'document' Article 16
[2026-08-26 22:38:55] INFO - httpx - HTTP Request: GET http://localhost:6333 "HTTP/1.1 200 OK"
[2026-08-26 22:39:50] INFO - chat_engine - [QUERY NORMALIZATION] Original: Tôi uống bia rồi lái xe về nhà thì có bị phạt không?
[2026-08-26 22:39:53] INFO - httpx - HTTP Request: POST https://ollama.com/api/chat "HTTP/1.1 200 OK"
[2026-08-26 22:39:53] INFO - chat_engine - [QUERY NORMALIZATION] Normalized: Điều khiển phương tiện giao thông sau khi uống rượu bia có bị xử phạt không?
[2026-08-26 22:39:53] INFO - embedding - Loadding embeding model. mainguyen9/vietlegal-harrier-0.6b
[2026-08-26 22:39:54] INFO - sentence_transformers.base.model - No device provided, using cuda:0
[2026-08-26 22:39:55] INFO - httpx - HTTP Request: HEAD https://huggingface.co/mainguyen9/vietlegal-harrier-0.6b/resolve/main/modules.json "HTTP/1.1 307 Temporary Redirect"
[2026-08-26 22:39:55] WARNING - huggingface_hub.utils._http - Warning: You are sending unauthenticated requests to the HF Hub. Please set a HF_TOKEN to enable higher rate limits and faster downloads.
[2026-08-26 22:39:55] INFO - httpx - HTTP Request: HEAD https://huggingface.co/api/resolve-cache/models/mainguyen9/vietlegal-harrier-0.6b/91a0e1ebe4b63b4475bbae40658b8ca9231bea74/modules.json "HTTP/1.1 200 OK"
[2026-08-26 22:39:55] INFO - httpx - HTTP Request: HEAD https://huggingface.co/mainguyen9/vietlegal-harrier-0.6b/resolve/main/config_sentence_transformers.json "HTTP/1.1 307 Temporary Redirect"
[2026-08-26 22:39:55] INFO - httpx - HTTP Request: HEAD https://huggingface.co/api/resolve-cache/models/mainguyen9/vietlegal-harrier-0.6b/91a0e1ebe4b63b4475bbae40658b8ca9231bea74/config_sentence_transformers.json "HTTP/1.1 200 OK"
[2026-08-26 22:39:55] INFO - sentence_transformers.base.model - Loading SentenceTransformer model from mainguyen9/vietlegal-harrier-0.6b.
[2026-08-26 22:39:56] INFO - httpx - HTTP Request: HEAD https://huggingface.co/mainguyen9/vietlegal-harrier-0.6b/resolve/main/config_sentence_transformers.json "HTTP/1.1 307 Temporary Redirect"
[2026-08-26 22:39:56] INFO - httpx - HTTP Request: HEAD https://huggingface.co/api/resolve-cache/models/mainguyen9/vietlegal-harrier-0.6b/91a0e1ebe4b63b4475bbae40658b8ca9231bea74/config_sentence_transformers.json "HTTP/1.1 200 OK"
[2026-08-26 22:39:56] INFO - httpx - HTTP Request: HEAD https://huggingface.co/mainguyen9/vietlegal-harrier-0.6b/resolve/main/README.md "HTTP/1.1 307 Temporary Redirect"
[2026-08-26 22:39:56] INFO - httpx - HTTP Request: HEAD https://huggingface.co/api/resolve-cache/models/mainguyen9/vietlegal-harrier-0.6b/91a0e1ebe4b63b4475bbae40658b8ca9231bea74/README.md "HTTP/1.1 200 OK"
[2026-08-26 22:39:56] INFO - httpx - HTTP Request: HEAD https://huggingface.co/mainguyen9/vietlegal-harrier-0.6b/resolve/main/modules.json "HTTP/1.1 307 Temporary Redirect"
[2026-08-26 22:39:56] INFO - httpx - HTTP Request: HEAD https://huggingface.co/api/resolve-cache/models/mainguyen9/vietlegal-harrier-0.6b/91a0e1ebe4b63b4475bbae40658b8ca9231bea74/modules.json "HTTP/1.1 200 OK"
[2026-08-26 22:39:57] INFO - httpx - HTTP Request: HEAD https://huggingface.co/mainguyen9/vietlegal-harrier-0.6b/resolve/main/sentence_bert_config.json "HTTP/1.1 307 Temporary Redirect"
[2026-08-26 22:39:57] INFO - httpx - HTTP Request: HEAD https://huggingface.co/api/resolve-cache/models/mainguyen9/vietlegal-harrier-0.6b/91a0e1ebe4b63b4475bbae40658b8ca9231bea74/sentence_bert_config.json "HTTP/1.1 200 OK"
[2026-08-26 22:39:57] INFO - httpx - HTTP Request: HEAD https://huggingface.co/mainguyen9/vietlegal-harrier-0.6b/resolve/main/adapter_config.json "HTTP/1.1 404 Not Found"
[2026-08-26 22:39:57] INFO - httpx - HTTP Request: HEAD https://huggingface.co/mainguyen9/vietlegal-harrier-0.6b/resolve/main/config.json "HTTP/1.1 307 Temporary Redirect"
[2026-08-26 22:39:57] INFO - httpx - HTTP Request: HEAD https://huggingface.co/api/resolve-cache/models/mainguyen9/vietlegal-harrier-0.6b/91a0e1ebe4b63b4475bbae40658b8ca9231bea74/config.json "HTTP/1.1 200 OK"
[2026-08-26 22:39:58] INFO - httpx - HTTP Request: HEAD https://huggingface.co/mainguyen9/vietlegal-harrier-0.6b/resolve/main/config.json "HTTP/1.1 307 Temporary Redirect"
[2026-08-26 22:39:58] INFO - httpx - HTTP Request: HEAD https://huggingface.co/api/resolve-cache/models/mainguyen9/vietlegal-harrier-0.6b/91a0e1ebe4b63b4475bbae40658b8ca9231bea74/config.json "HTTP/1.1 200 OK"
[2026-08-26 22:39:59] INFO - httpx - HTTP Request: HEAD https://huggingface.co/mainguyen9/vietlegal-harrier-0.6b/resolve/main/processor_config.json "HTTP/1.1 404 Not Found"
[2026-08-26 22:39:59] INFO - httpx - HTTP Request: HEAD https://huggingface.co/mainguyen9/vietlegal-harrier-0.6b/resolve/main/preprocessor_config.json "HTTP/1.1 404 Not Found"
[2026-08-26 22:39:59] INFO - httpx - HTTP Request: HEAD https://huggingface.co/mainguyen9/vietlegal-harrier-0.6b/resolve/main/video_preprocessor_config.json "HTTP/1.1 404 Not Found"
[2026-08-26 22:40:00] INFO - httpx - HTTP Request: HEAD https://huggingface.co/mainguyen9/vietlegal-harrier-0.6b/resolve/main/preprocessor_config.json "HTTP/1.1 404 Not Found"
[2026-08-26 22:40:00] INFO - httpx - HTTP Request: HEAD https://huggingface.co/mainguyen9/vietlegal-harrier-0.6b/resolve/main/tokenizer_config.json "HTTP/1.1 307 Temporary Redirect"
[2026-08-26 22:40:00] INFO - httpx - HTTP Request: HEAD https://huggingface.co/api/resolve-cache/models/mainguyen9/vietlegal-harrier-0.6b/91a0e1ebe4b63b4475bbae40658b8ca9231bea74/tokenizer_config.json "HTTP/1.1 200 OK"
[2026-08-26 22:40:00] INFO - httpx - HTTP Request: HEAD https://huggingface.co/mainguyen9/vietlegal-harrier-0.6b/resolve/main/config.json "HTTP/1.1 307 Temporary Redirect"
[2026-08-26 22:40:01] INFO - httpx - HTTP Request: HEAD https://huggingface.co/api/resolve-cache/models/mainguyen9/vietlegal-harrier-0.6b/91a0e1ebe4b63b4475bbae40658b8ca9231bea74/config.json "HTTP/1.1 200 OK"
[2026-08-26 22:40:01] INFO - httpx - HTTP Request: HEAD https://huggingface.co/mainguyen9/vietlegal-harrier-0.6b/resolve/main/config.json "HTTP/1.1 307 Temporary Redirect"
[2026-08-26 22:40:01] INFO - httpx - HTTP Request: HEAD https://huggingface.co/api/resolve-cache/models/mainguyen9/vietlegal-harrier-0.6b/91a0e1ebe4b63b4475bbae40658b8ca9231bea74/config.json "HTTP/1.1 200 OK"
[2026-08-26 22:40:01] INFO - httpx - HTTP Request: HEAD https://huggingface.co/mainguyen9/vietlegal-harrier-0.6b/resolve/main/tokenizer_config.json "HTTP/1.1 307 Temporary Redirect"
[2026-08-26 22:40:01] INFO - httpx - HTTP Request: HEAD https://huggingface.co/api/resolve-cache/models/mainguyen9/vietlegal-harrier-0.6b/91a0e1ebe4b63b4475bbae40658b8ca9231bea74/tokenizer_config.json "HTTP/1.1 200 OK"
[2026-08-26 22:40:01] INFO - httpx - HTTP Request: GET https://huggingface.co/api/models/mainguyen9/vietlegal-harrier-0.6b/tree/main/additional_chat_templates?recursive=false&expand=false "HTTP/1.1 404 Not Found"
[2026-08-26 22:40:02] INFO - httpx - HTTP Request: GET https://huggingface.co/api/models/mainguyen9/vietlegal-harrier-0.6b/tree/main?recursive=true&expand=false "HTTP/1.1 200 OK"
[2026-08-26 22:40:03] INFO - httpx - HTTP Request: GET https://huggingface.co/api/models/mainguyen9/vietlegal-harrier-0.6b "HTTP/1.1 200 OK"
[2026-08-26 22:40:03] INFO - httpx - HTTP Request: HEAD https://huggingface.co/mainguyen9/vietlegal-harrier-0.6b/resolve/main/1_Pooling/config.json "HTTP/1.1 307 Temporary Redirect"
[2026-08-26 22:40:03] INFO - httpx - HTTP Request: HEAD https://huggingface.co/api/resolve-cache/models/mainguyen9/vietlegal-harrier-0.6b/91a0e1ebe4b63b4475bbae40658b8ca9231bea74/1_Pooling%2Fconfig.json "HTTP/1.1 200 OK"
[2026-08-26 22:40:03] INFO - httpx - HTTP Request: GET https://huggingface.co/api/models/mainguyen9/vietlegal-harrier-0.6b "HTTP/1.1 200 OK"
[2026-08-26 22:40:05] INFO - sentence_transformers.base.model - Loaded 1 prompt with these keys: ['query']
[2026-08-26 22:40:06] INFO - embedding - Completed embedding texts 1
[2026-08-26 22:40:06] INFO - vector_datatbase - Connecting to Qdrant via URL
[2026-08-26 22:40:06] INFO - httpx - HTTP Request: GET http://localhost:6333/collections "HTTP/1.1 200 OK"
[2026-08-26 22:40:06] INFO - vector_datatbase - Successfully connected to Qdrant
[2026-08-26 22:40:06] INFO - httpx - HTTP Request: GET http://localhost:6333/collections "HTTP/1.1 200 OK"
[2026-08-26 22:40:06] INFO - vector_datatbase - Collection 'nmk_chatbot_collection' already exists.
[2026-08-26 22:40:06] INFO - sparse_vector - Model loaded from vectorstore\bm25store\bm25store.pkl
[2026-08-26 22:40:06] INFO - httpx - HTTP Request: POST http://localhost:6333/collections/nmk_chatbot_collection/points/query "HTTP/1.1 200 OK"
[2026-08-26 22:40:06] INFO - retrieval - Successfully retrieved 5 items
[2026-08-26 22:40:06] INFO - httpx - HTTP Request: GET http://localhost:6333/collections "HTTP/1.1 200 OK"
[2026-08-26 22:40:06] INFO - vector_datatbase - Collection 'nmk_chatbot_collection' already exists.
[2026-08-26 22:40:06] INFO - httpx - HTTP Request: POST http://localhost:6333/collections/nmk_chatbot_collection/points/scroll "HTTP/1.1 200 OK"
[2026-08-26 22:40:06] INFO - tools - Function 1 - Filtered 0 items referencing document 'document' Article 48
[2026-08-26 22:40:06] INFO - httpx - HTTP Request: GET http://localhost:6333/collections "HTTP/1.1 200 OK"
[2026-08-26 22:40:06] INFO - vector_datatbase - Collection 'nmk_chatbot_collection' already exists.
[2026-08-26 22:40:06] INFO - httpx - HTTP Request: POST http://localhost:6333/collections/nmk_chatbot_collection/points/scroll "HTTP/1.1 200 OK"
[2026-08-26 22:40:06] INFO - tools - Function 1 - Filtered 1 items referencing document 'document' Article 9
[2026-08-26 22:40:06] INFO - httpx - HTTP Request: GET http://localhost:6333/collections "HTTP/1.1 200 OK"
[2026-08-26 22:40:06] INFO - vector_datatbase - Collection 'nmk_chatbot_collection' already exists.
[2026-08-26 22:40:06] INFO - httpx - HTTP Request: POST http://localhost:6333/collections/nmk_chatbot_collection/points/scroll "HTTP/1.1 200 OK"
[2026-08-26 22:40:06] INFO - tools - Function 1 - Filtered 1 items referencing document 'document' Article 9
[2026-08-26 22:40:06] INFO - httpx - HTTP Request: GET http://localhost:6333/collections "HTTP/1.1 200 OK"
[2026-08-26 22:40:06] INFO - vector_datatbase - Collection 'nmk_chatbot_collection' already exists.
[2026-08-26 22:40:06] INFO - httpx - HTTP Request: POST http://localhost:6333/collections/nmk_chatbot_collection/points/scroll "HTTP/1.1 200 OK"
[2026-08-26 22:40:06] INFO - tools - Function 1 - Filtered 0 items referencing document 'document' Article 16
[2026-08-26 22:40:06] INFO - httpx - HTTP Request: GET http://localhost:6333/collections "HTTP/1.1 200 OK"
[2026-08-26 22:40:06] INFO - vector_datatbase - Collection 'nmk_chatbot_collection' already exists.
[2026-08-26 22:40:06] INFO - httpx - HTTP Request: POST http://localhost:6333/collections/nmk_chatbot_collection/points/scroll "HTTP/1.1 200 OK"
[2026-08-26 22:40:06] INFO - tools - Function 1 - Filtered 1 items referencing document 'document' Article 9
[2026-08-26 22:40:06] INFO - httpx - HTTP Request: GET http://localhost:6333 "HTTP/1.1 200 OK"
[2026-08-26 22:44:11] INFO - chat_engine - [QUERY NORMALIZATION] Original: Tôi uống bia rồi lái xe về nhà thì có bị phạt không?
[2026-08-26 22:44:14] INFO - httpx - HTTP Request: POST https://ollama.com/api/chat "HTTP/1.1 200 OK"
[2026-08-26 22:44:14] INFO - chat_engine - [QUERY NORMALIZATION] Normalized: Điều khiển phương tiện giao thông trong tình trạng uống rượu bia có bị xử phạt không?
[2026-08-26 22:44:14] INFO - embedding - Loadding embeding model. mainguyen9/vietlegal-harrier-0.6b
[2026-08-26 22:44:15] INFO - sentence_transformers.base.model - No device provided, using cuda:0
[2026-08-26 22:44:16] INFO - httpx - HTTP Request: HEAD https://huggingface.co/mainguyen9/vietlegal-harrier-0.6b/resolve/main/modules.json "HTTP/1.1 307 Temporary Redirect"
[2026-08-26 22:44:16] WARNING - huggingface_hub.utils._http - Warning: You are sending unauthenticated requests to the HF Hub. Please set a HF_TOKEN to enable higher rate limits and faster downloads.
[2026-08-26 22:44:16] INFO - httpx - HTTP Request: HEAD https://huggingface.co/api/resolve-cache/models/mainguyen9/vietlegal-harrier-0.6b/91a0e1ebe4b63b4475bbae40658b8ca9231bea74/modules.json "HTTP/1.1 200 OK"
[2026-08-26 22:44:16] INFO - httpx - HTTP Request: HEAD https://huggingface.co/mainguyen9/vietlegal-harrier-0.6b/resolve/main/config_sentence_transformers.json "HTTP/1.1 307 Temporary Redirect"
[2026-08-26 22:44:16] INFO - httpx - HTTP Request: HEAD https://huggingface.co/api/resolve-cache/models/mainguyen9/vietlegal-harrier-0.6b/91a0e1ebe4b63b4475bbae40658b8ca9231bea74/config_sentence_transformers.json "HTTP/1.1 200 OK"
[2026-08-26 22:44:16] INFO - sentence_transformers.base.model - Loading SentenceTransformer model from mainguyen9/vietlegal-harrier-0.6b.
[2026-08-26 22:44:16] INFO - httpx - HTTP Request: HEAD https://huggingface.co/mainguyen9/vietlegal-harrier-0.6b/resolve/main/config_sentence_transformers.json "HTTP/1.1 307 Temporary Redirect"
[2026-08-26 22:44:16] INFO - httpx - HTTP Request: HEAD https://huggingface.co/api/resolve-cache/models/mainguyen9/vietlegal-harrier-0.6b/91a0e1ebe4b63b4475bbae40658b8ca9231bea74/config_sentence_transformers.json "HTTP/1.1 200 OK"
[2026-08-26 22:44:17] INFO - httpx - HTTP Request: HEAD https://huggingface.co/mainguyen9/vietlegal-harrier-0.6b/resolve/main/README.md "HTTP/1.1 307 Temporary Redirect"
[2026-08-26 22:44:17] INFO - httpx - HTTP Request: HEAD https://huggingface.co/api/resolve-cache/models/mainguyen9/vietlegal-harrier-0.6b/91a0e1ebe4b63b4475bbae40658b8ca9231bea74/README.md "HTTP/1.1 200 OK"
[2026-08-26 22:44:17] INFO - httpx - HTTP Request: HEAD https://huggingface.co/mainguyen9/vietlegal-harrier-0.6b/resolve/main/modules.json "HTTP/1.1 307 Temporary Redirect"
[2026-08-26 22:44:17] INFO - httpx - HTTP Request: HEAD https://huggingface.co/api/resolve-cache/models/mainguyen9/vietlegal-harrier-0.6b/91a0e1ebe4b63b4475bbae40658b8ca9231bea74/modules.json "HTTP/1.1 200 OK"
[2026-08-26 22:44:17] INFO - httpx - HTTP Request: HEAD https://huggingface.co/mainguyen9/vietlegal-harrier-0.6b/resolve/main/sentence_bert_config.json "HTTP/1.1 307 Temporary Redirect"
[2026-08-26 22:44:17] INFO - httpx - HTTP Request: HEAD https://huggingface.co/api/resolve-cache/models/mainguyen9/vietlegal-harrier-0.6b/91a0e1ebe4b63b4475bbae40658b8ca9231bea74/sentence_bert_config.json "HTTP/1.1 200 OK"
[2026-08-26 22:44:17] INFO - httpx - HTTP Request: HEAD https://huggingface.co/mainguyen9/vietlegal-harrier-0.6b/resolve/main/adapter_config.json "HTTP/1.1 404 Not Found"
[2026-08-26 22:44:18] INFO - httpx - HTTP Request: HEAD https://huggingface.co/mainguyen9/vietlegal-harrier-0.6b/resolve/main/config.json "HTTP/1.1 307 Temporary Redirect"
[2026-08-26 22:44:18] INFO - httpx - HTTP Request: HEAD https://huggingface.co/api/resolve-cache/models/mainguyen9/vietlegal-harrier-0.6b/91a0e1ebe4b63b4475bbae40658b8ca9231bea74/config.json "HTTP/1.1 200 OK"
[2026-08-26 22:44:18] INFO - httpx - HTTP Request: HEAD https://huggingface.co/mainguyen9/vietlegal-harrier-0.6b/resolve/main/config.json "HTTP/1.1 307 Temporary Redirect"
[2026-08-26 22:44:18] INFO - httpx - HTTP Request: HEAD https://huggingface.co/api/resolve-cache/models/mainguyen9/vietlegal-harrier-0.6b/91a0e1ebe4b63b4475bbae40658b8ca9231bea74/config.json "HTTP/1.1 200 OK"
[2026-08-26 22:44:18] INFO - httpx - HTTP Request: HEAD https://huggingface.co/mainguyen9/vietlegal-harrier-0.6b/resolve/main/processor_config.json "HTTP/1.1 404 Not Found"
[2026-08-26 22:44:19] INFO - httpx - HTTP Request: HEAD https://huggingface.co/mainguyen9/vietlegal-harrier-0.6b/resolve/main/preprocessor_config.json "HTTP/1.1 404 Not Found"
[2026-08-26 22:44:19] INFO - httpx - HTTP Request: HEAD https://huggingface.co/mainguyen9/vietlegal-harrier-0.6b/resolve/main/video_preprocessor_config.json "HTTP/1.1 404 Not Found"
[2026-08-26 22:44:19] INFO - httpx - HTTP Request: HEAD https://huggingface.co/mainguyen9/vietlegal-harrier-0.6b/resolve/main/preprocessor_config.json "HTTP/1.1 404 Not Found"
[2026-08-26 22:44:20] INFO - httpx - HTTP Request: HEAD https://huggingface.co/mainguyen9/vietlegal-harrier-0.6b/resolve/main/tokenizer_config.json "HTTP/1.1 307 Temporary Redirect"
[2026-08-26 22:44:20] INFO - httpx - HTTP Request: HEAD https://huggingface.co/api/resolve-cache/models/mainguyen9/vietlegal-harrier-0.6b/91a0e1ebe4b63b4475bbae40658b8ca9231bea74/tokenizer_config.json "HTTP/1.1 200 OK"
[2026-08-26 22:44:20] INFO - httpx - HTTP Request: HEAD https://huggingface.co/mainguyen9/vietlegal-harrier-0.6b/resolve/main/config.json "HTTP/1.1 307 Temporary Redirect"
[2026-08-26 22:44:20] INFO - httpx - HTTP Request: HEAD https://huggingface.co/api/resolve-cache/models/mainguyen9/vietlegal-harrier-0.6b/91a0e1ebe4b63b4475bbae40658b8ca9231bea74/config.json "HTTP/1.1 200 OK"
[2026-08-26 22:44:20] INFO - httpx - HTTP Request: HEAD https://huggingface.co/mainguyen9/vietlegal-harrier-0.6b/resolve/main/config.json "HTTP/1.1 307 Temporary Redirect"
[2026-08-26 22:44:20] INFO - httpx - HTTP Request: HEAD https://huggingface.co/api/resolve-cache/models/mainguyen9/vietlegal-harrier-0.6b/91a0e1ebe4b63b4475bbae40658b8ca9231bea74/config.json "HTTP/1.1 200 OK"
[2026-08-26 22:44:20] INFO - httpx - HTTP Request: HEAD https://huggingface.co/mainguyen9/vietlegal-harrier-0.6b/resolve/main/tokenizer_config.json "HTTP/1.1 307 Temporary Redirect"
[2026-08-26 22:44:20] INFO - httpx - HTTP Request: HEAD https://huggingface.co/api/resolve-cache/models/mainguyen9/vietlegal-harrier-0.6b/91a0e1ebe4b63b4475bbae40658b8ca9231bea74/tokenizer_config.json "HTTP/1.1 200 OK"
[2026-08-26 22:44:21] INFO - httpx - HTTP Request: GET https://huggingface.co/api/models/mainguyen9/vietlegal-harrier-0.6b/tree/main/additional_chat_templates?recursive=false&expand=false "HTTP/1.1 404 Not Found"
[2026-08-26 22:44:21] INFO - httpx - HTTP Request: GET https://huggingface.co/api/models/mainguyen9/vietlegal-harrier-0.6b/tree/main?recursive=true&expand=false "HTTP/1.1 200 OK"
[2026-08-26 22:44:22] INFO - httpx - HTTP Request: GET https://huggingface.co/api/models/mainguyen9/vietlegal-harrier-0.6b "HTTP/1.1 200 OK"
[2026-08-26 22:44:22] INFO - httpx - HTTP Request: HEAD https://huggingface.co/mainguyen9/vietlegal-harrier-0.6b/resolve/main/1_Pooling/config.json "HTTP/1.1 307 Temporary Redirect"
[2026-08-26 22:44:22] INFO - httpx - HTTP Request: HEAD https://huggingface.co/api/resolve-cache/models/mainguyen9/vietlegal-harrier-0.6b/91a0e1ebe4b63b4475bbae40658b8ca9231bea74/1_Pooling%2Fconfig.json "HTTP/1.1 200 OK"
[2026-08-26 22:44:22] INFO - httpx - HTTP Request: GET https://huggingface.co/api/models/mainguyen9/vietlegal-harrier-0.6b "HTTP/1.1 200 OK"
[2026-08-26 22:44:25] INFO - sentence_transformers.base.model - Loaded 1 prompt with these keys: ['query']
[2026-08-26 22:44:25] INFO - embedding - Completed embedding texts 1
[2026-08-26 22:44:25] INFO - vector_datatbase - Connecting to Qdrant via URL
[2026-08-26 22:44:25] INFO - httpx - HTTP Request: GET http://localhost:6333/collections "HTTP/1.1 200 OK"
[2026-08-26 22:44:25] INFO - vector_datatbase - Successfully connected to Qdrant
[2026-08-26 22:44:25] INFO - httpx - HTTP Request: GET http://localhost:6333/collections "HTTP/1.1 200 OK"
[2026-08-26 22:44:25] INFO - vector_datatbase - Collection 'nmk_chatbot_collection' already exists.
[2026-08-26 22:44:25] INFO - sparse_vector - Model loaded from vectorstore\bm25store\bm25store.pkl
[2026-08-26 22:44:25] INFO - httpx - HTTP Request: POST http://localhost:6333/collections/nmk_chatbot_collection/points/query "HTTP/1.1 200 OK"
[2026-08-26 22:44:25] INFO - retrieval - Successfully retrieved 5 items
[2026-08-26 22:44:25] INFO - httpx - HTTP Request: GET http://localhost:6333/collections "HTTP/1.1 200 OK"
[2026-08-26 22:44:25] INFO - vector_datatbase - Collection 'nmk_chatbot_collection' already exists.
[2026-08-26 22:44:25] INFO - httpx - HTTP Request: POST http://localhost:6333/collections/nmk_chatbot_collection/points/scroll "HTTP/1.1 200 OK"
[2026-08-26 22:44:25] INFO - tools - Function 1 - Filtered 1 items referencing Article 8, Clause 7, Point a
[2026-08-26 22:44:25] INFO - httpx - HTTP Request: GET http://localhost:6333/collections "HTTP/1.1 200 OK"
[2026-08-26 22:44:25] INFO - vector_datatbase - Collection 'nmk_chatbot_collection' already exists.
[2026-08-26 22:44:25] INFO - httpx - HTTP Request: POST http://localhost:6333/collections/nmk_chatbot_collection/points/scroll "HTTP/1.1 200 OK"
[2026-08-26 22:44:25] INFO - tools - Function 1 - Filtered 3 items referencing Article 3, Clause 3, Point a
[2026-08-26 22:44:25] INFO - httpx - HTTP Request: GET http://localhost:6333/collections "HTTP/1.1 200 OK"
[2026-08-26 22:44:25] INFO - vector_datatbase - Collection 'nmk_chatbot_collection' already exists.
[2026-08-26 22:44:25] INFO - httpx - HTTP Request: POST http://localhost:6333/collections/nmk_chatbot_collection/points/scroll "HTTP/1.1 200 OK"
[2026-08-26 22:44:25] INFO - tools - Function 1 - Filtered 1 items referencing Article 3, Clause 3, Point p
[2026-08-26 22:44:25] INFO - httpx - HTTP Request: GET http://localhost:6333/collections "HTTP/1.1 200 OK"
[2026-08-26 22:44:25] INFO - vector_datatbase - Collection 'nmk_chatbot_collection' already exists.
[2026-08-26 22:44:25] INFO - httpx - HTTP Request: POST http://localhost:6333/collections/nmk_chatbot_collection/points/scroll "HTTP/1.1 200 OK"
[2026-08-26 22:44:25] INFO - tools - Function 1 - Filtered 1 items referencing Article 9, Clause 1, Point p
[2026-08-26 22:44:25] INFO - httpx - HTTP Request: GET http://localhost:6333/collections "HTTP/1.1 200 OK"
[2026-08-26 22:44:25] INFO - vector_datatbase - Collection 'nmk_chatbot_collection' already exists.
[2026-08-26 22:44:25] INFO - httpx - HTTP Request: POST http://localhost:6333/collections/nmk_chatbot_collection/points/scroll "HTTP/1.1 200 OK"
[2026-08-26 22:44:25] INFO - tools - Function 1 - Filtered 3 items referencing Article 3, Clause 3, Point b
[2026-08-26 22:44:26] INFO - httpx - HTTP Request: GET http://localhost:6333 "HTTP/1.1 200 OK"
[2026-08-26 22:50:54] INFO - chat_engine - [QUERY NORMALIZATION] Original: Tôi uống bia rồi lái xe về nhà thì có bị phạt không?
[2026-08-26 22:50:57] INFO - httpx - HTTP Request: POST https://ollama.com/api/chat "HTTP/1.1 200 OK"
[2026-08-26 22:50:57] INFO - chat_engine - [QUERY NORMALIZATION] Normalized: Điều khiển phương tiện giao thông sau khi uống rượu bia có bị xử phạt không?
[2026-08-26 22:50:57] INFO - embedding - Loadding embeding model. mainguyen9/vietlegal-harrier-0.6b
[2026-08-26 22:50:58] INFO - sentence_transformers.base.model - No device provided, using cuda:0
[2026-08-26 22:51:00] INFO - httpx - HTTP Request: HEAD https://huggingface.co/mainguyen9/vietlegal-harrier-0.6b/resolve/main/modules.json "HTTP/1.1 307 Temporary Redirect"
[2026-08-26 22:51:00] WARNING - huggingface_hub.utils._http - Warning: You are sending unauthenticated requests to the HF Hub. Please set a HF_TOKEN to enable higher rate limits and faster downloads.
[2026-08-26 22:51:00] INFO - httpx - HTTP Request: HEAD https://huggingface.co/api/resolve-cache/models/mainguyen9/vietlegal-harrier-0.6b/91a0e1ebe4b63b4475bbae40658b8ca9231bea74/modules.json "HTTP/1.1 200 OK"
[2026-08-26 22:51:00] INFO - httpx - HTTP Request: HEAD https://huggingface.co/mainguyen9/vietlegal-harrier-0.6b/resolve/main/config_sentence_transformers.json "HTTP/1.1 307 Temporary Redirect"
[2026-08-26 22:51:00] INFO - httpx - HTTP Request: HEAD https://huggingface.co/api/resolve-cache/models/mainguyen9/vietlegal-harrier-0.6b/91a0e1ebe4b63b4475bbae40658b8ca9231bea74/config_sentence_transformers.json "HTTP/1.1 200 OK"
[2026-08-26 22:51:00] INFO - sentence_transformers.base.model - Loading SentenceTransformer model from mainguyen9/vietlegal-harrier-0.6b.
[2026-08-26 22:51:00] INFO - httpx - HTTP Request: HEAD https://huggingface.co/mainguyen9/vietlegal-harrier-0.6b/resolve/main/config_sentence_transformers.json "HTTP/1.1 307 Temporary Redirect"
[2026-08-26 22:51:00] INFO - httpx - HTTP Request: HEAD https://huggingface.co/api/resolve-cache/models/mainguyen9/vietlegal-harrier-0.6b/91a0e1ebe4b63b4475bbae40658b8ca9231bea74/config_sentence_transformers.json "HTTP/1.1 200 OK"
[2026-08-26 22:51:01] INFO - httpx - HTTP Request: HEAD https://huggingface.co/mainguyen9/vietlegal-harrier-0.6b/resolve/main/README.md "HTTP/1.1 307 Temporary Redirect"
[2026-08-26 22:51:01] INFO - httpx - HTTP Request: HEAD https://huggingface.co/api/resolve-cache/models/mainguyen9/vietlegal-harrier-0.6b/91a0e1ebe4b63b4475bbae40658b8ca9231bea74/README.md "HTTP/1.1 200 OK"
[2026-08-26 22:51:01] INFO - httpx - HTTP Request: HEAD https://huggingface.co/mainguyen9/vietlegal-harrier-0.6b/resolve/main/modules.json "HTTP/1.1 307 Temporary Redirect"
[2026-08-26 22:51:01] INFO - httpx - HTTP Request: HEAD https://huggingface.co/api/resolve-cache/models/mainguyen9/vietlegal-harrier-0.6b/91a0e1ebe4b63b4475bbae40658b8ca9231bea74/modules.json "HTTP/1.1 200 OK"
[2026-08-26 22:51:01] INFO - httpx - HTTP Request: HEAD https://huggingface.co/mainguyen9/vietlegal-harrier-0.6b/resolve/main/sentence_bert_config.json "HTTP/1.1 307 Temporary Redirect"
[2026-08-26 22:51:01] INFO - httpx - HTTP Request: HEAD https://huggingface.co/api/resolve-cache/models/mainguyen9/vietlegal-harrier-0.6b/91a0e1ebe4b63b4475bbae40658b8ca9231bea74/sentence_bert_config.json "HTTP/1.1 200 OK"
[2026-08-26 22:51:02] INFO - httpx - HTTP Request: HEAD https://huggingface.co/mainguyen9/vietlegal-harrier-0.6b/resolve/main/adapter_config.json "HTTP/1.1 404 Not Found"
[2026-08-26 22:51:02] INFO - httpx - HTTP Request: HEAD https://huggingface.co/mainguyen9/vietlegal-harrier-0.6b/resolve/main/config.json "HTTP/1.1 307 Temporary Redirect"
[2026-08-26 22:51:02] INFO - httpx - HTTP Request: HEAD https://huggingface.co/api/resolve-cache/models/mainguyen9/vietlegal-harrier-0.6b/91a0e1ebe4b63b4475bbae40658b8ca9231bea74/config.json "HTTP/1.1 200 OK"
[2026-08-26 22:51:02] INFO - httpx - HTTP Request: HEAD https://huggingface.co/mainguyen9/vietlegal-harrier-0.6b/resolve/main/config.json "HTTP/1.1 307 Temporary Redirect"
[2026-08-26 22:51:02] INFO - httpx - HTTP Request: HEAD https://huggingface.co/api/resolve-cache/models/mainguyen9/vietlegal-harrier-0.6b/91a0e1ebe4b63b4475bbae40658b8ca9231bea74/config.json "HTTP/1.1 200 OK"
[2026-08-26 22:51:03] INFO - httpx - HTTP Request: HEAD https://huggingface.co/mainguyen9/vietlegal-harrier-0.6b/resolve/main/processor_config.json "HTTP/1.1 404 Not Found"
[2026-08-26 22:51:03] INFO - httpx - HTTP Request: HEAD https://huggingface.co/mainguyen9/vietlegal-harrier-0.6b/resolve/main/preprocessor_config.json "HTTP/1.1 404 Not Found"
[2026-08-26 22:51:03] INFO - httpx - HTTP Request: HEAD https://huggingface.co/mainguyen9/vietlegal-harrier-0.6b/resolve/main/video_preprocessor_config.json "HTTP/1.1 404 Not Found"
[2026-08-26 22:51:04] INFO - httpx - HTTP Request: HEAD https://huggingface.co/mainguyen9/vietlegal-harrier-0.6b/resolve/main/preprocessor_config.json "HTTP/1.1 404 Not Found"
[2026-08-26 22:51:04] INFO - httpx - HTTP Request: HEAD https://huggingface.co/mainguyen9/vietlegal-harrier-0.6b/resolve/main/tokenizer_config.json "HTTP/1.1 307 Temporary Redirect"
[2026-08-26 22:51:04] INFO - httpx - HTTP Request: HEAD https://huggingface.co/api/resolve-cache/models/mainguyen9/vietlegal-harrier-0.6b/91a0e1ebe4b63b4475bbae40658b8ca9231bea74/tokenizer_config.json "HTTP/1.1 200 OK"
[2026-08-26 22:51:04] INFO - httpx - HTTP Request: HEAD https://huggingface.co/mainguyen9/vietlegal-harrier-0.6b/resolve/main/config.json "HTTP/1.1 307 Temporary Redirect"
[2026-08-26 22:51:04] INFO - httpx - HTTP Request: HEAD https://huggingface.co/api/resolve-cache/models/mainguyen9/vietlegal-harrier-0.6b/91a0e1ebe4b63b4475bbae40658b8ca9231bea74/config.json "HTTP/1.1 200 OK"
[2026-08-26 22:51:05] INFO - httpx - HTTP Request: HEAD https://huggingface.co/mainguyen9/vietlegal-harrier-0.6b/resolve/main/config.json "HTTP/1.1 307 Temporary Redirect"
[2026-08-26 22:51:05] INFO - httpx - HTTP Request: HEAD https://huggingface.co/api/resolve-cache/models/mainguyen9/vietlegal-harrier-0.6b/91a0e1ebe4b63b4475bbae40658b8ca9231bea74/config.json "HTTP/1.1 200 OK"
[2026-08-26 22:51:05] INFO - httpx - HTTP Request: HEAD https://huggingface.co/mainguyen9/vietlegal-harrier-0.6b/resolve/main/tokenizer_config.json "HTTP/1.1 307 Temporary Redirect"
[2026-08-26 22:51:05] INFO - httpx - HTTP Request: HEAD https://huggingface.co/api/resolve-cache/models/mainguyen9/vietlegal-harrier-0.6b/91a0e1ebe4b63b4475bbae40658b8ca9231bea74/tokenizer_config.json "HTTP/1.1 200 OK"
[2026-08-26 22:51:05] INFO - httpx - HTTP Request: GET https://huggingface.co/api/models/mainguyen9/vietlegal-harrier-0.6b/tree/main/additional_chat_templates?recursive=false&expand=false "HTTP/1.1 404 Not Found"
[2026-08-26 22:51:06] INFO - httpx - HTTP Request: GET https://huggingface.co/api/models/mainguyen9/vietlegal-harrier-0.6b/tree/main?recursive=true&expand=false "HTTP/1.1 200 OK"
[2026-08-26 22:51:07] INFO - httpx - HTTP Request: GET https://huggingface.co/api/models/mainguyen9/vietlegal-harrier-0.6b "HTTP/1.1 200 OK"
[2026-08-26 22:51:07] INFO - httpx - HTTP Request: HEAD https://huggingface.co/mainguyen9/vietlegal-harrier-0.6b/resolve/main/1_Pooling/config.json "HTTP/1.1 307 Temporary Redirect"
[2026-08-26 22:51:07] INFO - httpx - HTTP Request: HEAD https://huggingface.co/api/resolve-cache/models/mainguyen9/vietlegal-harrier-0.6b/91a0e1ebe4b63b4475bbae40658b8ca9231bea74/1_Pooling%2Fconfig.json "HTTP/1.1 200 OK"
[2026-08-26 22:51:07] INFO - httpx - HTTP Request: GET https://huggingface.co/api/models/mainguyen9/vietlegal-harrier-0.6b "HTTP/1.1 200 OK"
[2026-08-26 22:51:09] INFO - sentence_transformers.base.model - Loaded 1 prompt with these keys: ['query']
[2026-08-26 22:51:09] INFO - embedding - Completed embedding texts 1
[2026-08-26 22:51:09] INFO - vector_datatbase - Connecting to Qdrant via URL
[2026-08-26 22:51:10] INFO - httpx - HTTP Request: GET http://localhost:6333/collections "HTTP/1.1 200 OK"
[2026-08-26 22:51:10] INFO - vector_datatbase - Successfully connected to Qdrant
[2026-08-26 22:51:10] INFO - httpx - HTTP Request: GET http://localhost:6333/collections "HTTP/1.1 200 OK"
[2026-08-26 22:51:10] INFO - vector_datatbase - Collection 'nmk_chatbot_collection' already exists.
[2026-08-26 22:51:10] INFO - sparse_vector - Model loaded from vectorstore\bm25store\bm25store.pkl
[2026-08-26 22:51:10] INFO - httpx - HTTP Request: POST http://localhost:6333/collections/nmk_chatbot_collection/points/query "HTTP/1.1 200 OK"
[2026-08-26 22:51:10] INFO - retrieval - Successfully retrieved 5 items
[2026-08-26 22:51:10] INFO - httpx - HTTP Request: GET http://localhost:6333/collections "HTTP/1.1 200 OK"
[2026-08-26 22:51:10] INFO - vector_datatbase - Collection 'nmk_chatbot_collection' already exists.
[2026-08-26 22:51:10] INFO - httpx - HTTP Request: POST http://localhost:6333/collections/nmk_chatbot_collection/points/scroll "HTTP/1.1 200 OK"
[2026-08-26 22:51:10] INFO - tools - Function 1 - Filtered 0 items referencing Article 48, Clause 4, Point None
[2026-08-26 22:51:10] INFO - httpx - HTTP Request: GET http://localhost:6333/collections "HTTP/1.1 200 OK"
[2026-08-26 22:51:10] INFO - vector_datatbase - Collection 'nmk_chatbot_collection' already exists.
[2026-08-26 22:51:10] INFO - httpx - HTTP Request: POST http://localhost:6333/collections/nmk_chatbot_collection/points/scroll "HTTP/1.1 200 OK"
[2026-08-26 22:51:10] INFO - tools - Function 1 - Filtered 1 items referencing Article 9, Clause 3, Point d
[2026-08-26 22:51:10] INFO - httpx - HTTP Request: GET http://localhost:6333/collections "HTTP/1.1 200 OK"
[2026-08-26 22:51:10] INFO - vector_datatbase - Collection 'nmk_chatbot_collection' already exists.
[2026-08-26 22:51:10] INFO - httpx - HTTP Request: POST http://localhost:6333/collections/nmk_chatbot_collection/points/scroll "HTTP/1.1 200 OK"
[2026-08-26 22:51:10] INFO - tools - Function 1 - Filtered 0 items referencing Article 16, Clause 4, Point b
[2026-08-26 22:51:10] INFO - httpx - HTTP Request: GET http://localhost:6333/collections "HTTP/1.1 200 OK"
[2026-08-26 22:51:10] INFO - vector_datatbase - Collection 'nmk_chatbot_collection' already exists.
[2026-08-26 22:51:10] INFO - httpx - HTTP Request: POST http://localhost:6333/collections/nmk_chatbot_collection/points/scroll "HTTP/1.1 200 OK"
[2026-08-26 22:51:10] INFO - tools - Function 1 - Filtered 1 items referencing Article 9, Clause 1, Point p
[2026-08-26 22:51:10] INFO - httpx - HTTP Request: GET http://localhost:6333/collections "HTTP/1.1 200 OK"
[2026-08-26 22:51:10] INFO - vector_datatbase - Collection 'nmk_chatbot_collection' already exists.
[2026-08-26 22:51:10] INFO - httpx - HTTP Request: POST http://localhost:6333/collections/nmk_chatbot_collection/points/scroll "HTTP/1.1 200 OK"
[2026-08-26 22:51:10] INFO - tools - Function 1 - Filtered 0 items referencing Article 17, Clause 5, Point None
[2026-08-26 22:51:10] INFO - httpx - HTTP Request: GET http://localhost:6333 "HTTP/1.1 200 OK"
[2026-08-26 22:52:24] INFO - chat_engine - [QUERY NORMALIZATION] Original: Tôi uống bia rồi lái xe về nhà thì có bị phạt không?
[2026-08-26 22:52:27] INFO - httpx - HTTP Request: POST https://ollama.com/api/chat "HTTP/1.1 200 OK"
[2026-08-26 22:52:27] INFO - chat_engine - [QUERY NORMALIZATION] Normalized: Điều khiển phương tiện giao thông trong tình trạng say rượu có bị xử phạt không?
[2026-08-26 22:52:27] INFO - embedding - Loadding embeding model. mainguyen9/vietlegal-harrier-0.6b
[2026-08-26 22:52:28] INFO - sentence_transformers.base.model - No device provided, using cuda:0
[2026-08-26 22:52:29] INFO - httpx - HTTP Request: HEAD https://huggingface.co/mainguyen9/vietlegal-harrier-0.6b/resolve/main/modules.json "HTTP/1.1 307 Temporary Redirect"
[2026-08-26 22:52:29] WARNING - huggingface_hub.utils._http - Warning: You are sending unauthenticated requests to the HF Hub. Please set a HF_TOKEN to enable higher rate limits and faster downloads.
[2026-08-26 22:52:29] INFO - httpx - HTTP Request: HEAD https://huggingface.co/api/resolve-cache/models/mainguyen9/vietlegal-harrier-0.6b/91a0e1ebe4b63b4475bbae40658b8ca9231bea74/modules.json "HTTP/1.1 200 OK"
[2026-08-26 22:52:29] INFO - httpx - HTTP Request: HEAD https://huggingface.co/mainguyen9/vietlegal-harrier-0.6b/resolve/main/config_sentence_transformers.json "HTTP/1.1 307 Temporary Redirect"
[2026-08-26 22:52:29] INFO - httpx - HTTP Request: HEAD https://huggingface.co/api/resolve-cache/models/mainguyen9/vietlegal-harrier-0.6b/91a0e1ebe4b63b4475bbae40658b8ca9231bea74/config_sentence_transformers.json "HTTP/1.1 200 OK"
[2026-08-26 22:52:29] INFO - sentence_transformers.base.model - Loading SentenceTransformer model from mainguyen9/vietlegal-harrier-0.6b.
[2026-08-26 22:52:29] INFO - httpx - HTTP Request: HEAD https://huggingface.co/mainguyen9/vietlegal-harrier-0.6b/resolve/main/config_sentence_transformers.json "HTTP/1.1 307 Temporary Redirect"
[2026-08-26 22:52:29] INFO - httpx - HTTP Request: HEAD https://huggingface.co/api/resolve-cache/models/mainguyen9/vietlegal-harrier-0.6b/91a0e1ebe4b63b4475bbae40658b8ca9231bea74/config_sentence_transformers.json "HTTP/1.1 200 OK"
[2026-08-26 22:52:30] INFO - httpx - HTTP Request: HEAD https://huggingface.co/mainguyen9/vietlegal-harrier-0.6b/resolve/main/README.md "HTTP/1.1 307 Temporary Redirect"
[2026-08-26 22:52:30] INFO - httpx - HTTP Request: HEAD https://huggingface.co/api/resolve-cache/models/mainguyen9/vietlegal-harrier-0.6b/91a0e1ebe4b63b4475bbae40658b8ca9231bea74/README.md "HTTP/1.1 200 OK"
[2026-08-26 22:52:30] INFO - httpx - HTTP Request: HEAD https://huggingface.co/mainguyen9/vietlegal-harrier-0.6b/resolve/main/modules.json "HTTP/1.1 307 Temporary Redirect"
[2026-08-26 22:52:30] INFO - httpx - HTTP Request: HEAD https://huggingface.co/api/resolve-cache/models/mainguyen9/vietlegal-harrier-0.6b/91a0e1ebe4b63b4475bbae40658b8ca9231bea74/modules.json "HTTP/1.1 200 OK"
[2026-08-26 22:52:31] INFO - httpx - HTTP Request: HEAD https://huggingface.co/mainguyen9/vietlegal-harrier-0.6b/resolve/main/sentence_bert_config.json "HTTP/1.1 307 Temporary Redirect"
[2026-08-26 22:52:31] INFO - httpx - HTTP Request: HEAD https://huggingface.co/api/resolve-cache/models/mainguyen9/vietlegal-harrier-0.6b/91a0e1ebe4b63b4475bbae40658b8ca9231bea74/sentence_bert_config.json "HTTP/1.1 200 OK"
[2026-08-26 22:52:31] INFO - httpx - HTTP Request: HEAD https://huggingface.co/mainguyen9/vietlegal-harrier-0.6b/resolve/main/adapter_config.json "HTTP/1.1 404 Not Found"
[2026-08-26 22:52:31] INFO - httpx - HTTP Request: HEAD https://huggingface.co/mainguyen9/vietlegal-harrier-0.6b/resolve/main/config.json "HTTP/1.1 307 Temporary Redirect"
[2026-08-26 22:52:31] INFO - httpx - HTTP Request: HEAD https://huggingface.co/api/resolve-cache/models/mainguyen9/vietlegal-harrier-0.6b/91a0e1ebe4b63b4475bbae40658b8ca9231bea74/config.json "HTTP/1.1 200 OK"
[2026-08-26 22:52:31] INFO - httpx - HTTP Request: HEAD https://huggingface.co/mainguyen9/vietlegal-harrier-0.6b/resolve/main/config.json "HTTP/1.1 307 Temporary Redirect"
[2026-08-26 22:52:32] INFO - httpx - HTTP Request: HEAD https://huggingface.co/api/resolve-cache/models/mainguyen9/vietlegal-harrier-0.6b/91a0e1ebe4b63b4475bbae40658b8ca9231bea74/config.json "HTTP/1.1 200 OK"
[2026-08-26 22:52:32] INFO - httpx - HTTP Request: HEAD https://huggingface.co/mainguyen9/vietlegal-harrier-0.6b/resolve/main/processor_config.json "HTTP/1.1 404 Not Found"
[2026-08-26 22:52:32] INFO - httpx - HTTP Request: HEAD https://huggingface.co/mainguyen9/vietlegal-harrier-0.6b/resolve/main/preprocessor_config.json "HTTP/1.1 404 Not Found"
[2026-08-26 22:52:32] INFO - httpx - HTTP Request: HEAD https://huggingface.co/mainguyen9/vietlegal-harrier-0.6b/resolve/main/video_preprocessor_config.json "HTTP/1.1 404 Not Found"
[2026-08-26 22:52:33] INFO - httpx - HTTP Request: HEAD https://huggingface.co/mainguyen9/vietlegal-harrier-0.6b/resolve/main/preprocessor_config.json "HTTP/1.1 404 Not Found"
[2026-08-26 22:52:33] INFO - httpx - HTTP Request: HEAD https://huggingface.co/mainguyen9/vietlegal-harrier-0.6b/resolve/main/tokenizer_config.json "HTTP/1.1 307 Temporary Redirect"
[2026-08-26 22:52:33] INFO - httpx - HTTP Request: HEAD https://huggingface.co/api/resolve-cache/models/mainguyen9/vietlegal-harrier-0.6b/91a0e1ebe4b63b4475bbae40658b8ca9231bea74/tokenizer_config.json "HTTP/1.1 200 OK"
[2026-08-26 22:52:33] INFO - httpx - HTTP Request: HEAD https://huggingface.co/mainguyen9/vietlegal-harrier-0.6b/resolve/main/config.json "HTTP/1.1 307 Temporary Redirect"
[2026-08-26 22:52:33] INFO - httpx - HTTP Request: HEAD https://huggingface.co/api/resolve-cache/models/mainguyen9/vietlegal-harrier-0.6b/91a0e1ebe4b63b4475bbae40658b8ca9231bea74/config.json "HTTP/1.1 200 OK"
[2026-08-26 22:52:34] INFO - httpx - HTTP Request: HEAD https://huggingface.co/mainguyen9/vietlegal-harrier-0.6b/resolve/main/config.json "HTTP/1.1 307 Temporary Redirect"
[2026-08-26 22:52:34] INFO - httpx - HTTP Request: HEAD https://huggingface.co/api/resolve-cache/models/mainguyen9/vietlegal-harrier-0.6b/91a0e1ebe4b63b4475bbae40658b8ca9231bea74/config.json "HTTP/1.1 200 OK"
[2026-08-26 22:52:34] INFO - httpx - HTTP Request: HEAD https://huggingface.co/mainguyen9/vietlegal-harrier-0.6b/resolve/main/tokenizer_config.json "HTTP/1.1 307 Temporary Redirect"
[2026-08-26 22:52:34] INFO - httpx - HTTP Request: HEAD https://huggingface.co/api/resolve-cache/models/mainguyen9/vietlegal-harrier-0.6b/91a0e1ebe4b63b4475bbae40658b8ca9231bea74/tokenizer_config.json "HTTP/1.1 200 OK"
[2026-08-26 22:52:34] INFO - httpx - HTTP Request: GET https://huggingface.co/api/models/mainguyen9/vietlegal-harrier-0.6b/tree/main/additional_chat_templates?recursive=false&expand=false "HTTP/1.1 404 Not Found"
[2026-08-26 22:52:35] INFO - httpx - HTTP Request: GET https://huggingface.co/api/models/mainguyen9/vietlegal-harrier-0.6b/tree/main?recursive=true&expand=false "HTTP/1.1 200 OK"
[2026-08-26 22:52:35] INFO - httpx - HTTP Request: GET https://huggingface.co/api/models/mainguyen9/vietlegal-harrier-0.6b "HTTP/1.1 200 OK"
[2026-08-26 22:52:36] INFO - httpx - HTTP Request: HEAD https://huggingface.co/mainguyen9/vietlegal-harrier-0.6b/resolve/main/1_Pooling/config.json "HTTP/1.1 307 Temporary Redirect"
[2026-08-26 22:52:36] INFO - httpx - HTTP Request: HEAD https://huggingface.co/api/resolve-cache/models/mainguyen9/vietlegal-harrier-0.6b/91a0e1ebe4b63b4475bbae40658b8ca9231bea74/1_Pooling%2Fconfig.json "HTTP/1.1 200 OK"
[2026-08-26 22:52:36] INFO - httpx - HTTP Request: GET https://huggingface.co/api/models/mainguyen9/vietlegal-harrier-0.6b "HTTP/1.1 200 OK"
[2026-08-26 22:52:38] INFO - sentence_transformers.base.model - Loaded 1 prompt with these keys: ['query']
[2026-08-26 22:52:38] INFO - embedding - Completed embedding texts 1
[2026-08-26 22:52:38] INFO - vector_datatbase - Connecting to Qdrant via URL
[2026-08-26 22:52:38] INFO - httpx - HTTP Request: GET http://localhost:6333/collections "HTTP/1.1 200 OK"
[2026-08-26 22:52:38] INFO - vector_datatbase - Successfully connected to Qdrant
[2026-08-26 22:52:39] INFO - httpx - HTTP Request: GET http://localhost:6333/collections "HTTP/1.1 200 OK"
[2026-08-26 22:52:39] INFO - vector_datatbase - Collection 'nmk_chatbot_collection' already exists.
[2026-08-26 22:52:39] INFO - sparse_vector - Model loaded from vectorstore\bm25store\bm25store.pkl
[2026-08-26 22:52:39] INFO - httpx - HTTP Request: POST http://localhost:6333/collections/nmk_chatbot_collection/points/query "HTTP/1.1 200 OK"
[2026-08-26 22:52:39] INFO - retrieval - Successfully retrieved 5 items
[2026-08-26 22:52:39] INFO - httpx - HTTP Request: GET http://localhost:6333/collections "HTTP/1.1 200 OK"
[2026-08-26 22:52:39] INFO - vector_datatbase - Collection 'nmk_chatbot_collection' already exists.
[2026-08-26 22:52:39] INFO - httpx - HTTP Request: POST http://localhost:6333/collections/nmk_chatbot_collection/points/scroll "HTTP/1.1 200 OK"
[2026-08-26 22:52:39] INFO - tools - Function 1 - Filtered 1 items referencing Article 8, Clause 7, Point a
[2026-08-26 22:52:39] INFO - httpx - HTTP Request: GET http://localhost:6333/collections "HTTP/1.1 200 OK"
[2026-08-26 22:52:39] INFO - vector_datatbase - Collection 'nmk_chatbot_collection' already exists.
[2026-08-26 22:52:39] INFO - httpx - HTTP Request: POST http://localhost:6333/collections/nmk_chatbot_collection/points/scroll "HTTP/1.1 200 OK"
[2026-08-26 22:52:39] INFO - tools - Function 1 - Filtered 3 items referencing Article 3, Clause 3, Point a
[2026-08-26 22:52:39] INFO - httpx - HTTP Request: GET http://localhost:6333/collections "HTTP/1.1 200 OK"
[2026-08-26 22:52:39] INFO - vector_datatbase - Collection 'nmk_chatbot_collection' already exists.
[2026-08-26 22:52:39] INFO - httpx - HTTP Request: POST http://localhost:6333/collections/nmk_chatbot_collection/points/scroll "HTTP/1.1 200 OK"
[2026-08-26 22:52:39] INFO - tools - Function 1 - Filtered 1 items referencing Article 3, Clause 3, Point p
[2026-08-26 22:52:39] INFO - httpx - HTTP Request: GET http://localhost:6333/collections "HTTP/1.1 200 OK"
[2026-08-26 22:52:39] INFO - vector_datatbase - Collection 'nmk_chatbot_collection' already exists.
[2026-08-26 22:52:39] INFO - httpx - HTTP Request: POST http://localhost:6333/collections/nmk_chatbot_collection/points/scroll "HTTP/1.1 200 OK"
[2026-08-26 22:52:39] INFO - tools - Function 1 - Filtered 2 items referencing Article 8, Clause 6, Point c
[2026-08-26 22:52:39] INFO - httpx - HTTP Request: GET http://localhost:6333/collections "HTTP/1.1 200 OK"
[2026-08-26 22:52:39] INFO - vector_datatbase - Collection 'nmk_chatbot_collection' already exists.
[2026-08-26 22:52:39] INFO - httpx - HTTP Request: POST http://localhost:6333/collections/nmk_chatbot_collection/points/scroll "HTTP/1.1 200 OK"
[2026-08-26 22:52:39] INFO - tools - Function 1 - Filtered 1 items referencing Article 9, Clause 1, Point p
[2026-08-26 22:52:39] INFO - httpx - HTTP Request: GET http://localhost:6333 "HTTP/1.1 200 OK"
[2026-08-26 22:56:22] INFO - chat_engine - [QUERY NORMALIZATION] Original: Tôi uống bia rồi lái xe về nhà thì có bị phạt không?
[2026-08-26 22:56:25] INFO - httpx - HTTP Request: POST https://ollama.com/api/chat "HTTP/1.1 200 OK"
[2026-08-26 22:56:25] INFO - chat_engine - [QUERY NORMALIZATION] Normalized: Điều khiển phương tiện giao thông trong trạng thái uống rượu bia có bị xử phạt không?
[2026-08-26 22:56:25] INFO - embedding - Loadding embeding model. mainguyen9/vietlegal-harrier-0.6b
[2026-08-26 22:56:26] INFO - sentence_transformers.base.model - No device provided, using cuda:0
[2026-08-26 22:56:26] INFO - httpx - HTTP Request: HEAD https://huggingface.co/mainguyen9/vietlegal-harrier-0.6b/resolve/main/modules.json "HTTP/1.1 307 Temporary Redirect"
[2026-08-26 22:56:27] INFO - httpx - HTTP Request: HEAD https://huggingface.co/api/resolve-cache/models/mainguyen9/vietlegal-harrier-0.6b/91a0e1ebe4b63b4475bbae40658b8ca9231bea74/modules.json "HTTP/1.1 200 OK"
[2026-08-26 22:56:27] INFO - httpx - HTTP Request: HEAD https://huggingface.co/mainguyen9/vietlegal-harrier-0.6b/resolve/main/config_sentence_transformers.json "HTTP/1.1 307 Temporary Redirect"
[2026-08-26 22:56:27] WARNING - huggingface_hub.utils._http - Warning: You are sending unauthenticated requests to the HF Hub. Please set a HF_TOKEN to enable higher rate limits and faster downloads.
[2026-08-26 22:56:27] INFO - httpx - HTTP Request: HEAD https://huggingface.co/api/resolve-cache/models/mainguyen9/vietlegal-harrier-0.6b/91a0e1ebe4b63b4475bbae40658b8ca9231bea74/config_sentence_transformers.json "HTTP/1.1 200 OK"
[2026-08-26 22:56:27] INFO - sentence_transformers.base.model - Loading SentenceTransformer model from mainguyen9/vietlegal-harrier-0.6b.
[2026-08-26 22:56:27] INFO - httpx - HTTP Request: HEAD https://huggingface.co/mainguyen9/vietlegal-harrier-0.6b/resolve/main/config_sentence_transformers.json "HTTP/1.1 307 Temporary Redirect"
[2026-08-26 22:56:27] INFO - httpx - HTTP Request: HEAD https://huggingface.co/api/resolve-cache/models/mainguyen9/vietlegal-harrier-0.6b/91a0e1ebe4b63b4475bbae40658b8ca9231bea74/config_sentence_transformers.json "HTTP/1.1 200 OK"
[2026-08-26 22:56:27] INFO - httpx - HTTP Request: HEAD https://huggingface.co/mainguyen9/vietlegal-harrier-0.6b/resolve/main/README.md "HTTP/1.1 307 Temporary Redirect"
[2026-08-26 22:56:27] INFO - httpx - HTTP Request: HEAD https://huggingface.co/api/resolve-cache/models/mainguyen9/vietlegal-harrier-0.6b/91a0e1ebe4b63b4475bbae40658b8ca9231bea74/README.md "HTTP/1.1 200 OK"
[2026-08-26 22:56:28] INFO - httpx - HTTP Request: HEAD https://huggingface.co/mainguyen9/vietlegal-harrier-0.6b/resolve/main/modules.json "HTTP/1.1 307 Temporary Redirect"
[2026-08-26 22:56:28] INFO - httpx - HTTP Request: HEAD https://huggingface.co/api/resolve-cache/models/mainguyen9/vietlegal-harrier-0.6b/91a0e1ebe4b63b4475bbae40658b8ca9231bea74/modules.json "HTTP/1.1 200 OK"
[2026-08-26 22:56:28] INFO - httpx - HTTP Request: HEAD https://huggingface.co/mainguyen9/vietlegal-harrier-0.6b/resolve/main/sentence_bert_config.json "HTTP/1.1 307 Temporary Redirect"
[2026-08-26 22:56:28] INFO - httpx - HTTP Request: HEAD https://huggingface.co/api/resolve-cache/models/mainguyen9/vietlegal-harrier-0.6b/91a0e1ebe4b63b4475bbae40658b8ca9231bea74/sentence_bert_config.json "HTTP/1.1 200 OK"
[2026-08-26 22:56:28] INFO - httpx - HTTP Request: HEAD https://huggingface.co/mainguyen9/vietlegal-harrier-0.6b/resolve/main/adapter_config.json "HTTP/1.1 404 Not Found"
[2026-08-26 22:56:29] INFO - httpx - HTTP Request: HEAD https://huggingface.co/mainguyen9/vietlegal-harrier-0.6b/resolve/main/config.json "HTTP/1.1 307 Temporary Redirect"
[2026-08-26 22:56:29] INFO - httpx - HTTP Request: HEAD https://huggingface.co/api/resolve-cache/models/mainguyen9/vietlegal-harrier-0.6b/91a0e1ebe4b63b4475bbae40658b8ca9231bea74/config.json "HTTP/1.1 200 OK"
[2026-08-26 22:56:29] INFO - httpx - HTTP Request: HEAD https://huggingface.co/mainguyen9/vietlegal-harrier-0.6b/resolve/main/config.json "HTTP/1.1 307 Temporary Redirect"
[2026-08-26 22:56:29] INFO - httpx - HTTP Request: HEAD https://huggingface.co/api/resolve-cache/models/mainguyen9/vietlegal-harrier-0.6b/91a0e1ebe4b63b4475bbae40658b8ca9231bea74/config.json "HTTP/1.1 200 OK"
[2026-08-26 22:56:29] INFO - httpx - HTTP Request: HEAD https://huggingface.co/mainguyen9/vietlegal-harrier-0.6b/resolve/main/processor_config.json "HTTP/1.1 404 Not Found"
[2026-08-26 22:56:30] INFO - httpx - HTTP Request: HEAD https://huggingface.co/mainguyen9/vietlegal-harrier-0.6b/resolve/main/preprocessor_config.json "HTTP/1.1 404 Not Found"
[2026-08-26 22:56:30] INFO - httpx - HTTP Request: HEAD https://huggingface.co/mainguyen9/vietlegal-harrier-0.6b/resolve/main/video_preprocessor_config.json "HTTP/1.1 404 Not Found"
[2026-08-26 22:56:30] INFO - httpx - HTTP Request: HEAD https://huggingface.co/mainguyen9/vietlegal-harrier-0.6b/resolve/main/preprocessor_config.json "HTTP/1.1 404 Not Found"
[2026-08-26 22:56:30] INFO - httpx - HTTP Request: HEAD https://huggingface.co/mainguyen9/vietlegal-harrier-0.6b/resolve/main/tokenizer_config.json "HTTP/1.1 307 Temporary Redirect"
[2026-08-26 22:56:30] INFO - httpx - HTTP Request: HEAD https://huggingface.co/api/resolve-cache/models/mainguyen9/vietlegal-harrier-0.6b/91a0e1ebe4b63b4475bbae40658b8ca9231bea74/tokenizer_config.json "HTTP/1.1 200 OK"
[2026-08-26 22:56:31] INFO - httpx - HTTP Request: HEAD https://huggingface.co/mainguyen9/vietlegal-harrier-0.6b/resolve/main/config.json "HTTP/1.1 307 Temporary Redirect"
[2026-08-26 22:56:31] INFO - httpx - HTTP Request: HEAD https://huggingface.co/api/resolve-cache/models/mainguyen9/vietlegal-harrier-0.6b/91a0e1ebe4b63b4475bbae40658b8ca9231bea74/config.json "HTTP/1.1 200 OK"
[2026-08-26 22:56:31] INFO - httpx - HTTP Request: HEAD https://huggingface.co/mainguyen9/vietlegal-harrier-0.6b/resolve/main/config.json "HTTP/1.1 307 Temporary Redirect"
[2026-08-26 22:56:31] INFO - httpx - HTTP Request: HEAD https://huggingface.co/api/resolve-cache/models/mainguyen9/vietlegal-harrier-0.6b/91a0e1ebe4b63b4475bbae40658b8ca9231bea74/config.json "HTTP/1.1 200 OK"
[2026-08-26 22:56:31] INFO - httpx - HTTP Request: HEAD https://huggingface.co/mainguyen9/vietlegal-harrier-0.6b/resolve/main/tokenizer_config.json "HTTP/1.1 307 Temporary Redirect"
[2026-08-26 22:56:31] INFO - httpx - HTTP Request: HEAD https://huggingface.co/api/resolve-cache/models/mainguyen9/vietlegal-harrier-0.6b/91a0e1ebe4b63b4475bbae40658b8ca9231bea74/tokenizer_config.json "HTTP/1.1 200 OK"
[2026-08-26 22:56:32] INFO - httpx - HTTP Request: GET https://huggingface.co/api/models/mainguyen9/vietlegal-harrier-0.6b/tree/main/additional_chat_templates?recursive=false&expand=false "HTTP/1.1 404 Not Found"
[2026-08-26 22:56:32] INFO - httpx - HTTP Request: GET https://huggingface.co/api/models/mainguyen9/vietlegal-harrier-0.6b/tree/main?recursive=true&expand=false "HTTP/1.1 200 OK"
[2026-08-26 22:56:33] INFO - httpx - HTTP Request: GET https://huggingface.co/api/models/mainguyen9/vietlegal-harrier-0.6b "HTTP/1.1 200 OK"
[2026-08-26 22:56:33] INFO - httpx - HTTP Request: HEAD https://huggingface.co/mainguyen9/vietlegal-harrier-0.6b/resolve/main/1_Pooling/config.json "HTTP/1.1 307 Temporary Redirect"
[2026-08-26 22:56:33] INFO - httpx - HTTP Request: HEAD https://huggingface.co/api/resolve-cache/models/mainguyen9/vietlegal-harrier-0.6b/91a0e1ebe4b63b4475bbae40658b8ca9231bea74/1_Pooling%2Fconfig.json "HTTP/1.1 200 OK"
[2026-08-26 22:56:34] INFO - httpx - HTTP Request: GET https://huggingface.co/api/models/mainguyen9/vietlegal-harrier-0.6b "HTTP/1.1 200 OK"
[2026-08-26 22:56:36] INFO - sentence_transformers.base.model - Loaded 1 prompt with these keys: ['query']
[2026-08-26 22:56:36] INFO - embedding - Completed embedding texts 1
[2026-08-26 22:56:36] INFO - vector_datatbase - Connecting to Qdrant via URL
[2026-08-26 22:56:36] INFO - httpx - HTTP Request: GET http://localhost:6333/collections "HTTP/1.1 200 OK"
[2026-08-26 22:56:36] INFO - vector_datatbase - Successfully connected to Qdrant
[2026-08-26 22:56:36] INFO - httpx - HTTP Request: GET http://localhost:6333/collections "HTTP/1.1 200 OK"
[2026-08-26 22:56:36] INFO - vector_datatbase - Collection 'nmk_chatbot_collection' already exists.
[2026-08-26 22:56:36] INFO - sparse_vector - Model loaded from vectorstore\bm25store\bm25store.pkl
[2026-08-26 22:56:36] INFO - httpx - HTTP Request: POST http://localhost:6333/collections/nmk_chatbot_collection/points/query "HTTP/1.1 200 OK"
[2026-08-26 22:56:36] INFO - retrieval - Successfully retrieved 5 items
[2026-08-26 22:56:36] INFO - httpx - HTTP Request: GET http://localhost:6333/collections "HTTP/1.1 200 OK"
[2026-08-26 22:56:36] INFO - vector_datatbase - Collection 'nmk_chatbot_collection' already exists.
[2026-08-26 22:56:36] INFO - httpx - HTTP Request: POST http://localhost:6333/collections/nmk_chatbot_collection/points/scroll "HTTP/1.1 200 OK"
[2026-08-26 22:56:36] INFO - tools - Function 1 - Filtered 1 items referencing Article 9, Clause 1, Point p
[2026-08-26 22:56:36] INFO - httpx - HTTP Request: GET http://localhost:6333/collections "HTTP/1.1 200 OK"
[2026-08-26 22:56:36] INFO - vector_datatbase - Collection 'nmk_chatbot_collection' already exists.
[2026-08-26 22:56:36] INFO - httpx - HTTP Request: POST http://localhost:6333/collections/nmk_chatbot_collection/points/scroll "HTTP/1.1 200 OK"
[2026-08-26 22:56:36] INFO - tools - Function 1 - Filtered 0 items referencing Article 5, Clause 7, Point None
[2026-08-26 22:56:36] INFO - httpx - HTTP Request: GET http://localhost:6333/collections "HTTP/1.1 200 OK"
[2026-08-26 22:56:36] INFO - vector_datatbase - Collection 'nmk_chatbot_collection' already exists.
[2026-08-26 22:56:36] INFO - httpx - HTTP Request: POST http://localhost:6333/collections/nmk_chatbot_collection/points/scroll "HTTP/1.1 200 OK"
[2026-08-26 22:56:36] INFO - tools - Function 1 - Filtered 1 items referencing Article 51, Clause 2, Point c
[2026-08-26 22:56:36] INFO - httpx - HTTP Request: GET http://localhost:6333/collections "HTTP/1.1 200 OK"
[2026-08-26 22:56:36] INFO - vector_datatbase - Collection 'nmk_chatbot_collection' already exists.
[2026-08-26 22:56:37] INFO - httpx - HTTP Request: POST http://localhost:6333/collections/nmk_chatbot_collection/points/scroll "HTTP/1.1 200 OK"
[2026-08-26 22:56:37] INFO - tools - Function 1 - Filtered 1 items referencing Article 8, Clause 7, Point a
[2026-08-26 22:56:37] INFO - httpx - HTTP Request: GET http://localhost:6333/collections "HTTP/1.1 200 OK"
[2026-08-26 22:56:37] INFO - vector_datatbase - Collection 'nmk_chatbot_collection' already exists.
[2026-08-26 22:56:37] INFO - httpx - HTTP Request: POST http://localhost:6333/collections/nmk_chatbot_collection/points/scroll "HTTP/1.1 200 OK"
[2026-08-26 22:56:37] INFO - tools - Function 1 - Filtered 2 items referencing Article 6, Clause 9, Point a
[2026-08-26 22:56:37] INFO - httpx - HTTP Request: GET http://localhost:6333 "HTTP/1.1 200 OK"
[2026-08-26 22:56:39] INFO - httpx - HTTP Request: POST https://ollama.com/api/chat "HTTP/1.1 200 OK"
[2026-08-27 08:00:53] INFO - chat_engine - [QUERY NORMALIZATION] Original: Tôi uống bia rồi lái xe về nhà thì có bị phạt không?
[2026-08-27 08:00:55] INFO - httpx - HTTP Request: POST https://ollama.com/api/chat "HTTP/1.1 200 OK"
[2026-08-27 08:00:55] INFO - chat_engine - [QUERY NORMALIZATION] Normalized: Điều khiển phương tiện giao thông trong tình trạng say rượu có bị xử phạt không?
[2026-08-27 08:00:55] INFO - embedding - Loadding embeding model. mainguyen9/vietlegal-harrier-0.6b
[2026-08-27 08:00:56] INFO - sentence_transformers.base.model - No device provided, using cuda:0
[2026-08-27 08:00:56] INFO - httpx - HTTP Request: HEAD https://huggingface.co/mainguyen9/vietlegal-harrier-0.6b/resolve/main/modules.json "HTTP/1.1 307 Temporary Redirect"
[2026-08-27 08:00:56] WARNING - huggingface_hub.utils._http - Warning: You are sending unauthenticated requests to the HF Hub. Please set a HF_TOKEN to enable higher rate limits and faster downloads.
[2026-08-27 08:00:56] INFO - httpx - HTTP Request: HEAD https://huggingface.co/api/resolve-cache/models/mainguyen9/vietlegal-harrier-0.6b/91a0e1ebe4b63b4475bbae40658b8ca9231bea74/modules.json "HTTP/1.1 200 OK"
[2026-08-27 08:00:57] INFO - httpx - HTTP Request: HEAD https://huggingface.co/mainguyen9/vietlegal-harrier-0.6b/resolve/main/config_sentence_transformers.json "HTTP/1.1 307 Temporary Redirect"
[2026-08-27 08:00:57] INFO - httpx - HTTP Request: HEAD https://huggingface.co/api/resolve-cache/models/mainguyen9/vietlegal-harrier-0.6b/91a0e1ebe4b63b4475bbae40658b8ca9231bea74/config_sentence_transformers.json "HTTP/1.1 200 OK"
[2026-08-27 08:00:57] INFO - sentence_transformers.base.model - Loading SentenceTransformer model from mainguyen9/vietlegal-harrier-0.6b.
[2026-08-27 08:00:57] INFO - httpx - HTTP Request: HEAD https://huggingface.co/mainguyen9/vietlegal-harrier-0.6b/resolve/main/config_sentence_transformers.json "HTTP/1.1 307 Temporary Redirect"
[2026-08-27 08:00:57] INFO - httpx - HTTP Request: HEAD https://huggingface.co/api/resolve-cache/models/mainguyen9/vietlegal-harrier-0.6b/91a0e1ebe4b63b4475bbae40658b8ca9231bea74/config_sentence_transformers.json "HTTP/1.1 200 OK"
[2026-08-27 08:00:57] INFO - httpx - HTTP Request: HEAD https://huggingface.co/mainguyen9/vietlegal-harrier-0.6b/resolve/main/README.md "HTTP/1.1 307 Temporary Redirect"
[2026-08-27 08:00:57] INFO - httpx - HTTP Request: HEAD https://huggingface.co/api/resolve-cache/models/mainguyen9/vietlegal-harrier-0.6b/91a0e1ebe4b63b4475bbae40658b8ca9231bea74/README.md "HTTP/1.1 200 OK"
[2026-08-27 08:00:58] INFO - httpx - HTTP Request: HEAD https://huggingface.co/mainguyen9/vietlegal-harrier-0.6b/resolve/main/modules.json "HTTP/1.1 307 Temporary Redirect"
[2026-08-27 08:00:58] INFO - httpx - HTTP Request: HEAD https://huggingface.co/api/resolve-cache/models/mainguyen9/vietlegal-harrier-0.6b/91a0e1ebe4b63b4475bbae40658b8ca9231bea74/modules.json "HTTP/1.1 200 OK"
[2026-08-27 08:00:58] INFO - httpx - HTTP Request: HEAD https://huggingface.co/mainguyen9/vietlegal-harrier-0.6b/resolve/main/sentence_bert_config.json "HTTP/1.1 307 Temporary Redirect"
[2026-08-27 08:00:58] INFO - httpx - HTTP Request: HEAD https://huggingface.co/api/resolve-cache/models/mainguyen9/vietlegal-harrier-0.6b/91a0e1ebe4b63b4475bbae40658b8ca9231bea74/sentence_bert_config.json "HTTP/1.1 200 OK"
[2026-08-27 08:00:58] INFO - httpx - HTTP Request: HEAD https://huggingface.co/mainguyen9/vietlegal-harrier-0.6b/resolve/main/adapter_config.json "HTTP/1.1 404 Not Found"
[2026-08-27 08:00:58] INFO - httpx - HTTP Request: HEAD https://huggingface.co/mainguyen9/vietlegal-harrier-0.6b/resolve/main/config.json "HTTP/1.1 307 Temporary Redirect"
[2026-08-27 08:00:58] INFO - httpx - HTTP Request: HEAD https://huggingface.co/api/resolve-cache/models/mainguyen9/vietlegal-harrier-0.6b/91a0e1ebe4b63b4475bbae40658b8ca9231bea74/config.json "HTTP/1.1 200 OK"
[2026-08-27 08:00:59] INFO - httpx - HTTP Request: HEAD https://huggingface.co/mainguyen9/vietlegal-harrier-0.6b/resolve/main/config.json "HTTP/1.1 307 Temporary Redirect"
[2026-08-27 08:00:59] INFO - httpx - HTTP Request: HEAD https://huggingface.co/api/resolve-cache/models/mainguyen9/vietlegal-harrier-0.6b/91a0e1ebe4b63b4475bbae40658b8ca9231bea74/config.json "HTTP/1.1 200 OK"
[2026-08-27 08:00:59] INFO - httpx - HTTP Request: HEAD https://huggingface.co/mainguyen9/vietlegal-harrier-0.6b/resolve/main/processor_config.json "HTTP/1.1 404 Not Found"
[2026-08-27 08:01:00] INFO - httpx - HTTP Request: HEAD https://huggingface.co/mainguyen9/vietlegal-harrier-0.6b/resolve/main/preprocessor_config.json "HTTP/1.1 404 Not Found"
[2026-08-27 08:01:00] INFO - httpx - HTTP Request: HEAD https://huggingface.co/mainguyen9/vietlegal-harrier-0.6b/resolve/main/video_preprocessor_config.json "HTTP/1.1 404 Not Found"
[2026-08-27 08:01:00] INFO - httpx - HTTP Request: HEAD https://huggingface.co/mainguyen9/vietlegal-harrier-0.6b/resolve/main/preprocessor_config.json "HTTP/1.1 404 Not Found"
[2026-08-27 08:01:00] INFO - httpx - HTTP Request: HEAD https://huggingface.co/mainguyen9/vietlegal-harrier-0.6b/resolve/main/tokenizer_config.json "HTTP/1.1 307 Temporary Redirect"
[2026-08-27 08:01:00] INFO - httpx - HTTP Request: HEAD https://huggingface.co/api/resolve-cache/models/mainguyen9/vietlegal-harrier-0.6b/91a0e1ebe4b63b4475bbae40658b8ca9231bea74/tokenizer_config.json "HTTP/1.1 200 OK"
[2026-08-27 08:01:01] INFO - httpx - HTTP Request: HEAD https://huggingface.co/mainguyen9/vietlegal-harrier-0.6b/resolve/main/config.json "HTTP/1.1 307 Temporary Redirect"
[2026-08-27 08:01:01] INFO - httpx - HTTP Request: HEAD https://huggingface.co/api/resolve-cache/models/mainguyen9/vietlegal-harrier-0.6b/91a0e1ebe4b63b4475bbae40658b8ca9231bea74/config.json "HTTP/1.1 200 OK"
[2026-08-27 08:01:01] INFO - httpx - HTTP Request: HEAD https://huggingface.co/mainguyen9/vietlegal-harrier-0.6b/resolve/main/config.json "HTTP/1.1 307 Temporary Redirect"
[2026-08-27 08:01:01] INFO - httpx - HTTP Request: HEAD https://huggingface.co/api/resolve-cache/models/mainguyen9/vietlegal-harrier-0.6b/91a0e1ebe4b63b4475bbae40658b8ca9231bea74/config.json "HTTP/1.1 200 OK"
[2026-08-27 08:01:01] INFO - httpx - HTTP Request: HEAD https://huggingface.co/mainguyen9/vietlegal-harrier-0.6b/resolve/main/tokenizer_config.json "HTTP/1.1 307 Temporary Redirect"
[2026-08-27 08:01:01] INFO - httpx - HTTP Request: HEAD https://huggingface.co/api/resolve-cache/models/mainguyen9/vietlegal-harrier-0.6b/91a0e1ebe4b63b4475bbae40658b8ca9231bea74/tokenizer_config.json "HTTP/1.1 200 OK"
[2026-08-27 08:01:02] INFO - httpx - HTTP Request: GET https://huggingface.co/api/models/mainguyen9/vietlegal-harrier-0.6b/tree/main/additional_chat_templates?recursive=false&expand=false "HTTP/1.1 404 Not Found"
[2026-08-27 08:01:02] INFO - httpx - HTTP Request: GET https://huggingface.co/api/models/mainguyen9/vietlegal-harrier-0.6b/tree/main?recursive=true&expand=false "HTTP/1.1 200 OK"
[2026-08-27 08:01:03] INFO - httpx - HTTP Request: GET https://huggingface.co/api/models/mainguyen9/vietlegal-harrier-0.6b "HTTP/1.1 200 OK"
[2026-08-27 08:01:03] INFO - httpx - HTTP Request: HEAD https://huggingface.co/mainguyen9/vietlegal-harrier-0.6b/resolve/main/1_Pooling/config.json "HTTP/1.1 307 Temporary Redirect"
[2026-08-27 08:01:03] INFO - httpx - HTTP Request: HEAD https://huggingface.co/api/resolve-cache/models/mainguyen9/vietlegal-harrier-0.6b/91a0e1ebe4b63b4475bbae40658b8ca9231bea74/1_Pooling%2Fconfig.json "HTTP/1.1 200 OK"
[2026-08-27 08:01:04] INFO - httpx - HTTP Request: GET https://huggingface.co/api/models/mainguyen9/vietlegal-harrier-0.6b "HTTP/1.1 200 OK"
[2026-08-27 08:01:09] INFO - sentence_transformers.base.model - Loaded 1 prompt with these keys: ['query']
[2026-08-27 08:01:10] INFO - embedding - Completed embedding texts 1
[2026-08-27 08:01:10] INFO - vector_datatbase - Connecting to Qdrant via URL
[2026-08-27 08:01:10] INFO - httpx - HTTP Request: GET http://localhost:6333/collections "HTTP/1.1 200 OK"
[2026-08-27 08:01:10] INFO - vector_datatbase - Successfully connected to Qdrant
[2026-08-27 08:01:10] INFO - httpx - HTTP Request: GET http://localhost:6333/collections "HTTP/1.1 200 OK"
[2026-08-27 08:01:10] INFO - vector_datatbase - Collection 'nmk_chatbot_collection' already exists.
[2026-08-27 08:01:10] INFO - sparse_vector - Model loaded from vectorstore\bm25store\bm25store.pkl
[2026-08-27 08:01:10] INFO - httpx - HTTP Request: POST http://localhost:6333/collections/nmk_chatbot_collection/points/query "HTTP/1.1 200 OK"
[2026-08-27 08:01:10] INFO - retrieval - Successfully retrieved 5 items
[2026-08-27 08:01:10] INFO - httpx - HTTP Request: GET http://localhost:6333/collections "HTTP/1.1 200 OK"
[2026-08-27 08:01:10] INFO - vector_datatbase - Collection 'nmk_chatbot_collection' already exists.
[2026-08-27 08:01:10] INFO - httpx - HTTP Request: POST http://localhost:6333/collections/nmk_chatbot_collection/points/scroll "HTTP/1.1 200 OK"
[2026-08-27 08:01:10] INFO - tools - Function 1 - Filtered 1 items referencing Article 8, Clause 7, Point a
[2026-08-27 08:01:10] INFO - httpx - HTTP Request: GET http://localhost:6333/collections "HTTP/1.1 200 OK"
[2026-08-27 08:01:10] INFO - vector_datatbase - Collection 'nmk_chatbot_collection' already exists.
[2026-08-27 08:01:10] INFO - httpx - HTTP Request: POST http://localhost:6333/collections/nmk_chatbot_collection/points/scroll "HTTP/1.1 200 OK"
[2026-08-27 08:01:10] INFO - tools - Function 1 - Filtered 3 items referencing Article 3, Clause 3, Point a
[2026-08-27 08:01:10] INFO - httpx - HTTP Request: GET http://localhost:6333/collections "HTTP/1.1 200 OK"
[2026-08-27 08:01:10] INFO - vector_datatbase - Collection 'nmk_chatbot_collection' already exists.
[2026-08-27 08:01:10] INFO - httpx - HTTP Request: POST http://localhost:6333/collections/nmk_chatbot_collection/points/scroll "HTTP/1.1 200 OK"
[2026-08-27 08:01:10] INFO - tools - Function 1 - Filtered 1 items referencing Article 3, Clause 3, Point p
[2026-08-27 08:01:10] INFO - httpx - HTTP Request: GET http://localhost:6333/collections "HTTP/1.1 200 OK"
[2026-08-27 08:01:10] INFO - vector_datatbase - Collection 'nmk_chatbot_collection' already exists.
[2026-08-27 08:01:10] INFO - httpx - HTTP Request: GET http://localhost:6333 "HTTP/1.1 200 OK"
[2026-08-27 08:01:10] INFO - httpx - HTTP Request: POST http://localhost:6333/collections/nmk_chatbot_collection/points/scroll "HTTP/1.1 200 OK"
[2026-08-27 08:01:10] INFO - tools - Function 1 - Filtered 2 items referencing Article 8, Clause 6, Point c
[2026-08-27 08:01:10] INFO - httpx - HTTP Request: GET http://localhost:6333/collections "HTTP/1.1 200 OK"
[2026-08-27 08:01:10] INFO - vector_datatbase - Collection 'nmk_chatbot_collection' already exists.
[2026-08-27 08:01:10] INFO - httpx - HTTP Request: POST http://localhost:6333/collections/nmk_chatbot_collection/points/scroll "HTTP/1.1 200 OK"
[2026-08-27 08:01:10] INFO - tools - Function 1 - Filtered 3 items referencing Article 3, Clause 3, Point b
[2026-08-27 08:01:12] INFO - httpx - HTTP Request: POST https://ollama.com/api/chat "HTTP/1.1 200 OK"
[2026-08-27 08:02:17] WARNING - passlib.handlers.bcrypt - (trapped) error reading bcrypt version
Traceback (most recent call last):
  File "C:\Nhat\HK6\processingPDF\.venv\Lib\site-packages\passlib\handlers\bcrypt.py", line 620, in _load_backend_mixin
    version = _bcrypt.__about__.__version__
              ^^^^^^^^^^^^^^^^^
AttributeError: module 'bcrypt' has no attribute '__about__'
[2026-08-27 08:07:47] WARNING - passlib.handlers.bcrypt - (trapped) error reading bcrypt version
Traceback (most recent call last):
  File "C:\Nhat\HK6\processingPDF\.venv\Lib\site-packages\passlib\handlers\bcrypt.py", line 620, in _load_backend_mixin
    version = _bcrypt.__about__.__version__
              ^^^^^^^^^^^^^^^^^
AttributeError: module 'bcrypt' has no attribute '__about__'
[2026-08-27 08:13:37] WARNING - passlib.handlers.bcrypt - (trapped) error reading bcrypt version
Traceback (most recent call last):
  File "C:\Nhat\HK6\processingPDF\.venv\Lib\site-packages\passlib\handlers\bcrypt.py", line 620, in _load_backend_mixin
    version = _bcrypt.__about__.__version__
              ^^^^^^^^^^^^^^^^^
AttributeError: module 'bcrypt' has no attribute '__about__'
[2026-08-27 08:19:40] WARNING - passlib.handlers.bcrypt - (trapped) error reading bcrypt version
Traceback (most recent call last):
  File "C:\Nhat\HK6\processingPDF\.venv\Lib\site-packages\passlib\handlers\bcrypt.py", line 620, in _load_backend_mixin
    version = _bcrypt.__about__.__version__
              ^^^^^^^^^^^^^^^^^
AttributeError: module 'bcrypt' has no attribute '__about__'
[2026-08-29 12:42:51] WARNING - passlib.handlers.bcrypt - (trapped) error reading bcrypt version
Traceback (most recent call last):
  File "C:\Nhat\HK6\processingPDF\.venv\Lib\site-packages\passlib\handlers\bcrypt.py", line 620, in _load_backend_mixin
    version = _bcrypt.__about__.__version__
              ^^^^^^^^^^^^^^^^^
AttributeError: module 'bcrypt' has no attribute '__about__'
[2026-08-29 12:46:52] INFO - chat_engine - [QUERY NORMALIZATION] Original: Hôm qua tôi vượt đèn đỏ thì có sao không?
[2026-08-29 12:46:54] INFO - httpx - HTTP Request: POST https://ollama.com/api/chat "HTTP/1.1 200 OK"
[2026-08-29 12:46:54] INFO - chat_engine - [QUERY NORMALIZATION] Normalized: Không chấp hành tín hiệu của đèn giao thông có bị xử phạt không?
[2026-08-29 12:46:54] INFO - embedding - Loadding embeding model. mainguyen9/vietlegal-harrier-0.6b
[2026-08-29 12:46:54] INFO - sentence_transformers.base.model - No device provided, using cuda:0
[2026-08-29 12:46:55] INFO - httpx - HTTP Request: HEAD https://huggingface.co/mainguyen9/vietlegal-harrier-0.6b/resolve/main/modules.json "HTTP/1.1 307 Temporary Redirect"
[2026-08-29 12:46:55] WARNING - huggingface_hub.utils._http - Warning: You are sending unauthenticated requests to the HF Hub. Please set a HF_TOKEN to enable higher rate limits and faster downloads.
[2026-08-29 12:46:55] INFO - httpx - HTTP Request: HEAD https://huggingface.co/api/resolve-cache/models/mainguyen9/vietlegal-harrier-0.6b/91a0e1ebe4b63b4475bbae40658b8ca9231bea74/modules.json "HTTP/1.1 200 OK"
[2026-08-29 12:46:55] INFO - httpx - HTTP Request: HEAD https://huggingface.co/mainguyen9/vietlegal-harrier-0.6b/resolve/main/config_sentence_transformers.json "HTTP/1.1 307 Temporary Redirect"
[2026-08-29 12:46:55] INFO - httpx - HTTP Request: HEAD https://huggingface.co/api/resolve-cache/models/mainguyen9/vietlegal-harrier-0.6b/91a0e1ebe4b63b4475bbae40658b8ca9231bea74/config_sentence_transformers.json "HTTP/1.1 200 OK"
[2026-08-29 12:46:55] INFO - sentence_transformers.base.model - Loading SentenceTransformer model from mainguyen9/vietlegal-harrier-0.6b.
[2026-08-29 12:46:55] INFO - httpx - HTTP Request: HEAD https://huggingface.co/mainguyen9/vietlegal-harrier-0.6b/resolve/main/config_sentence_transformers.json "HTTP/1.1 307 Temporary Redirect"
[2026-08-29 12:46:55] INFO - httpx - HTTP Request: HEAD https://huggingface.co/api/resolve-cache/models/mainguyen9/vietlegal-harrier-0.6b/91a0e1ebe4b63b4475bbae40658b8ca9231bea74/config_sentence_transformers.json "HTTP/1.1 200 OK"
[2026-08-29 12:46:56] INFO - httpx - HTTP Request: HEAD https://huggingface.co/mainguyen9/vietlegal-harrier-0.6b/resolve/main/README.md "HTTP/1.1 307 Temporary Redirect"
[2026-08-29 12:46:56] INFO - httpx - HTTP Request: HEAD https://huggingface.co/api/resolve-cache/models/mainguyen9/vietlegal-harrier-0.6b/91a0e1ebe4b63b4475bbae40658b8ca9231bea74/README.md "HTTP/1.1 200 OK"
[2026-08-29 12:46:56] INFO - httpx - HTTP Request: HEAD https://huggingface.co/mainguyen9/vietlegal-harrier-0.6b/resolve/main/modules.json "HTTP/1.1 307 Temporary Redirect"
[2026-08-29 12:46:56] INFO - httpx - HTTP Request: HEAD https://huggingface.co/api/resolve-cache/models/mainguyen9/vietlegal-harrier-0.6b/91a0e1ebe4b63b4475bbae40658b8ca9231bea74/modules.json "HTTP/1.1 200 OK"
[2026-08-29 12:46:56] INFO - httpx - HTTP Request: HEAD https://huggingface.co/mainguyen9/vietlegal-harrier-0.6b/resolve/main/sentence_bert_config.json "HTTP/1.1 307 Temporary Redirect"
[2026-08-29 12:46:56] INFO - httpx - HTTP Request: HEAD https://huggingface.co/api/resolve-cache/models/mainguyen9/vietlegal-harrier-0.6b/91a0e1ebe4b63b4475bbae40658b8ca9231bea74/sentence_bert_config.json "HTTP/1.1 200 OK"
[2026-08-29 12:46:57] INFO - httpx - HTTP Request: HEAD https://huggingface.co/mainguyen9/vietlegal-harrier-0.6b/resolve/main/adapter_config.json "HTTP/1.1 404 Not Found"
[2026-08-29 12:46:57] INFO - httpx - HTTP Request: HEAD https://huggingface.co/mainguyen9/vietlegal-harrier-0.6b/resolve/main/config.json "HTTP/1.1 307 Temporary Redirect"
[2026-08-29 12:46:57] INFO - httpx - HTTP Request: HEAD https://huggingface.co/api/resolve-cache/models/mainguyen9/vietlegal-harrier-0.6b/91a0e1ebe4b63b4475bbae40658b8ca9231bea74/config.json "HTTP/1.1 200 OK"
[2026-08-29 12:46:57] INFO - httpx - HTTP Request: HEAD https://huggingface.co/mainguyen9/vietlegal-harrier-0.6b/resolve/main/config.json "HTTP/1.1 307 Temporary Redirect"
[2026-08-29 12:46:57] INFO - httpx - HTTP Request: HEAD https://huggingface.co/api/resolve-cache/models/mainguyen9/vietlegal-harrier-0.6b/91a0e1ebe4b63b4475bbae40658b8ca9231bea74/config.json "HTTP/1.1 200 OK"
[2026-08-29 12:46:58] INFO - httpx - HTTP Request: HEAD https://huggingface.co/mainguyen9/vietlegal-harrier-0.6b/resolve/main/processor_config.json "HTTP/1.1 404 Not Found"
[2026-08-29 12:46:58] INFO - httpx - HTTP Request: HEAD https://huggingface.co/mainguyen9/vietlegal-harrier-0.6b/resolve/main/preprocessor_config.json "HTTP/1.1 404 Not Found"
[2026-08-29 12:46:59] INFO - httpx - HTTP Request: HEAD https://huggingface.co/mainguyen9/vietlegal-harrier-0.6b/resolve/main/video_preprocessor_config.json "HTTP/1.1 404 Not Found"
[2026-08-29 12:46:59] INFO - httpx - HTTP Request: HEAD https://huggingface.co/mainguyen9/vietlegal-harrier-0.6b/resolve/main/preprocessor_config.json "HTTP/1.1 404 Not Found"
[2026-08-29 12:46:59] INFO - httpx - HTTP Request: HEAD https://huggingface.co/mainguyen9/vietlegal-harrier-0.6b/resolve/main/tokenizer_config.json "HTTP/1.1 307 Temporary Redirect"
[2026-08-29 12:46:59] INFO - httpx - HTTP Request: HEAD https://huggingface.co/api/resolve-cache/models/mainguyen9/vietlegal-harrier-0.6b/91a0e1ebe4b63b4475bbae40658b8ca9231bea74/tokenizer_config.json "HTTP/1.1 200 OK"
[2026-08-29 12:47:00] INFO - httpx - HTTP Request: HEAD https://huggingface.co/mainguyen9/vietlegal-harrier-0.6b/resolve/main/config.json "HTTP/1.1 307 Temporary Redirect"
[2026-08-29 12:47:00] INFO - httpx - HTTP Request: HEAD https://huggingface.co/api/resolve-cache/models/mainguyen9/vietlegal-harrier-0.6b/91a0e1ebe4b63b4475bbae40658b8ca9231bea74/config.json "HTTP/1.1 200 OK"
[2026-08-29 12:47:00] INFO - httpx - HTTP Request: HEAD https://huggingface.co/mainguyen9/vietlegal-harrier-0.6b/resolve/main/config.json "HTTP/1.1 307 Temporary Redirect"
[2026-08-29 12:47:00] INFO - httpx - HTTP Request: HEAD https://huggingface.co/api/resolve-cache/models/mainguyen9/vietlegal-harrier-0.6b/91a0e1ebe4b63b4475bbae40658b8ca9231bea74/config.json "HTTP/1.1 200 OK"
[2026-08-29 12:47:00] INFO - httpx - HTTP Request: HEAD https://huggingface.co/mainguyen9/vietlegal-harrier-0.6b/resolve/main/tokenizer_config.json "HTTP/1.1 307 Temporary Redirect"
[2026-08-29 12:47:00] INFO - httpx - HTTP Request: HEAD https://huggingface.co/api/resolve-cache/models/mainguyen9/vietlegal-harrier-0.6b/91a0e1ebe4b63b4475bbae40658b8ca9231bea74/tokenizer_config.json "HTTP/1.1 200 OK"
[2026-08-29 12:47:01] INFO - httpx - HTTP Request: GET https://huggingface.co/api/models/mainguyen9/vietlegal-harrier-0.6b/tree/main/additional_chat_templates?recursive=false&expand=false "HTTP/1.1 404 Not Found"
[2026-08-29 12:47:01] INFO - httpx - HTTP Request: GET https://huggingface.co/api/models/mainguyen9/vietlegal-harrier-0.6b/tree/main?recursive=true&expand=false "HTTP/1.1 200 OK"
[2026-08-29 12:47:02] INFO - httpx - HTTP Request: GET https://huggingface.co/api/models/mainguyen9/vietlegal-harrier-0.6b "HTTP/1.1 200 OK"
[2026-08-29 12:47:02] INFO - httpx - HTTP Request: HEAD https://huggingface.co/mainguyen9/vietlegal-harrier-0.6b/resolve/main/1_Pooling/config.json "HTTP/1.1 307 Temporary Redirect"
[2026-08-29 12:47:02] INFO - httpx - HTTP Request: HEAD https://huggingface.co/api/resolve-cache/models/mainguyen9/vietlegal-harrier-0.6b/91a0e1ebe4b63b4475bbae40658b8ca9231bea74/1_Pooling%2Fconfig.json "HTTP/1.1 200 OK"
[2026-08-29 12:47:03] INFO - httpx - HTTP Request: GET https://huggingface.co/api/models/mainguyen9/vietlegal-harrier-0.6b "HTTP/1.1 200 OK"
[2026-08-29 12:47:08] INFO - sentence_transformers.base.model - Loaded 1 prompt with these keys: ['query']
[2026-08-29 12:47:09] INFO - embedding - Completed embedding texts 1
[2026-08-29 12:47:09] INFO - vector_datatbase - Connecting to Qdrant via URL
[2026-08-29 12:47:09] INFO - httpx - HTTP Request: GET http://localhost:6333/collections "HTTP/1.1 200 OK"
[2026-08-29 12:47:09] INFO - vector_datatbase - Successfully connected to Qdrant
[2026-08-29 12:47:09] INFO - httpx - HTTP Request: GET http://localhost:6333/collections "HTTP/1.1 200 OK"
[2026-08-29 12:47:09] INFO - vector_datatbase - Collection 'nmk_chatbot_collection' already exists.
[2026-08-29 12:47:09] INFO - sparse_vector - Model loaded from vectorstore\bm25store\bm25store.pkl
[2026-08-29 12:47:09] INFO - httpx - HTTP Request: POST http://localhost:6333/collections/nmk_chatbot_collection/points/query "HTTP/1.1 200 OK"
[2026-08-29 12:47:09] INFO - retrieval - Successfully retrieved 5 items
[2026-08-29 12:47:09] INFO - httpx - HTTP Request: GET http://localhost:6333/collections "HTTP/1.1 200 OK"
[2026-08-29 12:47:09] INFO - vector_datatbase - Collection 'nmk_chatbot_collection' already exists.
[2026-08-29 12:47:10] INFO - httpx - HTTP Request: POST http://localhost:6333/collections/nmk_chatbot_collection/points/scroll "HTTP/1.1 200 OK"
[2026-08-29 12:47:10] INFO - tools - Function 1 - Filtered 1 items referencing Article 9, Clause 2, Point đ
[2026-08-29 12:47:10] INFO - httpx - HTTP Request: GET http://localhost:6333/collections "HTTP/1.1 200 OK"
[2026-08-29 12:47:10] INFO - vector_datatbase - Collection 'nmk_chatbot_collection' already exists.
[2026-08-29 12:47:10] INFO - httpx - HTTP Request: POST http://localhost:6333/collections/nmk_chatbot_collection/points/scroll "HTTP/1.1 200 OK"
[2026-08-29 12:47:10] INFO - tools - Function 1 - Filtered 2 items referencing Article 8, Clause 7, Point c
[2026-08-29 12:47:10] INFO - httpx - HTTP Request: GET http://localhost:6333/collections "HTTP/1.1 200 OK"
[2026-08-29 12:47:10] INFO - vector_datatbase - Collection 'nmk_chatbot_collection' already exists.
[2026-08-29 12:47:10] INFO - httpx - HTTP Request: POST http://localhost:6333/collections/nmk_chatbot_collection/points/scroll "HTTP/1.1 200 OK"
[2026-08-29 12:47:10] INFO - tools - Function 1 - Filtered 3 items referencing Article 6, Clause 9, Point b
[2026-08-29 12:47:10] INFO - httpx - HTTP Request: GET http://localhost:6333/collections "HTTP/1.1 200 OK"
[2026-08-29 12:47:10] INFO - vector_datatbase - Collection 'nmk_chatbot_collection' already exists.
[2026-08-29 12:47:10] INFO - httpx - HTTP Request: POST http://localhost:6333/collections/nmk_chatbot_collection/points/scroll "HTTP/1.1 200 OK"
[2026-08-29 12:47:10] INFO - tools - Function 1 - Filtered 4 items referencing Article 7, Clause 7, Point c
[2026-08-29 12:47:10] INFO - httpx - HTTP Request: GET http://localhost:6333/collections "HTTP/1.1 200 OK"
[2026-08-29 12:47:10] INFO - vector_datatbase - Collection 'nmk_chatbot_collection' already exists.
[2026-08-29 12:47:10] INFO - httpx - HTTP Request: POST http://localhost:6333/collections/nmk_chatbot_collection/points/scroll "HTTP/1.1 200 OK"
[2026-08-29 12:47:10] INFO - tools - Function 1 - Filtered 0 items referencing Article 10, Clause 1, Point b
[2026-08-29 12:47:10] INFO - httpx - HTTP Request: GET http://localhost:6333 "HTTP/1.1 200 OK"
[2026-08-29 12:47:11] INFO - httpx - HTTP Request: POST https://ollama.com/api/chat "HTTP/1.1 200 OK"
[2026-08-29 19:07:00] INFO - chat_engine - [QUERY NORMALIZATION] Original: Hôm qua tôi vượt đèn đỏ có sao không?
[2026-08-29 19:07:04] INFO - httpx - HTTP Request: POST https://ollama.com/api/chat "HTTP/1.1 200 OK"
[2026-08-29 19:07:04] INFO - chat_engine - [QUERY NORMALIZATION] Normalized: Không chấp hành tín hiệu của đèn giao thông có bị xử phạt không?
[2026-08-29 19:07:10] INFO - embedding - Completed embedding texts 1
[2026-08-29 19:07:10] INFO - httpx - HTTP Request: GET http://localhost:6333/collections "HTTP/1.1 200 OK"
[2026-08-29 19:07:10] INFO - vector_datatbase - Collection 'nmk_chatbot_collection' already exists.
[2026-08-29 19:07:10] INFO - sparse_vector - Model loaded from vectorstore\bm25store\bm25store.pkl
[2026-08-29 19:07:10] INFO - httpx - HTTP Request: POST http://localhost:6333/collections/nmk_chatbot_collection/points/query "HTTP/1.1 200 OK"
[2026-08-29 19:07:10] INFO - retrieval - Successfully retrieved 5 items
[2026-08-29 19:07:10] INFO - httpx - HTTP Request: GET http://localhost:6333/collections "HTTP/1.1 200 OK"
[2026-08-29 19:07:10] INFO - vector_datatbase - Collection 'nmk_chatbot_collection' already exists.
[2026-08-29 19:07:10] INFO - httpx - HTTP Request: POST http://localhost:6333/collections/nmk_chatbot_collection/points/scroll "HTTP/1.1 200 OK"
[2026-08-29 19:07:10] INFO - tools - Function 1 - Filtered 1 items referencing Article 9, Clause 2, Point đ
[2026-08-29 19:07:10] INFO - httpx - HTTP Request: GET http://localhost:6333/collections "HTTP/1.1 200 OK"
[2026-08-29 19:07:10] INFO - vector_datatbase - Collection 'nmk_chatbot_collection' already exists.
[2026-08-29 19:07:10] INFO - httpx - HTTP Request: POST http://localhost:6333/collections/nmk_chatbot_collection/points/scroll "HTTP/1.1 200 OK"
[2026-08-29 19:07:10] INFO - tools - Function 1 - Filtered 2 items referencing Article 8, Clause 7, Point c
[2026-08-29 19:07:10] INFO - httpx - HTTP Request: GET http://localhost:6333/collections "HTTP/1.1 200 OK"
[2026-08-29 19:07:10] INFO - vector_datatbase - Collection 'nmk_chatbot_collection' already exists.
[2026-08-29 19:07:10] INFO - httpx - HTTP Request: POST http://localhost:6333/collections/nmk_chatbot_collection/points/scroll "HTTP/1.1 200 OK"
[2026-08-29 19:07:10] INFO - tools - Function 1 - Filtered 3 items referencing Article 6, Clause 9, Point b
[2026-08-29 19:07:10] INFO - httpx - HTTP Request: GET http://localhost:6333/collections "HTTP/1.1 200 OK"
[2026-08-29 19:07:10] INFO - vector_datatbase - Collection 'nmk_chatbot_collection' already exists.
[2026-08-29 19:07:10] INFO - httpx - HTTP Request: POST http://localhost:6333/collections/nmk_chatbot_collection/points/scroll "HTTP/1.1 200 OK"
[2026-08-29 19:07:10] INFO - tools - Function 1 - Filtered 4 items referencing Article 7, Clause 7, Point c
[2026-08-29 19:07:10] INFO - httpx - HTTP Request: GET http://localhost:6333/collections "HTTP/1.1 200 OK"
[2026-08-29 19:07:10] INFO - vector_datatbase - Collection 'nmk_chatbot_collection' already exists.
[2026-08-29 19:07:10] INFO - httpx - HTTP Request: POST http://localhost:6333/collections/nmk_chatbot_collection/points/scroll "HTTP/1.1 200 OK"
[2026-08-29 19:07:10] INFO - tools - Function 1 - Filtered 0 items referencing Article 10, Clause 1, Point b
[2026-08-29 19:07:11] INFO - httpx - HTTP Request: POST https://ollama.com/api/chat "HTTP/1.1 200 OK"
[2026-08-29 19:14:29] INFO - chat_engine - [QUERY NORMALIZATION] Original: Có nồng độ cồn nhưng tham gia lái xe thì sao?
[2026-08-29 19:14:33] INFO - httpx - HTTP Request: POST https://ollama.com/api/chat "HTTP/1.1 200 OK"
[2026-08-29 19:14:33] INFO - chat_engine - [QUERY NORMALIZATION] Normalized: Điều khiển phương tiện giao thông trong tình trạng có nồng độ cồn có bị xử phạt không?
[2026-08-29 19:14:33] INFO - embedding - Completed embedding texts 1
[2026-08-29 19:14:33] INFO - httpx - HTTP Request: GET http://localhost:6333/collections "HTTP/1.1 200 OK"
[2026-08-29 19:14:33] INFO - vector_datatbase - Collection 'nmk_chatbot_collection' already exists.
[2026-08-29 19:14:33] INFO - sparse_vector - Model loaded from vectorstore\bm25store\bm25store.pkl
[2026-08-29 19:14:33] INFO - httpx - HTTP Request: POST http://localhost:6333/collections/nmk_chatbot_collection/points/query "HTTP/1.1 200 OK"
[2026-08-29 19:14:33] INFO - retrieval - Successfully retrieved 5 items
[2026-08-29 19:14:33] INFO - httpx - HTTP Request: GET http://localhost:6333/collections "HTTP/1.1 200 OK"
[2026-08-29 19:14:33] INFO - vector_datatbase - Collection 'nmk_chatbot_collection' already exists.
[2026-08-29 19:14:33] INFO - httpx - HTTP Request: POST http://localhost:6333/collections/nmk_chatbot_collection/points/scroll "HTTP/1.1 200 OK"
[2026-08-29 19:14:33] INFO - tools - Function 1 - Filtered 1 items referencing Article 9, Clause 1, Point p
[2026-08-29 19:14:33] INFO - httpx - HTTP Request: GET http://localhost:6333/collections "HTTP/1.1 200 OK"
[2026-08-29 19:14:33] INFO - vector_datatbase - Collection 'nmk_chatbot_collection' already exists.
[2026-08-29 19:14:33] INFO - httpx - HTTP Request: POST http://localhost:6333/collections/nmk_chatbot_collection/points/scroll "HTTP/1.1 200 OK"
[2026-08-29 19:14:33] INFO - tools - Function 1 - Filtered 3 items referencing Article 8, Clause 9, Point b
[2026-08-29 19:14:33] INFO - httpx - HTTP Request: GET http://localhost:6333/collections "HTTP/1.1 200 OK"
[2026-08-29 19:14:33] INFO - vector_datatbase - Collection 'nmk_chatbot_collection' already exists.
[2026-08-29 19:14:33] INFO - httpx - HTTP Request: POST http://localhost:6333/collections/nmk_chatbot_collection/points/scroll "HTTP/1.1 200 OK"
[2026-08-29 19:14:33] INFO - tools - Function 1 - Filtered 1 items referencing Article 8, Clause 7, Point a
[2026-08-29 19:14:33] INFO - httpx - HTTP Request: GET http://localhost:6333/collections "HTTP/1.1 200 OK"
[2026-08-29 19:14:33] INFO - vector_datatbase - Collection 'nmk_chatbot_collection' already exists.
[2026-08-29 19:14:33] INFO - httpx - HTTP Request: POST http://localhost:6333/collections/nmk_chatbot_collection/points/scroll "HTTP/1.1 200 OK"
[2026-08-29 19:14:33] INFO - tools - Function 1 - Filtered 2 items referencing Article 8, Clause 9, Point a
[2026-08-29 19:14:34] INFO - httpx - HTTP Request: GET http://localhost:6333/collections "HTTP/1.1 200 OK"
[2026-08-29 19:14:34] INFO - vector_datatbase - Collection 'nmk_chatbot_collection' already exists.
[2026-08-29 19:14:34] INFO - httpx - HTTP Request: POST http://localhost:6333/collections/nmk_chatbot_collection/points/scroll "HTTP/1.1 200 OK"
[2026-08-29 19:14:34] INFO - tools - Function 1 - Filtered 1 items referencing Article 9, Clause 3, Point d
[2026-08-29 19:14:35] INFO - httpx - HTTP Request: POST https://ollama.com/api/chat "HTTP/1.1 200 OK"
[2026-08-29 21:47:51] INFO - backend - Successfully connected to MongoDB
[2026-08-29 21:48:15] INFO - llm - Initialized LLMModel with default provider: 'cloud_ollama'
[2026-08-29 21:48:15] INFO - llm - Active LLM Provider: Cloud Ollama (gpt-oss:120b) at https://ollama.com
[2026-08-29 21:52:37] INFO - backend - Chat request received. User ID: '6a92721b53e10c2137be2ee0', Chat ID: 'None'
[2026-08-29 21:52:37] INFO - chat_engine - Executing chat engine for query: 'kéo xe người khác thì có sao không?'
[2026-08-29 21:52:37] INFO - chat_engine - [QUERY NORMALIZATION] Original query: kéo xe người khác thì có sao không?
[2026-08-29 21:52:37] ERROR - chat_engine - Error during query normalization: LLMModel.generate_with_tools() got an unexpected keyword argument 'tools'
Traceback (most recent call last):
  File "C:\Nhat\HK6\processingPDF\llm\chat_engine.py", line 31, in normalize_query
    _, normalized = self.llm.generate_with_tools(
                    ^^^^^^^^^^^^^^^^^^^^^^^^^^^^^
TypeError: LLMModel.generate_with_tools() got an unexpected keyword argument 'tools'
[2026-08-29 21:52:37] INFO - chat_engine - [QUERY NORMALIZATION] Normalized query: kéo xe người khác thì có sao không?
[2026-08-29 21:52:37] INFO - embedding - Loadding embeding model. mainguyen9/vietlegal-harrier-0.6b
[2026-08-29 21:52:37] INFO - sentence_transformers.base.model - No device provided, using cuda:0
[2026-08-29 21:52:38] INFO - httpx - HTTP Request: HEAD https://huggingface.co/mainguyen9/vietlegal-harrier-0.6b/resolve/main/modules.json "HTTP/1.1 307 Temporary Redirect"
[2026-08-29 21:52:38] WARNING - huggingface_hub.utils._http - Warning: You are sending unauthenticated requests to the HF Hub. Please set a HF_TOKEN to enable higher rate limits and faster downloads.
[2026-08-29 21:52:38] INFO - httpx - HTTP Request: HEAD https://huggingface.co/api/resolve-cache/models/mainguyen9/vietlegal-harrier-0.6b/91a0e1ebe4b63b4475bbae40658b8ca9231bea74/modules.json "HTTP/1.1 200 OK"
[2026-08-29 21:52:38] INFO - httpx - HTTP Request: HEAD https://huggingface.co/mainguyen9/vietlegal-harrier-0.6b/resolve/main/config_sentence_transformers.json "HTTP/1.1 307 Temporary Redirect"
[2026-08-29 21:52:38] INFO - httpx - HTTP Request: HEAD https://huggingface.co/api/resolve-cache/models/mainguyen9/vietlegal-harrier-0.6b/91a0e1ebe4b63b4475bbae40658b8ca9231bea74/config_sentence_transformers.json "HTTP/1.1 200 OK"
[2026-08-29 21:52:38] INFO - sentence_transformers.base.model - Loading SentenceTransformer model from mainguyen9/vietlegal-harrier-0.6b.
[2026-08-29 21:52:38] INFO - httpx - HTTP Request: HEAD https://huggingface.co/mainguyen9/vietlegal-harrier-0.6b/resolve/main/config_sentence_transformers.json "HTTP/1.1 307 Temporary Redirect"
[2026-08-29 21:52:38] INFO - httpx - HTTP Request: HEAD https://huggingface.co/api/resolve-cache/models/mainguyen9/vietlegal-harrier-0.6b/91a0e1ebe4b63b4475bbae40658b8ca9231bea74/config_sentence_transformers.json "HTTP/1.1 200 OK"
[2026-08-29 21:52:39] INFO - httpx - HTTP Request: HEAD https://huggingface.co/mainguyen9/vietlegal-harrier-0.6b/resolve/main/README.md "HTTP/1.1 307 Temporary Redirect"
[2026-08-29 21:52:39] INFO - httpx - HTTP Request: HEAD https://huggingface.co/api/resolve-cache/models/mainguyen9/vietlegal-harrier-0.6b/91a0e1ebe4b63b4475bbae40658b8ca9231bea74/README.md "HTTP/1.1 200 OK"
[2026-08-29 21:52:39] INFO - httpx - HTTP Request: HEAD https://huggingface.co/mainguyen9/vietlegal-harrier-0.6b/resolve/main/modules.json "HTTP/1.1 307 Temporary Redirect"
[2026-08-29 21:52:39] INFO - httpx - HTTP Request: HEAD https://huggingface.co/api/resolve-cache/models/mainguyen9/vietlegal-harrier-0.6b/91a0e1ebe4b63b4475bbae40658b8ca9231bea74/modules.json "HTTP/1.1 200 OK"
[2026-08-29 21:52:39] INFO - httpx - HTTP Request: HEAD https://huggingface.co/mainguyen9/vietlegal-harrier-0.6b/resolve/main/sentence_bert_config.json "HTTP/1.1 307 Temporary Redirect"
[2026-08-29 21:52:39] INFO - httpx - HTTP Request: HEAD https://huggingface.co/api/resolve-cache/models/mainguyen9/vietlegal-harrier-0.6b/91a0e1ebe4b63b4475bbae40658b8ca9231bea74/sentence_bert_config.json "HTTP/1.1 200 OK"
[2026-08-29 21:52:39] INFO - httpx - HTTP Request: HEAD https://huggingface.co/mainguyen9/vietlegal-harrier-0.6b/resolve/main/adapter_config.json "HTTP/1.1 404 Not Found"
[2026-08-29 21:52:40] INFO - httpx - HTTP Request: HEAD https://huggingface.co/mainguyen9/vietlegal-harrier-0.6b/resolve/main/config.json "HTTP/1.1 307 Temporary Redirect"
[2026-08-29 21:52:40] INFO - httpx - HTTP Request: HEAD https://huggingface.co/api/resolve-cache/models/mainguyen9/vietlegal-harrier-0.6b/91a0e1ebe4b63b4475bbae40658b8ca9231bea74/config.json "HTTP/1.1 200 OK"
[2026-08-29 21:52:40] INFO - httpx - HTTP Request: HEAD https://huggingface.co/mainguyen9/vietlegal-harrier-0.6b/resolve/main/config.json "HTTP/1.1 307 Temporary Redirect"
[2026-08-29 21:52:40] INFO - httpx - HTTP Request: HEAD https://huggingface.co/api/resolve-cache/models/mainguyen9/vietlegal-harrier-0.6b/91a0e1ebe4b63b4475bbae40658b8ca9231bea74/config.json "HTTP/1.1 200 OK"
[2026-08-29 21:52:41] INFO - httpx - HTTP Request: HEAD https://huggingface.co/mainguyen9/vietlegal-harrier-0.6b/resolve/main/processor_config.json "HTTP/1.1 404 Not Found"
[2026-08-29 21:52:41] INFO - httpx - HTTP Request: HEAD https://huggingface.co/mainguyen9/vietlegal-harrier-0.6b/resolve/main/preprocessor_config.json "HTTP/1.1 404 Not Found"
[2026-08-29 21:52:42] INFO - httpx - HTTP Request: HEAD https://huggingface.co/mainguyen9/vietlegal-harrier-0.6b/resolve/main/video_preprocessor_config.json "HTTP/1.1 404 Not Found"
[2026-08-29 21:52:42] INFO - httpx - HTTP Request: HEAD https://huggingface.co/mainguyen9/vietlegal-harrier-0.6b/resolve/main/preprocessor_config.json "HTTP/1.1 404 Not Found"
[2026-08-29 21:52:43] INFO - httpx - HTTP Request: HEAD https://huggingface.co/mainguyen9/vietlegal-harrier-0.6b/resolve/main/tokenizer_config.json "HTTP/1.1 307 Temporary Redirect"
[2026-08-29 21:52:43] INFO - httpx - HTTP Request: HEAD https://huggingface.co/api/resolve-cache/models/mainguyen9/vietlegal-harrier-0.6b/91a0e1ebe4b63b4475bbae40658b8ca9231bea74/tokenizer_config.json "HTTP/1.1 200 OK"
[2026-08-29 21:52:44] INFO - httpx - HTTP Request: HEAD https://huggingface.co/mainguyen9/vietlegal-harrier-0.6b/resolve/main/config.json "HTTP/1.1 307 Temporary Redirect"
[2026-08-29 21:52:44] INFO - httpx - HTTP Request: HEAD https://huggingface.co/api/resolve-cache/models/mainguyen9/vietlegal-harrier-0.6b/91a0e1ebe4b63b4475bbae40658b8ca9231bea74/config.json "HTTP/1.1 200 OK"
[2026-08-29 21:52:44] INFO - httpx - HTTP Request: HEAD https://huggingface.co/mainguyen9/vietlegal-harrier-0.6b/resolve/main/config.json "HTTP/1.1 307 Temporary Redirect"
[2026-08-29 21:52:44] INFO - httpx - HTTP Request: HEAD https://huggingface.co/api/resolve-cache/models/mainguyen9/vietlegal-harrier-0.6b/91a0e1ebe4b63b4475bbae40658b8ca9231bea74/config.json "HTTP/1.1 200 OK"
[2026-08-29 21:52:44] INFO - httpx - HTTP Request: HEAD https://huggingface.co/mainguyen9/vietlegal-harrier-0.6b/resolve/main/tokenizer_config.json "HTTP/1.1 307 Temporary Redirect"
[2026-08-29 21:52:44] INFO - httpx - HTTP Request: HEAD https://huggingface.co/api/resolve-cache/models/mainguyen9/vietlegal-harrier-0.6b/91a0e1ebe4b63b4475bbae40658b8ca9231bea74/tokenizer_config.json "HTTP/1.1 200 OK"
[2026-08-29 21:52:44] INFO - httpx - HTTP Request: GET https://huggingface.co/api/models/mainguyen9/vietlegal-harrier-0.6b/tree/main/additional_chat_templates?recursive=false&expand=false "HTTP/1.1 404 Not Found"
[2026-08-29 21:52:46] INFO - httpx - HTTP Request: GET https://huggingface.co/api/models/mainguyen9/vietlegal-harrier-0.6b/tree/main?recursive=true&expand=false "HTTP/1.1 200 OK"
[2026-08-29 21:52:47] INFO - httpx - HTTP Request: GET https://huggingface.co/api/models/mainguyen9/vietlegal-harrier-0.6b "HTTP/1.1 200 OK"
[2026-08-29 21:52:48] INFO - httpx - HTTP Request: HEAD https://huggingface.co/mainguyen9/vietlegal-harrier-0.6b/resolve/main/1_Pooling/config.json "HTTP/1.1 307 Temporary Redirect"
[2026-08-29 21:52:48] INFO - httpx - HTTP Request: HEAD https://huggingface.co/api/resolve-cache/models/mainguyen9/vietlegal-harrier-0.6b/91a0e1ebe4b63b4475bbae40658b8ca9231bea74/1_Pooling%2Fconfig.json "HTTP/1.1 200 OK"
[2026-08-29 21:52:48] INFO - httpx - HTTP Request: GET https://huggingface.co/api/models/mainguyen9/vietlegal-harrier-0.6b "HTTP/1.1 200 OK"
[2026-08-29 21:52:53] INFO - sentence_transformers.base.model - Loaded 1 prompt with these keys: ['query']
[2026-08-29 21:52:54] INFO - embedding - Completed embedding texts 1
[2026-08-29 21:52:54] INFO - vector_datatbase - Connecting to Qdrant via URL
[2026-08-29 21:52:54] INFO - httpx - HTTP Request: GET http://localhost:6333/collections "HTTP/1.1 200 OK"
[2026-08-29 21:52:54] INFO - vector_datatbase - Successfully connected to Qdrant
[2026-08-29 21:52:54] INFO - httpx - HTTP Request: GET http://localhost:6333/collections "HTTP/1.1 200 OK"
[2026-08-29 21:52:54] INFO - vector_datatbase - Collection 'nmk_chatbot_collection' already exists.
[2026-08-29 21:52:54] INFO - sparse_vector - Model loaded from vectorstore\bm25store\bm25store.pkl
[2026-08-29 21:52:55] INFO - httpx - HTTP Request: POST http://localhost:6333/collections/nmk_chatbot_collection/points/query "HTTP/1.1 200 OK"
[2026-08-29 21:52:55] INFO - retrieval - Successfully retrieved 5 items
[2026-08-29 21:52:55] INFO - chat_engine - Retrieved 5 primary documents from database.
[2026-08-29 21:52:55] INFO - httpx - HTTP Request: GET http://localhost:6333/collections "HTTP/1.1 200 OK"
[2026-08-29 21:52:55] INFO - vector_datatbase - Collection 'nmk_chatbot_collection' already exists.
[2026-08-29 21:52:55] INFO - httpx - HTTP Request: POST http://localhost:6333/collections/nmk_chatbot_collection/points/scroll "HTTP/1.1 200 OK"
[2026-08-29 21:52:55] INFO - tools - Function 1 - Filtered 2 items referencing Article 6, Clause 3, Point h
[2026-08-29 21:52:55] INFO - httpx - HTTP Request: GET http://localhost:6333/collections "HTTP/1.1 200 OK"
[2026-08-29 21:52:55] INFO - vector_datatbase - Collection 'nmk_chatbot_collection' already exists.
[2026-08-29 21:52:55] INFO - httpx - HTTP Request: POST http://localhost:6333/collections/nmk_chatbot_collection/points/scroll "HTTP/1.1 200 OK"
[2026-08-29 21:52:55] INFO - tools - Function 1 - Filtered 0 items referencing Article 12, Clause 5, Point a
[2026-08-29 21:52:55] INFO - httpx - HTTP Request: GET http://localhost:6333/collections "HTTP/1.1 200 OK"
[2026-08-29 21:52:55] INFO - vector_datatbase - Collection 'nmk_chatbot_collection' already exists.
[2026-08-29 21:52:55] INFO - httpx - HTTP Request: GET http://localhost:6333 "HTTP/1.1 200 OK"
[2026-08-29 21:52:55] INFO - httpx - HTTP Request: POST http://localhost:6333/collections/nmk_chatbot_collection/points/scroll "HTTP/1.1 200 OK"
[2026-08-29 21:52:55] INFO - tools - Function 1 - Filtered 0 items referencing Article 11, Clause 1, Point e
[2026-08-29 21:52:55] INFO - httpx - HTTP Request: GET http://localhost:6333/collections "HTTP/1.1 200 OK"
[2026-08-29 21:52:55] INFO - vector_datatbase - Collection 'nmk_chatbot_collection' already exists.
[2026-08-29 21:52:55] INFO - httpx - HTTP Request: POST http://localhost:6333/collections/nmk_chatbot_collection/points/scroll "HTTP/1.1 200 OK"
[2026-08-29 21:52:55] INFO - tools - Function 1 - Filtered 0 items referencing Article 33, Clause 2, Point b
[2026-08-29 21:52:55] INFO - httpx - HTTP Request: GET http://localhost:6333/collections "HTTP/1.1 200 OK"
[2026-08-29 21:52:55] INFO - vector_datatbase - Collection 'nmk_chatbot_collection' already exists.
[2026-08-29 21:52:55] INFO - httpx - HTTP Request: POST http://localhost:6333/collections/nmk_chatbot_collection/points/scroll "HTTP/1.1 200 OK"
[2026-08-29 21:52:55] INFO - tools - Function 1 - Filtered 0 items referencing Article 9, Clause 2, Point c
[2026-08-29 21:52:55] INFO - chat_engine - Total contextual document references: 7
[2026-08-29 21:52:55] INFO - chat_engine - Starting response generation stream from LLM...
[2026-08-29 21:52:55] ERROR - chat_engine - Error during LLM stream generation: LLMModel.generate_with_tools() got an unexpected keyword argument 'provider'
Traceback (most recent call last):
  File "C:\Nhat\HK6\processingPDF\llm\chat_engine.py", line 127, in chat
    for in_thinking, chunk in self.llm.generate_with_tools(formatted_messages, provider="cloud_ollama"):
                              ^^^^^^^^^^^^^^^^^^^^^^^^^^^^^^^^^^^^^^^^^^^^^^^^^^^^^^^^^^^^^^^^^^^^^^^^^
TypeError: LLMModel.generate_with_tools() got an unexpected keyword argument 'provider'
[2026-08-29 21:52:55] INFO - backend - Created new chat thread '6a92f2474d2529b67dc3faf3' for user '6a92721b53e10c2137be2ee0'
[2026-08-29 21:53:11] INFO - backend - Chat request received. User ID: '6a92721b53e10c2137be2ee0', Chat ID: 'None'
[2026-08-29 21:53:11] INFO - chat_engine - Executing chat engine for query: 'Kéo xe người khác thì có sao không'
[2026-08-29 21:53:11] INFO - chat_engine - [QUERY NORMALIZATION] Original query: Kéo xe người khác thì có sao không
[2026-08-29 21:53:11] ERROR - chat_engine - Error during query normalization: LLMModel.generate_with_tools() got an unexpected keyword argument 'tools'
Traceback (most recent call last):
  File "C:\Nhat\HK6\processingPDF\llm\chat_engine.py", line 31, in normalize_query
    _, normalized = self.llm.generate_with_tools(
                    ^^^^^^^^^^^^^^^^^^^^^^^^^^^^^
TypeError: LLMModel.generate_with_tools() got an unexpected keyword argument 'tools'
[2026-08-29 21:53:11] INFO - chat_engine - [QUERY NORMALIZATION] Normalized query: Kéo xe người khác thì có sao không
[2026-08-29 21:53:11] INFO - embedding - Completed embedding texts 1
[2026-08-29 21:53:11] INFO - httpx - HTTP Request: GET http://localhost:6333/collections "HTTP/1.1 200 OK"
[2026-08-29 21:53:11] INFO - vector_datatbase - Collection 'nmk_chatbot_collection' already exists.
[2026-08-29 21:53:11] INFO - sparse_vector - Model loaded from vectorstore\bm25store\bm25store.pkl
[2026-08-29 21:53:11] INFO - httpx - HTTP Request: POST http://localhost:6333/collections/nmk_chatbot_collection/points/query "HTTP/1.1 200 OK"
[2026-08-29 21:53:11] INFO - retrieval - Successfully retrieved 5 items
[2026-08-29 21:53:11] INFO - chat_engine - Retrieved 5 primary documents from database.
[2026-08-29 21:53:11] INFO - httpx - HTTP Request: GET http://localhost:6333/collections "HTTP/1.1 200 OK"
[2026-08-29 21:53:11] INFO - vector_datatbase - Collection 'nmk_chatbot_collection' already exists.
[2026-08-29 21:53:11] INFO - httpx - HTTP Request: POST http://localhost:6333/collections/nmk_chatbot_collection/points/scroll "HTTP/1.1 200 OK"
[2026-08-29 21:53:11] INFO - tools - Function 1 - Filtered 2 items referencing Article 6, Clause 3, Point h
[2026-08-29 21:53:11] INFO - httpx - HTTP Request: GET http://localhost:6333/collections "HTTP/1.1 200 OK"
[2026-08-29 21:53:11] INFO - vector_datatbase - Collection 'nmk_chatbot_collection' already exists.
[2026-08-29 21:53:11] INFO - httpx - HTTP Request: POST http://localhost:6333/collections/nmk_chatbot_collection/points/scroll "HTTP/1.1 200 OK"
[2026-08-29 21:53:11] INFO - tools - Function 1 - Filtered 0 items referencing Article 11, Clause 1, Point e
[2026-08-29 21:53:11] INFO - httpx - HTTP Request: GET http://localhost:6333/collections "HTTP/1.1 200 OK"
[2026-08-29 21:53:11] INFO - vector_datatbase - Collection 'nmk_chatbot_collection' already exists.
[2026-08-29 21:53:11] INFO - httpx - HTTP Request: POST http://localhost:6333/collections/nmk_chatbot_collection/points/scroll "HTTP/1.1 200 OK"
[2026-08-29 21:53:11] INFO - tools - Function 1 - Filtered 0 items referencing Article 21, Clause 10, Point b
[2026-08-29 21:53:11] INFO - httpx - HTTP Request: GET http://localhost:6333/collections "HTTP/1.1 200 OK"
[2026-08-29 21:53:11] INFO - vector_datatbase - Collection 'nmk_chatbot_collection' already exists.
[2026-08-29 21:53:11] INFO - httpx - HTTP Request: POST http://localhost:6333/collections/nmk_chatbot_collection/points/scroll "HTTP/1.1 200 OK"
[2026-08-29 21:53:11] INFO - tools - Function 1 - Filtered 0 items referencing Article 9, Clause 2, Point c
[2026-08-29 21:53:11] INFO - httpx - HTTP Request: GET http://localhost:6333/collections "HTTP/1.1 200 OK"
[2026-08-29 21:53:11] INFO - vector_datatbase - Collection 'nmk_chatbot_collection' already exists.
[2026-08-29 21:53:11] INFO - httpx - HTTP Request: POST http://localhost:6333/collections/nmk_chatbot_collection/points/scroll "HTTP/1.1 200 OK"
[2026-08-29 21:53:11] INFO - tools - Function 1 - Filtered 1 items referencing Article 11, Clause 3, Point None
[2026-08-29 21:53:11] INFO - chat_engine - Total contextual document references: 8
[2026-08-29 21:53:11] INFO - chat_engine - Starting response generation stream from LLM...
[2026-08-29 21:53:11] ERROR - chat_engine - Error during LLM stream generation: LLMModel.generate_with_tools() got an unexpected keyword argument 'provider'
Traceback (most recent call last):
  File "C:\Nhat\HK6\processingPDF\llm\chat_engine.py", line 127, in chat
    for in_thinking, chunk in self.llm.generate_with_tools(formatted_messages, provider="cloud_ollama"):
                              ^^^^^^^^^^^^^^^^^^^^^^^^^^^^^^^^^^^^^^^^^^^^^^^^^^^^^^^^^^^^^^^^^^^^^^^^^
TypeError: LLMModel.generate_with_tools() got an unexpected keyword argument 'provider'
[2026-08-29 21:53:11] INFO - backend - Created new chat thread '6a92f2574d2529b67dc3faf4' for user '6a92721b53e10c2137be2ee0'
[2026-08-29 21:54:39] INFO - backend - Chat request received. User ID: '6a92721b53e10c2137be2ee0', Chat ID: '6a92f2574d2529b67dc3faf4'
[2026-08-29 21:54:39] INFO - chat_engine - Executing chat engine for query: 'Kéo xe người khác thì có sao không'
[2026-08-29 21:54:39] INFO - chat_engine - [QUERY NORMALIZATION] Original query: Kéo xe người khác thì có sao không
[2026-08-29 21:54:39] ERROR - chat_engine - Error during query normalization: LLMModel.generate_with_tools() got an unexpected keyword argument 'tools'
Traceback (most recent call last):
  File "C:\Nhat\HK6\processingPDF\llm\chat_engine.py", line 31, in normalize_query
    _, normalized = self.llm.generate_with_tools(
                    ^^^^^^^^^^^^^^^^^^^^^^^^^^^^^
TypeError: LLMModel.generate_with_tools() got an unexpected keyword argument 'tools'
[2026-08-29 21:54:39] INFO - chat_engine - [QUERY NORMALIZATION] Normalized query: Kéo xe người khác thì có sao không
[2026-08-29 21:54:39] INFO - embedding - Completed embedding texts 1
[2026-08-29 21:54:39] INFO - httpx - HTTP Request: GET http://localhost:6333/collections "HTTP/1.1 200 OK"
[2026-08-29 21:54:39] INFO - vector_datatbase - Collection 'nmk_chatbot_collection' already exists.
[2026-08-29 21:54:39] INFO - sparse_vector - Model loaded from vectorstore\bm25store\bm25store.pkl
[2026-08-29 21:54:39] INFO - httpx - HTTP Request: POST http://localhost:6333/collections/nmk_chatbot_collection/points/query "HTTP/1.1 200 OK"
[2026-08-29 21:54:39] INFO - retrieval - Successfully retrieved 5 items
[2026-08-29 21:54:39] INFO - chat_engine - Retrieved 5 primary documents from database.
[2026-08-29 21:54:39] INFO - httpx - HTTP Request: GET http://localhost:6333/collections "HTTP/1.1 200 OK"
[2026-08-29 21:54:39] INFO - vector_datatbase - Collection 'nmk_chatbot_collection' already exists.
[2026-08-29 21:54:39] INFO - httpx - HTTP Request: POST http://localhost:6333/collections/nmk_chatbot_collection/points/scroll "HTTP/1.1 200 OK"
[2026-08-29 21:54:39] INFO - tools - Function 1 - Filtered 2 items referencing Article 6, Clause 3, Point h
[2026-08-29 21:54:39] INFO - httpx - HTTP Request: GET http://localhost:6333/collections "HTTP/1.1 200 OK"
[2026-08-29 21:54:39] INFO - vector_datatbase - Collection 'nmk_chatbot_collection' already exists.
[2026-08-29 21:54:39] INFO - httpx - HTTP Request: POST http://localhost:6333/collections/nmk_chatbot_collection/points/scroll "HTTP/1.1 200 OK"
[2026-08-29 21:54:39] INFO - tools - Function 1 - Filtered 0 items referencing Article 11, Clause 1, Point e
[2026-08-29 21:54:39] INFO - httpx - HTTP Request: GET http://localhost:6333/collections "HTTP/1.1 200 OK"
[2026-08-29 21:54:39] INFO - vector_datatbase - Collection 'nmk_chatbot_collection' already exists.
[2026-08-29 21:54:39] INFO - httpx - HTTP Request: POST http://localhost:6333/collections/nmk_chatbot_collection/points/scroll "HTTP/1.1 200 OK"
[2026-08-29 21:54:39] INFO - tools - Function 1 - Filtered 0 items referencing Article 21, Clause 10, Point b
[2026-08-29 21:54:39] INFO - httpx - HTTP Request: GET http://localhost:6333/collections "HTTP/1.1 200 OK"
[2026-08-29 21:54:39] INFO - vector_datatbase - Collection 'nmk_chatbot_collection' already exists.
[2026-08-29 21:54:39] INFO - httpx - HTTP Request: POST http://localhost:6333/collections/nmk_chatbot_collection/points/scroll "HTTP/1.1 200 OK"
[2026-08-29 21:54:39] INFO - tools - Function 1 - Filtered 0 items referencing Article 9, Clause 2, Point c
[2026-08-29 21:54:39] INFO - httpx - HTTP Request: GET http://localhost:6333/collections "HTTP/1.1 200 OK"
[2026-08-29 21:54:39] INFO - vector_datatbase - Collection 'nmk_chatbot_collection' already exists.
[2026-08-29 21:54:39] INFO - httpx - HTTP Request: POST http://localhost:6333/collections/nmk_chatbot_collection/points/scroll "HTTP/1.1 200 OK"
[2026-08-29 21:54:39] INFO - tools - Function 1 - Filtered 1 items referencing Article 11, Clause 3, Point None
[2026-08-29 21:54:39] INFO - chat_engine - Total contextual document references: 8
[2026-08-29 21:54:39] INFO - chat_engine - Starting response generation stream from LLM...
[2026-08-29 21:54:39] ERROR - chat_engine - Error during LLM stream generation: LLMModel.generate_with_tools() got an unexpected keyword argument 'provider'
Traceback (most recent call last):
  File "C:\Nhat\HK6\processingPDF\llm\chat_engine.py", line 127, in chat
    for in_thinking, chunk in self.llm.generate(formatted_messages, stream=True):
                              ^^^^^^^^^^^^^^^^^^^^^^^^^^^^^^^^^^^^^^^^^^^^^^^^^^^^
TypeError: LLMModel.generate_with_tools() got an unexpected keyword argument 'provider'
[2026-08-29 21:55:15] INFO - backend - Successfully connected to MongoDB
[2026-08-29 21:55:33] INFO - llm - Initialized LLMModel with default provider: 'cloud_ollama'
[2026-08-29 21:55:33] INFO - llm - Active LLM Provider: Cloud Ollama (gpt-oss:120b) at https://ollama.com
[2026-08-29 21:56:45] INFO - backend - Chat request received. User ID: '6a92721b53e10c2137be2ee0', Chat ID: '6a92f2574d2529b67dc3faf4'
[2026-08-29 21:56:45] INFO - chat_engine - Executing chat engine for query: 'Kéo xe người khác thì có sao không'
[2026-08-29 21:56:45] INFO - chat_engine - [QUERY NORMALIZATION] Original query: Kéo xe người khác thì có sao không
[2026-08-29 21:56:45] ERROR - chat_engine - Error during query normalization: 'LLMModel' object has no attribute 'generate_with_tools'
Traceback (most recent call last):
  File "C:\Nhat\HK6\processingPDF\llm\chat_engine.py", line 31, in normalize_query
    _, normalized = self.llm.generate_with_tools(
                    ^^^^^^^^^^^^^^^^^^^^^^^^^^^^
AttributeError: 'LLMModel' object has no attribute 'generate_with_tools'
[2026-08-29 21:56:45] INFO - chat_engine - [QUERY NORMALIZATION] Normalized query: Kéo xe người khác thì có sao không
[2026-08-29 21:56:45] INFO - embedding - Loadding embeding model. mainguyen9/vietlegal-harrier-0.6b
[2026-08-29 21:56:45] INFO - sentence_transformers.base.model - No device provided, using cuda:0
[2026-08-29 21:56:46] INFO - httpx - HTTP Request: HEAD https://huggingface.co/mainguyen9/vietlegal-harrier-0.6b/resolve/main/modules.json "HTTP/1.1 307 Temporary Redirect"
[2026-08-29 21:56:46] WARNING - huggingface_hub.utils._http - Warning: You are sending unauthenticated requests to the HF Hub. Please set a HF_TOKEN to enable higher rate limits and faster downloads.
[2026-08-29 21:56:46] INFO - httpx - HTTP Request: HEAD https://huggingface.co/api/resolve-cache/models/mainguyen9/vietlegal-harrier-0.6b/91a0e1ebe4b63b4475bbae40658b8ca9231bea74/modules.json "HTTP/1.1 200 OK"
[2026-08-29 21:56:46] INFO - httpx - HTTP Request: HEAD https://huggingface.co/mainguyen9/vietlegal-harrier-0.6b/resolve/main/config_sentence_transformers.json "HTTP/1.1 307 Temporary Redirect"
[2026-08-29 21:56:46] INFO - httpx - HTTP Request: HEAD https://huggingface.co/api/resolve-cache/models/mainguyen9/vietlegal-harrier-0.6b/91a0e1ebe4b63b4475bbae40658b8ca9231bea74/config_sentence_transformers.json "HTTP/1.1 200 OK"
[2026-08-29 21:56:46] INFO - sentence_transformers.base.model - Loading SentenceTransformer model from mainguyen9/vietlegal-harrier-0.6b.
[2026-08-29 21:56:47] INFO - httpx - HTTP Request: HEAD https://huggingface.co/mainguyen9/vietlegal-harrier-0.6b/resolve/main/config_sentence_transformers.json "HTTP/1.1 307 Temporary Redirect"
[2026-08-29 21:56:47] INFO - httpx - HTTP Request: HEAD https://huggingface.co/api/resolve-cache/models/mainguyen9/vietlegal-harrier-0.6b/91a0e1ebe4b63b4475bbae40658b8ca9231bea74/config_sentence_transformers.json "HTTP/1.1 200 OK"
[2026-08-29 21:56:47] INFO - httpx - HTTP Request: HEAD https://huggingface.co/mainguyen9/vietlegal-harrier-0.6b/resolve/main/README.md "HTTP/1.1 307 Temporary Redirect"
[2026-08-29 21:56:47] INFO - httpx - HTTP Request: HEAD https://huggingface.co/api/resolve-cache/models/mainguyen9/vietlegal-harrier-0.6b/91a0e1ebe4b63b4475bbae40658b8ca9231bea74/README.md "HTTP/1.1 200 OK"
[2026-08-29 21:56:47] INFO - httpx - HTTP Request: HEAD https://huggingface.co/mainguyen9/vietlegal-harrier-0.6b/resolve/main/modules.json "HTTP/1.1 307 Temporary Redirect"
[2026-08-29 21:56:47] INFO - httpx - HTTP Request: HEAD https://huggingface.co/api/resolve-cache/models/mainguyen9/vietlegal-harrier-0.6b/91a0e1ebe4b63b4475bbae40658b8ca9231bea74/modules.json "HTTP/1.1 200 OK"
[2026-08-29 21:56:48] INFO - httpx - HTTP Request: HEAD https://huggingface.co/mainguyen9/vietlegal-harrier-0.6b/resolve/main/sentence_bert_config.json "HTTP/1.1 307 Temporary Redirect"
[2026-08-29 21:56:48] INFO - httpx - HTTP Request: HEAD https://huggingface.co/api/resolve-cache/models/mainguyen9/vietlegal-harrier-0.6b/91a0e1ebe4b63b4475bbae40658b8ca9231bea74/sentence_bert_config.json "HTTP/1.1 200 OK"
[2026-08-29 21:56:49] INFO - httpx - HTTP Request: HEAD https://huggingface.co/mainguyen9/vietlegal-harrier-0.6b/resolve/main/adapter_config.json "HTTP/1.1 404 Not Found"
[2026-08-29 21:56:49] INFO - httpx - HTTP Request: HEAD https://huggingface.co/mainguyen9/vietlegal-harrier-0.6b/resolve/main/config.json "HTTP/1.1 307 Temporary Redirect"
[2026-08-29 21:56:49] INFO - httpx - HTTP Request: HEAD https://huggingface.co/api/resolve-cache/models/mainguyen9/vietlegal-harrier-0.6b/91a0e1ebe4b63b4475bbae40658b8ca9231bea74/config.json "HTTP/1.1 200 OK"
[2026-08-29 21:56:49] INFO - httpx - HTTP Request: HEAD https://huggingface.co/mainguyen9/vietlegal-harrier-0.6b/resolve/main/config.json "HTTP/1.1 307 Temporary Redirect"
[2026-08-29 21:56:49] INFO - httpx - HTTP Request: HEAD https://huggingface.co/api/resolve-cache/models/mainguyen9/vietlegal-harrier-0.6b/91a0e1ebe4b63b4475bbae40658b8ca9231bea74/config.json "HTTP/1.1 200 OK"
[2026-08-29 21:56:50] INFO - httpx - HTTP Request: HEAD https://huggingface.co/mainguyen9/vietlegal-harrier-0.6b/resolve/main/processor_config.json "HTTP/1.1 404 Not Found"
[2026-08-29 21:56:51] INFO - httpx - HTTP Request: HEAD https://huggingface.co/mainguyen9/vietlegal-harrier-0.6b/resolve/main/preprocessor_config.json "HTTP/1.1 404 Not Found"
[2026-08-29 21:56:51] INFO - httpx - HTTP Request: HEAD https://huggingface.co/mainguyen9/vietlegal-harrier-0.6b/resolve/main/video_preprocessor_config.json "HTTP/1.1 404 Not Found"
[2026-08-29 21:56:51] INFO - httpx - HTTP Request: HEAD https://huggingface.co/mainguyen9/vietlegal-harrier-0.6b/resolve/main/preprocessor_config.json "HTTP/1.1 404 Not Found"
[2026-08-29 21:56:52] INFO - httpx - HTTP Request: HEAD https://huggingface.co/mainguyen9/vietlegal-harrier-0.6b/resolve/main/tokenizer_config.json "HTTP/1.1 307 Temporary Redirect"
[2026-08-29 21:56:52] INFO - httpx - HTTP Request: HEAD https://huggingface.co/api/resolve-cache/models/mainguyen9/vietlegal-harrier-0.6b/91a0e1ebe4b63b4475bbae40658b8ca9231bea74/tokenizer_config.json "HTTP/1.1 200 OK"
[2026-08-29 21:56:52] INFO - httpx - HTTP Request: HEAD https://huggingface.co/mainguyen9/vietlegal-harrier-0.6b/resolve/main/config.json "HTTP/1.1 307 Temporary Redirect"
[2026-08-29 21:56:52] INFO - httpx - HTTP Request: HEAD https://huggingface.co/api/resolve-cache/models/mainguyen9/vietlegal-harrier-0.6b/91a0e1ebe4b63b4475bbae40658b8ca9231bea74/config.json "HTTP/1.1 200 OK"
[2026-08-29 21:56:53] INFO - httpx - HTTP Request: HEAD https://huggingface.co/mainguyen9/vietlegal-harrier-0.6b/resolve/main/config.json "HTTP/1.1 307 Temporary Redirect"
[2026-08-29 21:56:53] INFO - httpx - HTTP Request: HEAD https://huggingface.co/api/resolve-cache/models/mainguyen9/vietlegal-harrier-0.6b/91a0e1ebe4b63b4475bbae40658b8ca9231bea74/config.json "HTTP/1.1 200 OK"
[2026-08-29 21:56:53] INFO - httpx - HTTP Request: HEAD https://huggingface.co/mainguyen9/vietlegal-harrier-0.6b/resolve/main/tokenizer_config.json "HTTP/1.1 307 Temporary Redirect"
[2026-08-29 21:56:53] INFO - httpx - HTTP Request: HEAD https://huggingface.co/api/resolve-cache/models/mainguyen9/vietlegal-harrier-0.6b/91a0e1ebe4b63b4475bbae40658b8ca9231bea74/tokenizer_config.json "HTTP/1.1 200 OK"
[2026-08-29 21:56:53] INFO - httpx - HTTP Request: GET https://huggingface.co/api/models/mainguyen9/vietlegal-harrier-0.6b/tree/main/additional_chat_templates?recursive=false&expand=false "HTTP/1.1 404 Not Found"
[2026-08-29 21:56:54] INFO - httpx - HTTP Request: GET https://huggingface.co/api/models/mainguyen9/vietlegal-harrier-0.6b/tree/main?recursive=true&expand=false "HTTP/1.1 200 OK"
[2026-08-29 21:56:55] INFO - httpx - HTTP Request: GET https://huggingface.co/api/models/mainguyen9/vietlegal-harrier-0.6b "HTTP/1.1 200 OK"
[2026-08-29 21:56:55] INFO - httpx - HTTP Request: HEAD https://huggingface.co/mainguyen9/vietlegal-harrier-0.6b/resolve/main/1_Pooling/config.json "HTTP/1.1 307 Temporary Redirect"
[2026-08-29 21:56:55] INFO - httpx - HTTP Request: HEAD https://huggingface.co/api/resolve-cache/models/mainguyen9/vietlegal-harrier-0.6b/91a0e1ebe4b63b4475bbae40658b8ca9231bea74/1_Pooling%2Fconfig.json "HTTP/1.1 200 OK"
[2026-08-29 21:56:55] INFO - httpx - HTTP Request: GET https://huggingface.co/api/models/mainguyen9/vietlegal-harrier-0.6b "HTTP/1.1 200 OK"
[2026-08-29 21:56:58] INFO - sentence_transformers.base.model - Loaded 1 prompt with these keys: ['query']
[2026-08-29 21:56:58] INFO - embedding - Completed embedding texts 1
[2026-08-29 21:56:58] INFO - vector_datatbase - Connecting to Qdrant via URL
[2026-08-29 21:56:59] INFO - httpx - HTTP Request: GET http://localhost:6333/collections "HTTP/1.1 200 OK"
[2026-08-29 21:56:59] INFO - vector_datatbase - Successfully connected to Qdrant
[2026-08-29 21:56:59] INFO - httpx - HTTP Request: GET http://localhost:6333/collections "HTTP/1.1 200 OK"
[2026-08-29 21:56:59] INFO - vector_datatbase - Collection 'nmk_chatbot_collection' already exists.
[2026-08-29 21:56:59] INFO - sparse_vector - Model loaded from vectorstore\bm25store\bm25store.pkl
[2026-08-29 21:56:59] INFO - httpx - HTTP Request: POST http://localhost:6333/collections/nmk_chatbot_collection/points/query "HTTP/1.1 200 OK"
[2026-08-29 21:56:59] INFO - retrieval - Successfully retrieved 5 items
[2026-08-29 21:56:59] INFO - chat_engine - Retrieved 5 primary documents from database.
[2026-08-29 21:56:59] INFO - httpx - HTTP Request: GET http://localhost:6333/collections "HTTP/1.1 200 OK"
[2026-08-29 21:56:59] INFO - vector_datatbase - Collection 'nmk_chatbot_collection' already exists.
[2026-08-29 21:56:59] INFO - httpx - HTTP Request: POST http://localhost:6333/collections/nmk_chatbot_collection/points/scroll "HTTP/1.1 200 OK"
[2026-08-29 21:56:59] INFO - tools - Function 1 - Filtered 2 items referencing Article 6, Clause 3, Point h
[2026-08-29 21:56:59] INFO - httpx - HTTP Request: GET http://localhost:6333/collections "HTTP/1.1 200 OK"
[2026-08-29 21:56:59] INFO - vector_datatbase - Collection 'nmk_chatbot_collection' already exists.
[2026-08-29 21:56:59] INFO - httpx - HTTP Request: POST http://localhost:6333/collections/nmk_chatbot_collection/points/scroll "HTTP/1.1 200 OK"
[2026-08-29 21:56:59] INFO - tools - Function 1 - Filtered 0 items referencing Article 11, Clause 1, Point e
[2026-08-29 21:56:59] INFO - httpx - HTTP Request: GET http://localhost:6333/collections "HTTP/1.1 200 OK"
[2026-08-29 21:56:59] INFO - vector_datatbase - Collection 'nmk_chatbot_collection' already exists.
[2026-08-29 21:56:59] INFO - httpx - HTTP Request: POST http://localhost:6333/collections/nmk_chatbot_collection/points/scroll "HTTP/1.1 200 OK"
[2026-08-29 21:56:59] INFO - tools - Function 1 - Filtered 0 items referencing Article 21, Clause 10, Point b
[2026-08-29 21:56:59] INFO - httpx - HTTP Request: GET http://localhost:6333/collections "HTTP/1.1 200 OK"
[2026-08-29 21:56:59] INFO - vector_datatbase - Collection 'nmk_chatbot_collection' already exists.
[2026-08-29 21:56:59] INFO - httpx - HTTP Request: POST http://localhost:6333/collections/nmk_chatbot_collection/points/scroll "HTTP/1.1 200 OK"
[2026-08-29 21:56:59] INFO - tools - Function 1 - Filtered 0 items referencing Article 9, Clause 2, Point c
[2026-08-29 21:56:59] INFO - httpx - HTTP Request: GET http://localhost:6333/collections "HTTP/1.1 200 OK"
[2026-08-29 21:56:59] INFO - vector_datatbase - Collection 'nmk_chatbot_collection' already exists.
[2026-08-29 21:56:59] INFO - httpx - HTTP Request: POST http://localhost:6333/collections/nmk_chatbot_collection/points/scroll "HTTP/1.1 200 OK"
[2026-08-29 21:56:59] INFO - tools - Function 1 - Filtered 0 items referencing Article 33, Clause 2, Point b
[2026-08-29 21:56:59] INFO - chat_engine - Total contextual document references: 7
[2026-08-29 21:56:59] INFO - chat_engine - Starting response generation stream from LLM...
[2026-08-29 21:56:59] INFO - httpx - HTTP Request: GET http://localhost:6333 "HTTP/1.1 200 OK"
[2026-08-29 21:57:00] INFO - httpx - HTTP Request: POST https://ollama.com/api/chat "HTTP/1.1 200 OK"
[2026-08-29 21:59:37] INFO - backend - Successfully connected to MongoDB
[2026-08-29 21:59:55] INFO - llm - Initialized LLMModel with default provider: 'cloud_ollama'
[2026-08-29 21:59:55] INFO - llm - Active LLM Provider: Cloud Ollama (gpt-oss:120b) at https://ollama.com
[2026-08-29 22:00:07] INFO - backend - Chat request received. User ID: '6a92721b53e10c2137be2ee0', Chat ID: '6a92f2574d2529b67dc3faf4'
[2026-08-29 22:00:07] INFO - chat_engine - Executing chat engine for query: 'Thử lại?'
[2026-08-29 22:00:07] INFO - chat_engine - [QUERY NORMALIZATION] Original query: Thử lại?
[2026-08-29 22:00:07] ERROR - chat_engine - Error during query normalization: 'LLMModel' object has no attribute 'generate_with_tools'
Traceback (most recent call last):
  File "C:\Nhat\HK6\processingPDF\llm\chat_engine.py", line 31, in normalize_query
    _, normalized = self.llm.generate_with_tools(
                    ^^^^^^^^^^^^^^^^^^^^^^^^^^^^
AttributeError: 'LLMModel' object has no attribute 'generate_with_tools'
[2026-08-29 22:00:07] INFO - chat_engine - [QUERY NORMALIZATION] Normalized query: Thử lại?
[2026-08-29 22:00:07] INFO - embedding - Loadding embeding model. mainguyen9/vietlegal-harrier-0.6b
[2026-08-29 22:00:07] INFO - sentence_transformers.base.model - No device provided, using cuda:0
[2026-08-29 22:00:08] INFO - httpx - HTTP Request: HEAD https://huggingface.co/mainguyen9/vietlegal-harrier-0.6b/resolve/main/modules.json "HTTP/1.1 307 Temporary Redirect"
[2026-08-29 22:00:08] WARNING - huggingface_hub.utils._http - Warning: You are sending unauthenticated requests to the HF Hub. Please set a HF_TOKEN to enable higher rate limits and faster downloads.
[2026-08-29 22:00:08] INFO - httpx - HTTP Request: HEAD https://huggingface.co/api/resolve-cache/models/mainguyen9/vietlegal-harrier-0.6b/91a0e1ebe4b63b4475bbae40658b8ca9231bea74/modules.json "HTTP/1.1 200 OK"
[2026-08-29 22:00:08] INFO - httpx - HTTP Request: HEAD https://huggingface.co/mainguyen9/vietlegal-harrier-0.6b/resolve/main/config_sentence_transformers.json "HTTP/1.1 307 Temporary Redirect"
[2026-08-29 22:00:08] INFO - httpx - HTTP Request: HEAD https://huggingface.co/api/resolve-cache/models/mainguyen9/vietlegal-harrier-0.6b/91a0e1ebe4b63b4475bbae40658b8ca9231bea74/config_sentence_transformers.json "HTTP/1.1 200 OK"
[2026-08-29 22:00:08] INFO - sentence_transformers.base.model - Loading SentenceTransformer model from mainguyen9/vietlegal-harrier-0.6b.
[2026-08-29 22:00:09] INFO - httpx - HTTP Request: HEAD https://huggingface.co/mainguyen9/vietlegal-harrier-0.6b/resolve/main/config_sentence_transformers.json "HTTP/1.1 307 Temporary Redirect"
[2026-08-29 22:00:09] INFO - httpx - HTTP Request: HEAD https://huggingface.co/api/resolve-cache/models/mainguyen9/vietlegal-harrier-0.6b/91a0e1ebe4b63b4475bbae40658b8ca9231bea74/config_sentence_transformers.json "HTTP/1.1 200 OK"
[2026-08-29 22:00:09] INFO - httpx - HTTP Request: HEAD https://huggingface.co/mainguyen9/vietlegal-harrier-0.6b/resolve/main/README.md "HTTP/1.1 307 Temporary Redirect"
[2026-08-29 22:00:09] INFO - httpx - HTTP Request: HEAD https://huggingface.co/api/resolve-cache/models/mainguyen9/vietlegal-harrier-0.6b/91a0e1ebe4b63b4475bbae40658b8ca9231bea74/README.md "HTTP/1.1 200 OK"
[2026-08-29 22:00:10] INFO - httpx - HTTP Request: HEAD https://huggingface.co/mainguyen9/vietlegal-harrier-0.6b/resolve/main/modules.json "HTTP/1.1 307 Temporary Redirect"
[2026-08-29 22:00:10] INFO - httpx - HTTP Request: HEAD https://huggingface.co/api/resolve-cache/models/mainguyen9/vietlegal-harrier-0.6b/91a0e1ebe4b63b4475bbae40658b8ca9231bea74/modules.json "HTTP/1.1 200 OK"
[2026-08-29 22:00:10] INFO - httpx - HTTP Request: HEAD https://huggingface.co/mainguyen9/vietlegal-harrier-0.6b/resolve/main/sentence_bert_config.json "HTTP/1.1 307 Temporary Redirect"
[2026-08-29 22:00:10] INFO - httpx - HTTP Request: HEAD https://huggingface.co/api/resolve-cache/models/mainguyen9/vietlegal-harrier-0.6b/91a0e1ebe4b63b4475bbae40658b8ca9231bea74/sentence_bert_config.json "HTTP/1.1 200 OK"
[2026-08-29 22:00:11] INFO - httpx - HTTP Request: HEAD https://huggingface.co/mainguyen9/vietlegal-harrier-0.6b/resolve/main/adapter_config.json "HTTP/1.1 404 Not Found"
[2026-08-29 22:00:11] INFO - httpx - HTTP Request: HEAD https://huggingface.co/mainguyen9/vietlegal-harrier-0.6b/resolve/main/config.json "HTTP/1.1 307 Temporary Redirect"
[2026-08-29 22:00:11] INFO - httpx - HTTP Request: HEAD https://huggingface.co/api/resolve-cache/models/mainguyen9/vietlegal-harrier-0.6b/91a0e1ebe4b63b4475bbae40658b8ca9231bea74/config.json "HTTP/1.1 200 OK"
[2026-08-29 22:00:11] INFO - httpx - HTTP Request: HEAD https://huggingface.co/mainguyen9/vietlegal-harrier-0.6b/resolve/main/config.json "HTTP/1.1 307 Temporary Redirect"
[2026-08-29 22:00:11] INFO - httpx - HTTP Request: HEAD https://huggingface.co/api/resolve-cache/models/mainguyen9/vietlegal-harrier-0.6b/91a0e1ebe4b63b4475bbae40658b8ca9231bea74/config.json "HTTP/1.1 200 OK"
[2026-08-29 22:00:12] INFO - httpx - HTTP Request: HEAD https://huggingface.co/mainguyen9/vietlegal-harrier-0.6b/resolve/main/processor_config.json "HTTP/1.1 404 Not Found"
[2026-08-29 22:00:13] INFO - httpx - HTTP Request: HEAD https://huggingface.co/mainguyen9/vietlegal-harrier-0.6b/resolve/main/preprocessor_config.json "HTTP/1.1 404 Not Found"
[2026-08-29 22:00:13] INFO - httpx - HTTP Request: HEAD https://huggingface.co/mainguyen9/vietlegal-harrier-0.6b/resolve/main/video_preprocessor_config.json "HTTP/1.1 404 Not Found"
[2026-08-29 22:00:14] INFO - httpx - HTTP Request: HEAD https://huggingface.co/mainguyen9/vietlegal-harrier-0.6b/resolve/main/preprocessor_config.json "HTTP/1.1 404 Not Found"
[2026-08-29 22:00:14] INFO - httpx - HTTP Request: HEAD https://huggingface.co/mainguyen9/vietlegal-harrier-0.6b/resolve/main/tokenizer_config.json "HTTP/1.1 307 Temporary Redirect"
[2026-08-29 22:00:14] INFO - httpx - HTTP Request: HEAD https://huggingface.co/api/resolve-cache/models/mainguyen9/vietlegal-harrier-0.6b/91a0e1ebe4b63b4475bbae40658b8ca9231bea74/tokenizer_config.json "HTTP/1.1 200 OK"
[2026-08-29 22:00:14] INFO - httpx - HTTP Request: HEAD https://huggingface.co/mainguyen9/vietlegal-harrier-0.6b/resolve/main/config.json "HTTP/1.1 307 Temporary Redirect"
[2026-08-29 22:00:14] INFO - httpx - HTTP Request: HEAD https://huggingface.co/api/resolve-cache/models/mainguyen9/vietlegal-harrier-0.6b/91a0e1ebe4b63b4475bbae40658b8ca9231bea74/config.json "HTTP/1.1 200 OK"
[2026-08-29 22:00:15] INFO - httpx - HTTP Request: HEAD https://huggingface.co/mainguyen9/vietlegal-harrier-0.6b/resolve/main/config.json "HTTP/1.1 307 Temporary Redirect"
[2026-08-29 22:00:15] INFO - httpx - HTTP Request: HEAD https://huggingface.co/api/resolve-cache/models/mainguyen9/vietlegal-harrier-0.6b/91a0e1ebe4b63b4475bbae40658b8ca9231bea74/config.json "HTTP/1.1 200 OK"
[2026-08-29 22:00:16] INFO - httpx - HTTP Request: HEAD https://huggingface.co/mainguyen9/vietlegal-harrier-0.6b/resolve/main/tokenizer_config.json "HTTP/1.1 307 Temporary Redirect"
[2026-08-29 22:00:16] INFO - httpx - HTTP Request: HEAD https://huggingface.co/api/resolve-cache/models/mainguyen9/vietlegal-harrier-0.6b/91a0e1ebe4b63b4475bbae40658b8ca9231bea74/tokenizer_config.json "HTTP/1.1 200 OK"
[2026-08-29 22:00:16] INFO - httpx - HTTP Request: GET https://huggingface.co/api/models/mainguyen9/vietlegal-harrier-0.6b/tree/main/additional_chat_templates?recursive=false&expand=false "HTTP/1.1 404 Not Found"
[2026-08-29 22:00:16] INFO - httpx - HTTP Request: GET https://huggingface.co/api/models/mainguyen9/vietlegal-harrier-0.6b/tree/main?recursive=true&expand=false "HTTP/1.1 200 OK"
[2026-08-29 22:00:17] INFO - httpx - HTTP Request: GET https://huggingface.co/api/models/mainguyen9/vietlegal-harrier-0.6b "HTTP/1.1 200 OK"
[2026-08-29 22:00:17] INFO - httpx - HTTP Request: HEAD https://huggingface.co/mainguyen9/vietlegal-harrier-0.6b/resolve/main/1_Pooling/config.json "HTTP/1.1 307 Temporary Redirect"
[2026-08-29 22:00:18] INFO - httpx - HTTP Request: HEAD https://huggingface.co/api/resolve-cache/models/mainguyen9/vietlegal-harrier-0.6b/91a0e1ebe4b63b4475bbae40658b8ca9231bea74/1_Pooling%2Fconfig.json "HTTP/1.1 200 OK"
[2026-08-29 22:00:18] INFO - httpx - HTTP Request: GET https://huggingface.co/api/models/mainguyen9/vietlegal-harrier-0.6b "HTTP/1.1 200 OK"
[2026-08-29 22:00:20] INFO - sentence_transformers.base.model - Loaded 1 prompt with these keys: ['query']
[2026-08-29 22:00:21] INFO - embedding - Completed embedding texts 1
[2026-08-29 22:00:21] INFO - vector_datatbase - Connecting to Qdrant via URL
[2026-08-29 22:00:21] INFO - httpx - HTTP Request: GET http://localhost:6333/collections "HTTP/1.1 200 OK"
[2026-08-29 22:00:21] INFO - vector_datatbase - Successfully connected to Qdrant
[2026-08-29 22:00:21] INFO - httpx - HTTP Request: GET http://localhost:6333/collections "HTTP/1.1 200 OK"
[2026-08-29 22:00:21] INFO - vector_datatbase - Collection 'nmk_chatbot_collection' already exists.
[2026-08-29 22:00:21] INFO - sparse_vector - Model loaded from vectorstore\bm25store\bm25store.pkl
[2026-08-29 22:00:21] INFO - httpx - HTTP Request: POST http://localhost:6333/collections/nmk_chatbot_collection/points/query "HTTP/1.1 200 OK"
[2026-08-29 22:00:21] INFO - retrieval - Successfully retrieved 5 items
[2026-08-29 22:00:21] INFO - chat_engine - Retrieved 5 primary documents from database.
[2026-08-29 22:00:21] INFO - httpx - HTTP Request: GET http://localhost:6333/collections "HTTP/1.1 200 OK"
[2026-08-29 22:00:21] INFO - vector_datatbase - Collection 'nmk_chatbot_collection' already exists.
[2026-08-29 22:00:21] INFO - httpx - HTTP Request: POST http://localhost:6333/collections/nmk_chatbot_collection/points/scroll "HTTP/1.1 200 OK"
[2026-08-29 22:00:21] INFO - tools - Function 1 - Filtered 0 items referencing Article 2, Clause 5, Point None
[2026-08-29 22:00:21] INFO - httpx - HTTP Request: GET http://localhost:6333/collections "HTTP/1.1 200 OK"
[2026-08-29 22:00:21] INFO - vector_datatbase - Collection 'nmk_chatbot_collection' already exists.
[2026-08-29 22:00:21] INFO - httpx - HTTP Request: POST http://localhost:6333/collections/nmk_chatbot_collection/points/scroll "HTTP/1.1 200 OK"
[2026-08-29 22:00:21] INFO - tools - Function 1 - Filtered 0 items referencing Article 50, Clause 1, Point c
[2026-08-29 22:00:21] INFO - httpx - HTTP Request: GET http://localhost:6333/collections "HTTP/1.1 200 OK"
[2026-08-29 22:00:21] INFO - vector_datatbase - Collection 'nmk_chatbot_collection' already exists.
[2026-08-29 22:00:21] INFO - httpx - HTTP Request: POST http://localhost:6333/collections/nmk_chatbot_collection/points/scroll "HTTP/1.1 200 OK"
[2026-08-29 22:00:21] INFO - tools - Function 1 - Filtered 0 items referencing Article 51, Clause 3, Point a
[2026-08-29 22:00:22] INFO - httpx - HTTP Request: GET http://localhost:6333/collections "HTTP/1.1 200 OK"
[2026-08-29 22:00:22] INFO - vector_datatbase - Collection 'nmk_chatbot_collection' already exists.
[2026-08-29 22:00:22] INFO - httpx - HTTP Request: POST http://localhost:6333/collections/nmk_chatbot_collection/points/scroll "HTTP/1.1 200 OK"
[2026-08-29 22:00:22] INFO - tools - Function 1 - Filtered 1 items referencing Article 3, Clause 3, Point p
[2026-08-29 22:00:22] INFO - httpx - HTTP Request: GET http://localhost:6333/collections "HTTP/1.1 200 OK"
[2026-08-29 22:00:22] INFO - vector_datatbase - Collection 'nmk_chatbot_collection' already exists.
[2026-08-29 22:00:22] INFO - httpx - HTTP Request: POST http://localhost:6333/collections/nmk_chatbot_collection/points/scroll "HTTP/1.1 200 OK"
[2026-08-29 22:00:22] INFO - tools - Function 1 - Filtered 0 items referencing Article 54, Clause 2, Point None
[2026-08-29 22:00:22] INFO - chat_engine - Total contextual document references: 6
[2026-08-29 22:00:22] INFO - chat_engine - Starting response generation stream from LLM...
[2026-08-29 22:00:22] INFO - httpx - HTTP Request: GET http://localhost:6333 "HTTP/1.1 200 OK"
[2026-08-29 22:00:23] INFO - httpx - HTTP Request: POST https://ollama.com/api/chat "HTTP/1.1 200 OK"
[2026-08-29 22:02:33] INFO - backend - Successfully connected to MongoDB
[2026-08-29 22:02:51] INFO - llm - Initialized LLMModel with default provider: 'cloud_ollama'
[2026-08-29 22:02:51] INFO - llm - Active LLM Provider: Cloud Ollama (gpt-oss:120b) at https://ollama.com
[2026-08-29 22:03:19] INFO - backend - Chat request received. User ID: '6a92721b53e10c2137be2ee0', Chat ID: 'None'
[2026-08-29 22:03:19] INFO - chat_engine - Executing chat engine for query: 'Kéo xe người khác thì có sao không?'
[2026-08-29 22:03:19] INFO - chat_engine - [QUERY NORMALIZATION] Original query: Kéo xe người khác thì có sao không?
[2026-08-29 22:03:19] ERROR - chat_engine - Error during query normalization: 'LLMModel' object has no attribute 'generate_with_tools'
Traceback (most recent call last):
  File "C:\Nhat\HK6\processingPDF\llm\chat_engine.py", line 31, in normalize_query
    _, normalized = self.llm.generate_with_tools(
                    ^^^^^^^^^^^^^^^^^^^^^^^^^^^^
AttributeError: 'LLMModel' object has no attribute 'generate_with_tools'
[2026-08-29 22:03:19] INFO - chat_engine - [QUERY NORMALIZATION] Normalized query: Kéo xe người khác thì có sao không?
[2026-08-29 22:03:19] INFO - embedding - Loadding embeding model. mainguyen9/vietlegal-harrier-0.6b
[2026-08-29 22:03:19] INFO - sentence_transformers.base.model - No device provided, using cuda:0
[2026-08-29 22:03:20] INFO - httpx - HTTP Request: HEAD https://huggingface.co/mainguyen9/vietlegal-harrier-0.6b/resolve/main/modules.json "HTTP/1.1 307 Temporary Redirect"
[2026-08-29 22:03:20] WARNING - huggingface_hub.utils._http - Warning: You are sending unauthenticated requests to the HF Hub. Please set a HF_TOKEN to enable higher rate limits and faster downloads.
[2026-08-29 22:03:21] INFO - httpx - HTTP Request: HEAD https://huggingface.co/api/resolve-cache/models/mainguyen9/vietlegal-harrier-0.6b/91a0e1ebe4b63b4475bbae40658b8ca9231bea74/modules.json "HTTP/1.1 200 OK"
[2026-08-29 22:03:21] INFO - httpx - HTTP Request: HEAD https://huggingface.co/mainguyen9/vietlegal-harrier-0.6b/resolve/main/config_sentence_transformers.json "HTTP/1.1 307 Temporary Redirect"
[2026-08-29 22:03:21] INFO - httpx - HTTP Request: HEAD https://huggingface.co/api/resolve-cache/models/mainguyen9/vietlegal-harrier-0.6b/91a0e1ebe4b63b4475bbae40658b8ca9231bea74/config_sentence_transformers.json "HTTP/1.1 200 OK"
[2026-08-29 22:03:21] INFO - sentence_transformers.base.model - Loading SentenceTransformer model from mainguyen9/vietlegal-harrier-0.6b.
[2026-08-29 22:03:22] INFO - httpx - HTTP Request: HEAD https://huggingface.co/mainguyen9/vietlegal-harrier-0.6b/resolve/main/config_sentence_transformers.json "HTTP/1.1 307 Temporary Redirect"
[2026-08-29 22:03:22] INFO - httpx - HTTP Request: HEAD https://huggingface.co/api/resolve-cache/models/mainguyen9/vietlegal-harrier-0.6b/91a0e1ebe4b63b4475bbae40658b8ca9231bea74/config_sentence_transformers.json "HTTP/1.1 200 OK"
[2026-08-29 22:03:22] INFO - httpx - HTTP Request: HEAD https://huggingface.co/mainguyen9/vietlegal-harrier-0.6b/resolve/main/README.md "HTTP/1.1 307 Temporary Redirect"
[2026-08-29 22:03:23] INFO - httpx - HTTP Request: HEAD https://huggingface.co/api/resolve-cache/models/mainguyen9/vietlegal-harrier-0.6b/91a0e1ebe4b63b4475bbae40658b8ca9231bea74/README.md "HTTP/1.1 200 OK"
[2026-08-29 22:03:23] INFO - httpx - HTTP Request: HEAD https://huggingface.co/mainguyen9/vietlegal-harrier-0.6b/resolve/main/modules.json "HTTP/1.1 307 Temporary Redirect"
[2026-08-29 22:03:23] INFO - httpx - HTTP Request: HEAD https://huggingface.co/api/resolve-cache/models/mainguyen9/vietlegal-harrier-0.6b/91a0e1ebe4b63b4475bbae40658b8ca9231bea74/modules.json "HTTP/1.1 200 OK"
[2026-08-29 22:03:24] INFO - httpx - HTTP Request: HEAD https://huggingface.co/mainguyen9/vietlegal-harrier-0.6b/resolve/main/sentence_bert_config.json "HTTP/1.1 307 Temporary Redirect"
[2026-08-29 22:03:24] INFO - httpx - HTTP Request: HEAD https://huggingface.co/api/resolve-cache/models/mainguyen9/vietlegal-harrier-0.6b/91a0e1ebe4b63b4475bbae40658b8ca9231bea74/sentence_bert_config.json "HTTP/1.1 200 OK"
[2026-08-29 22:03:24] INFO - httpx - HTTP Request: HEAD https://huggingface.co/mainguyen9/vietlegal-harrier-0.6b/resolve/main/adapter_config.json "HTTP/1.1 404 Not Found"
[2026-08-29 22:03:25] INFO - httpx - HTTP Request: HEAD https://huggingface.co/mainguyen9/vietlegal-harrier-0.6b/resolve/main/config.json "HTTP/1.1 307 Temporary Redirect"
[2026-08-29 22:03:25] INFO - httpx - HTTP Request: HEAD https://huggingface.co/api/resolve-cache/models/mainguyen9/vietlegal-harrier-0.6b/91a0e1ebe4b63b4475bbae40658b8ca9231bea74/config.json "HTTP/1.1 200 OK"
[2026-08-29 22:03:26] INFO - httpx - HTTP Request: HEAD https://huggingface.co/mainguyen9/vietlegal-harrier-0.6b/resolve/main/config.json "HTTP/1.1 307 Temporary Redirect"
[2026-08-29 22:03:26] INFO - httpx - HTTP Request: HEAD https://huggingface.co/api/resolve-cache/models/mainguyen9/vietlegal-harrier-0.6b/91a0e1ebe4b63b4475bbae40658b8ca9231bea74/config.json "HTTP/1.1 200 OK"
[2026-08-29 22:03:26] INFO - httpx - HTTP Request: HEAD https://huggingface.co/mainguyen9/vietlegal-harrier-0.6b/resolve/main/processor_config.json "HTTP/1.1 404 Not Found"
[2026-08-29 22:03:27] INFO - httpx - HTTP Request: HEAD https://huggingface.co/mainguyen9/vietlegal-harrier-0.6b/resolve/main/preprocessor_config.json "HTTP/1.1 404 Not Found"
[2026-08-29 22:03:27] INFO - httpx - HTTP Request: HEAD https://huggingface.co/mainguyen9/vietlegal-harrier-0.6b/resolve/main/video_preprocessor_config.json "HTTP/1.1 404 Not Found"
[2026-08-29 22:03:28] INFO - httpx - HTTP Request: HEAD https://huggingface.co/mainguyen9/vietlegal-harrier-0.6b/resolve/main/preprocessor_config.json "HTTP/1.1 404 Not Found"
[2026-08-29 22:03:28] INFO - httpx - HTTP Request: HEAD https://huggingface.co/mainguyen9/vietlegal-harrier-0.6b/resolve/main/tokenizer_config.json "HTTP/1.1 307 Temporary Redirect"
[2026-08-29 22:03:28] INFO - httpx - HTTP Request: HEAD https://huggingface.co/api/resolve-cache/models/mainguyen9/vietlegal-harrier-0.6b/91a0e1ebe4b63b4475bbae40658b8ca9231bea74/tokenizer_config.json "HTTP/1.1 200 OK"
[2026-08-29 22:03:29] INFO - httpx - HTTP Request: HEAD https://huggingface.co/mainguyen9/vietlegal-harrier-0.6b/resolve/main/config.json "HTTP/1.1 307 Temporary Redirect"
[2026-08-29 22:03:29] INFO - httpx - HTTP Request: HEAD https://huggingface.co/api/resolve-cache/models/mainguyen9/vietlegal-harrier-0.6b/91a0e1ebe4b63b4475bbae40658b8ca9231bea74/config.json "HTTP/1.1 200 OK"
[2026-08-29 22:03:30] INFO - httpx - HTTP Request: HEAD https://huggingface.co/mainguyen9/vietlegal-harrier-0.6b/resolve/main/config.json "HTTP/1.1 307 Temporary Redirect"
[2026-08-29 22:03:30] INFO - httpx - HTTP Request: HEAD https://huggingface.co/api/resolve-cache/models/mainguyen9/vietlegal-harrier-0.6b/91a0e1ebe4b63b4475bbae40658b8ca9231bea74/config.json "HTTP/1.1 200 OK"
[2026-08-29 22:03:30] INFO - httpx - HTTP Request: HEAD https://huggingface.co/mainguyen9/vietlegal-harrier-0.6b/resolve/main/tokenizer_config.json "HTTP/1.1 307 Temporary Redirect"
[2026-08-29 22:03:31] INFO - httpx - HTTP Request: HEAD https://huggingface.co/api/resolve-cache/models/mainguyen9/vietlegal-harrier-0.6b/91a0e1ebe4b63b4475bbae40658b8ca9231bea74/tokenizer_config.json "HTTP/1.1 200 OK"
[2026-08-29 22:03:31] INFO - httpx - HTTP Request: GET https://huggingface.co/api/models/mainguyen9/vietlegal-harrier-0.6b/tree/main/additional_chat_templates?recursive=false&expand=false "HTTP/1.1 404 Not Found"
[2026-08-29 22:03:31] INFO - httpx - HTTP Request: GET https://huggingface.co/api/models/mainguyen9/vietlegal-harrier-0.6b/tree/main?recursive=true&expand=false "HTTP/1.1 200 OK"
[2026-08-29 22:03:33] INFO - httpx - HTTP Request: GET https://huggingface.co/api/models/mainguyen9/vietlegal-harrier-0.6b "HTTP/1.1 200 OK"
[2026-08-29 22:03:33] INFO - httpx - HTTP Request: HEAD https://huggingface.co/mainguyen9/vietlegal-harrier-0.6b/resolve/main/1_Pooling/config.json "HTTP/1.1 307 Temporary Redirect"
[2026-08-29 22:03:33] INFO - httpx - HTTP Request: HEAD https://huggingface.co/api/resolve-cache/models/mainguyen9/vietlegal-harrier-0.6b/91a0e1ebe4b63b4475bbae40658b8ca9231bea74/1_Pooling%2Fconfig.json "HTTP/1.1 200 OK"
[2026-08-29 22:03:34] INFO - httpx - HTTP Request: GET https://huggingface.co/api/models/mainguyen9/vietlegal-harrier-0.6b "HTTP/1.1 200 OK"
[2026-08-29 22:03:36] INFO - sentence_transformers.base.model - Loaded 1 prompt with these keys: ['query']
[2026-08-29 22:03:36] INFO - embedding - Completed embedding texts 1
[2026-08-29 22:03:36] INFO - vector_datatbase - Connecting to Qdrant via URL
[2026-08-29 22:03:36] INFO - httpx - HTTP Request: GET http://localhost:6333/collections "HTTP/1.1 200 OK"
[2026-08-29 22:03:36] INFO - vector_datatbase - Successfully connected to Qdrant
[2026-08-29 22:03:36] INFO - httpx - HTTP Request: GET http://localhost:6333/collections "HTTP/1.1 200 OK"
[2026-08-29 22:03:36] INFO - vector_datatbase - Collection 'nmk_chatbot_collection' already exists.
[2026-08-29 22:03:36] INFO - sparse_vector - Model loaded from vectorstore\bm25store\bm25store.pkl
[2026-08-29 22:03:36] INFO - httpx - HTTP Request: POST http://localhost:6333/collections/nmk_chatbot_collection/points/query "HTTP/1.1 200 OK"
[2026-08-29 22:03:36] INFO - retrieval - Successfully retrieved 5 items
[2026-08-29 22:03:36] INFO - chat_engine - Retrieved 5 primary documents from database.
[2026-08-29 22:03:36] INFO - httpx - HTTP Request: GET http://localhost:6333/collections "HTTP/1.1 200 OK"
[2026-08-29 22:03:36] INFO - vector_datatbase - Collection 'nmk_chatbot_collection' already exists.
[2026-08-29 22:03:36] INFO - httpx - HTTP Request: POST http://localhost:6333/collections/nmk_chatbot_collection/points/scroll "HTTP/1.1 200 OK"
[2026-08-29 22:03:36] INFO - tools - Function 1 - Filtered 2 items referencing Article 6, Clause 3, Point h
[2026-08-29 22:03:36] INFO - httpx - HTTP Request: GET http://localhost:6333/collections "HTTP/1.1 200 OK"
[2026-08-29 22:03:36] INFO - vector_datatbase - Collection 'nmk_chatbot_collection' already exists.
[2026-08-29 22:03:36] INFO - httpx - HTTP Request: POST http://localhost:6333/collections/nmk_chatbot_collection/points/scroll "HTTP/1.1 200 OK"
[2026-08-29 22:03:36] INFO - tools - Function 1 - Filtered 0 items referencing Article 9, Clause 2, Point c
[2026-08-29 22:03:36] INFO - httpx - HTTP Request: GET http://localhost:6333/collections "HTTP/1.1 200 OK"
[2026-08-29 22:03:36] INFO - vector_datatbase - Collection 'nmk_chatbot_collection' already exists.
[2026-08-29 22:03:36] INFO - httpx - HTTP Request: POST http://localhost:6333/collections/nmk_chatbot_collection/points/scroll "HTTP/1.1 200 OK"
[2026-08-29 22:03:36] INFO - tools - Function 1 - Filtered 0 items referencing Article 12, Clause 5, Point a
[2026-08-29 22:03:36] INFO - httpx - HTTP Request: GET http://localhost:6333/collections "HTTP/1.1 200 OK"
[2026-08-29 22:03:36] INFO - vector_datatbase - Collection 'nmk_chatbot_collection' already exists.
[2026-08-29 22:03:36] INFO - httpx - HTTP Request: POST http://localhost:6333/collections/nmk_chatbot_collection/points/scroll "HTTP/1.1 200 OK"
[2026-08-29 22:03:36] INFO - tools - Function 1 - Filtered 0 items referencing Article 33, Clause 2, Point b
[2026-08-29 22:03:36] INFO - httpx - HTTP Request: GET http://localhost:6333/collections "HTTP/1.1 200 OK"
[2026-08-29 22:03:36] INFO - vector_datatbase - Collection 'nmk_chatbot_collection' already exists.
[2026-08-29 22:03:36] INFO - httpx - HTTP Request: POST http://localhost:6333/collections/nmk_chatbot_collection/points/scroll "HTTP/1.1 200 OK"
[2026-08-29 22:03:36] INFO - tools - Function 1 - Filtered 0 items referencing Article 11, Clause 1, Point e
[2026-08-29 22:03:36] INFO - chat_engine - Total contextual document references: 7
[2026-08-29 22:03:36] INFO - chat_engine - Starting response generation stream from LLM...
[2026-08-29 22:03:37] INFO - httpx - HTTP Request: GET http://localhost:6333 "HTTP/1.1 200 OK"
[2026-08-29 22:03:38] INFO - httpx - HTTP Request: POST https://ollama.com/api/chat "HTTP/1.1 200 OK"
[2026-08-29 22:03:49] INFO - backend - Created new chat thread '6a92f4d5a4e277d4f35d8aba' for user '6a92721b53e10c2137be2ee0'
